cloverItemId,name,cloverCategory,priceCAD,stockCount,recordType,suggestedSiteCategory,suggestedCloverCategory,cloverChange,confidence,brand,cleanNameFr,reason,action
EKT06SQH4719M,Cinnamon Tree Frog,Amphibien,125.00,0,animal,,Amphibien,Mantener,high,,Cinnamon Tree Frog,"Categoría Clover animal existente — mantener ""Amphibien""",Créer Animal (no Product)
WTD4H5JW8EE3R,Cobalt BB,Amphibien,75.00,0,animal,,Amphibien,Mantener,high,,Cobalt BB,"Categoría Clover animal existente — mantener ""Amphibien""",Créer Animal (no Product)
031RPGERJNCMA,Crapaud Pipa Pipa,Amphibien,139.99,0,animal,,Amphibien,Mantener,high,,Crapaud Pipa Pipa,"Categoría Clover animal existente — mantener ""Amphibien""",Créer Animal (no Product)
CA2D7QAFTK9B6,Dendrobate Auratus Green and Black,Amphibien,75.00,0,animal,,Amphibien,Mantener,high,,Dendrobate Auratus Green and Black,"Categoría Clover animal existente — mantener ""Amphibien""",Créer Animal (no Product)
5YT0011FXF9R2,Dendrobate Auratus Microspot,Amphibien,75.00,0,animal,,Amphibien,Mantener,high,,Dendrobate Auratus Microspot,"Categoría Clover animal existente — mantener ""Amphibien""",Créer Animal (no Product)
0GMB84N5MZB5W,Dendrobate Leucomelas (Noir et Jaune),Amphibien,75.00,0,animal,,Amphibien,Mantener,high,,Dendrobate Leucomelas (Noir et Jaune),"Categoría Clover animal existente — mantener ""Amphibien""",Créer Animal (no Product)
6ED7SC2HRTZTW,Dendrobate Oophaga Pumilio,Amphibien,135.00,0,animal,,Amphibien,Mantener,high,,Dendrobate Oophaga Pumilio,"Categoría Clover animal existente — mantener ""Amphibien""",Créer Animal (no Product)
47C4HRAE2J000,Dendrobate Phyllobate Aurotaenia,Amphibien,75.00,0,animal,,Amphibien,Mantener,high,,Dendrobate Phyllobate Aurotaenia,"Categoría Clover animal existente — mantener ""Amphibien""",Créer Animal (no Product)
0W2HQV729C82W,Dendrobate Tinctorius Patricia (Bleu et Jaune),Amphibien,90.00,0,animal,,Amphibien,Mantener,high,,Dendrobate Tinctorius Patricia (Bleu et Jaune),"Categoría Clover animal existente — mantener ""Amphibien""",Créer Animal (no Product)
N0R6RF22G92N2,Dendrobate Tinctorius Yellow Back,Amphibien,125.00,0,animal,,Amphibien,Mantener,high,,Dendrobate Tinctorius Yellow Back,"Categoría Clover animal existente — mantener ""Amphibien""",Créer Animal (no Product)
HRK8FKC1XPK4E,Dendrobates Phyllobates Terribilis (Jaune),Amphibien,100.00,0,animal,,Amphibien,Mantener,high,,Dendrobates Phyllobates Terribilis (Jaune),"Categoría Clover animal existente — mantener ""Amphibien""",Créer Animal (no Product)
AA938R2R948JC,Frog Pixie (CB) (Pyxicephalus Adspersus),Amphibien,144.99,0,animal,,Amphibien,Mantener,high,,Frog Pixie (CB) (Pyxicephalus Adspersus),"Categoría Clover animal existente — mantener ""Amphibien""",Créer Animal (no Product)
0M8W2E1CHCSYC,Green Tree Frog,Amphibien,80.00,,animal,,Amphibien,Mantener,high,,Green Tree Frog,"Categoría Clover animal existente — mantener ""Amphibien""",Créer Animal (no Product)
40SBABGJTWD38,Grenouille Kassina Maculata,Amphibien,45.00,0,animal,,Amphibien,Mantener,high,,Grenouille Kassina Maculata,"Categoría Clover animal existente — mantener ""Amphibien""",Créer Animal (no Product)
56F1WYCZSR7F8,Grenouille de White's Tree,Amphibien,125.00,0,animal,,Amphibien,Mantener,high,,Grenouille de White's Tree,"Categoría Clover animal existente — mantener ""Amphibien""",Créer Animal (no Product)
8X4CBDN4YEPBW,Grenouille yeux rouges,Amphibien,100.00,0,animal,,Amphibien,Mantener,high,,Grenouille yeux rouges,"Categoría Clover animal existente — mantener ""Amphibien""",Créer Animal (no Product)
TRAT31HSZNPB8,Malayian Giant Toad,Amphibien,100.00,,animal,,Amphibien,Mantener,high,,Malayian Giant Toad,"Categoría Clover animal existente — mantener ""Amphibien""",Créer Animal (no Product)
SB7VRTNYD9GEJ,Milk Frog (Trachycephalus resinifictrix),Amphibien,80.00,0,animal,,Amphibien,Mantener,high,,Milk Frog (Trachycephalus resinifictrix),"Categoría Clover animal existente — mantener ""Amphibien""",Créer Animal (no Product)
8CAK92N313Q7M,Pacman  Apricot,Amphibien,90.00,,animal,,Amphibien,Mantener,high,,Pacman  Apricot,"Categoría Clover animal existente — mantener ""Amphibien""",Créer Animal (no Product)
8G7BA2K3MAE7J,Pacman Albino,Amphibien,100.00,,animal,,Amphibien,Mantener,high,,Pacman Albino,"Categoría Clover animal existente — mantener ""Amphibien""",Créer Animal (no Product)
YQQY34DZ1NDQA,Pacman Camo,Amphibien,100.00,,animal,,Amphibien,Mantener,high,,Pacman Camo,"Categoría Clover animal existente — mantener ""Amphibien""",Créer Animal (no Product)
BZZ0CMCV78GSY,Pacman Green,Amphibien,100.00,,animal,,Amphibien,Mantener,high,,Pacman Green,"Categoría Clover animal existente — mantener ""Amphibien""",Créer Animal (no Product)
JK0R79ACY91WC,Pacman Lime Green Albino,Amphibien,110.00,,animal,,Amphibien,Mantener,high,,Pacman Lime Green Albino,"Categoría Clover animal existente — mantener ""Amphibien""",Créer Animal (no Product)
HMMV5TF4M35VE,Pacman Peppermint Blue,Amphibien,120.00,,animal,,Amphibien,Mantener,high,,Pacman Peppermint Blue,"Categoría Clover animal existente — mantener ""Amphibien""",Créer Animal (no Product)
RXRSC4D768BKJ,Pacman Pikachu,Amphibien,110.00,,animal,,Amphibien,Mantener,high,,Pacman Pikachu,"Categoría Clover animal existente — mantener ""Amphibien""",Créer Animal (no Product)
4ZGAW0ZZKD9D4,Pacman Strawberry,Amphibien,100.00,0,animal,,Amphibien,Mantener,high,,Pacman Strawberry,"Categoría Clover animal existente — mantener ""Amphibien""",Créer Animal (no Product)
7KKRCBJAF35FR,Rainette Vert,Amphibien,20.00,,animal,,Amphibien,Mantener,high,,Rainette Vert,"Categoría Clover animal existente — mantener ""Amphibien""",Créer Animal (no Product)
SEFXYEPTWXXW8,Rainette Yeux Rouge,Amphibien,90.00,,animal,,Amphibien,Mantener,high,,Rainette Yeux Rouge,"Categoría Clover animal existente — mantener ""Amphibien""",Créer Animal (no Product)
N62XYB1NFNB6W,Rainette de White Litoria caerula,Amphibien,100.00,,animal,,Amphibien,Mantener,high,,Rainette de White Litoria caerula,"Categoría Clover animal existente — mantener ""Amphibien""",Créer Animal (no Product)
CXT2N9A6X6CSE,A. Depressum 15+,Isopod et Araignee et Fourmis,19.99,,animal,,Isopod et Araignee et Fourmis,Mantener,high,,A. Depressum 15+,"Categoría Clover animal existente — mantener ""Isopod et Araignee et Fourmis""",Créer Animal (no Product)
VPAYMSYTHC4WC,A. Gestroi 15+,Isopod et Araignee et Fourmis,54.99,,animal,,Isopod et Araignee et Fourmis,Mantener,high,,A. Gestroi 15+,"Categoría Clover animal existente — mantener ""Isopod et Araignee et Fourmis""",Créer Animal (no Product)
HVS29XJM9FRPT,A. Maculatum Zebra 15+,Isopod et Araignee et Fourmis,24.99,,animal,,Isopod et Araignee et Fourmis,Mantener,high,,A. Maculatum Zebra 15+,"Categoría Clover animal existente — mantener ""Isopod et Araignee et Fourmis""",Créer Animal (no Product)
A212VJXXAJPBM,A. V. Magic Potion Japenese 15+,Isopod et Araignee et Fourmis,54.99,,animal,,Isopod et Araignee et Fourmis,Mantener,high,,A. V. Magic Potion Japenese 15+,"Categoría Clover animal existente — mantener ""Isopod et Araignee et Fourmis""",Créer Animal (no Product)
S1ZPKMWXES4W6,A. Vulgare Tangerine 15+,Isopod et Araignee et Fourmis,44.99,,animal,,Isopod et Araignee et Fourmis,Mantener,high,,A. Vulgare Tangerine 15+,"Categoría Clover animal existente — mantener ""Isopod et Araignee et Fourmis""",Créer Animal (no Product)
3HHVVX9VD42KR,Ants Dry Nest 7x7,Isopod et Araignee et Fourmis,39.99,0,animal,,Isopod et Araignee et Fourmis,Mantener,high,,Ants Dry Nest 7x7,"Categoría Clover animal existente — mantener ""Isopod et Araignee et Fourmis""",Créer Animal (no Product)
VA8DJN5ZPVQX4,Ants Fluon PTFE 10ml,Isopod et Araignee et Fourmis,19.99,0,animal,,Isopod et Araignee et Fourmis,Mantener,high,,Ants Fluon PTFE 10ml,"Categoría Clover animal existente — mantener ""Isopod et Araignee et Fourmis""",Créer Animal (no Product)
W8JKWKX889DAG,Ants Foundation nest,Isopod et Araignee et Fourmis,34.99,0,animal,,Isopod et Araignee et Fourmis,Mantener,high,,Ants Foundation nest,"Categoría Clover animal existente — mantener ""Isopod et Araignee et Fourmis""",Créer Animal (no Product)
WMW1VFMZEVSVM,Ants Hydra Nest 7x7,Isopod et Araignee et Fourmis,44.99,0,animal,,Isopod et Araignee et Fourmis,Mantener,high,,Ants Hydra Nest 7x7,"Categoría Clover animal existente — mantener ""Isopod et Araignee et Fourmis""",Créer Animal (no Product)
NK87PW0VHAN5E,Ants Large Outworld,Isopod et Araignee et Fourmis,29.99,0,animal,,Isopod et Araignee et Fourmis,Mantener,high,,Ants Large Outworld,"Categoría Clover animal existente — mantener ""Isopod et Araignee et Fourmis""",Créer Animal (no Product)
ZAPG8EZGZYQPM,Ants Lasius Niger Colony Fondation Nest with Small Outworld,Isopod et Araignee et Fourmis,129.99,0,animal,,Isopod et Araignee et Fourmis,Mantener,high,,Ants Lasius Niger Colony Fondation Nest with Small Outworld,"Categoría Clover animal existente — mantener ""Isopod et Araignee et Fourmis""",Créer Animal (no Product)
Q8A1QGZ4NHTM0,Ants Liquid Feeder,Isopod et Araignee et Fourmis,7.49,0,animal,,Isopod et Araignee et Fourmis,Mantener,high,,Ants Liquid Feeder,"Categoría Clover animal existente — mantener ""Isopod et Araignee et Fourmis""",Créer Animal (no Product)
KPJGQS3S8F77T,Ants Medium Outworld,Isopod et Araignee et Fourmis,19.99,0,animal,,Isopod et Araignee et Fourmis,Mantener,high,,Ants Medium Outworld,"Categoría Clover animal existente — mantener ""Isopod et Araignee et Fourmis""",Créer Animal (no Product)
96K6VFA6WNET0,Ants Nectar 50ml,Isopod et Araignee et Fourmis,14.99,0,animal,,Isopod et Araignee et Fourmis,Mantener,high,,Ants Nectar 50ml,"Categoría Clover animal existente — mantener ""Isopod et Araignee et Fourmis""",Créer Animal (no Product)
KD6X5QA9VNQ86,Ants Queen's Chamber,Isopod et Araignee et Fourmis,19.99,0,animal,,Isopod et Araignee et Fourmis,Mantener,high,,Ants Queen's Chamber,"Categoría Clover animal existente — mantener ""Isopod et Araignee et Fourmis""",Créer Animal (no Product)
P9MRQEQ7C75BE,Ants Small Outworld,Isopod et Araignee et Fourmis,14.99,0,animal,,Isopod et Araignee et Fourmis,Mantener,high,,Ants Small Outworld,"Categoría Clover animal existente — mantener ""Isopod et Araignee et Fourmis""",Créer Animal (no Product)
6NA1E18H22NF4,Ants Starter Kit,Isopod et Araignee et Fourmis,34.99,0,animal,,Isopod et Araignee et Fourmis,Mantener,high,,Ants Starter Kit,"Categoría Clover animal existente — mantener ""Isopod et Araignee et Fourmis""",Créer Animal (no Product)
5RNE76W9JFF8J,Ants Tranquility Nest,Isopod et Araignee et Fourmis,54.99,0,animal,,Isopod et Araignee et Fourmis,Mantener,high,,Ants Tranquility Nest,"Categoría Clover animal existente — mantener ""Isopod et Araignee et Fourmis""",Créer Animal (no Product)
NB6VAY9ESCXYJ,Armadillidium Paraccea 10+,Isopod et Araignee et Fourmis,35.00,0,animal,,Isopod et Araignee et Fourmis,Mantener,high,,Armadillidium Paraccea 10+,"Categoría Clover animal existente — mantener ""Isopod et Araignee et Fourmis""",Créer Animal (no Product)
SCFCW25XFH2DC,Collemboles Orange/ Orange springtails (Yuukianura aphoruroides),Isopod et Araignee et Fourmis,15.00,0,animal,,Isopod et Araignee et Fourmis,Mantener,high,,Collemboles Orange/ Orange springtails (Yuukianura aphoruroides),"Categoría Clover animal existente — mantener ""Isopod et Araignee et Fourmis""",Créer Animal (no Product)
CQST6JY55S1TT,Cubaris Murina ''little sea'' 15+,Isopod et Araignee et Fourmis,34.99,0,animal,,Isopod et Araignee et Fourmis,Mantener,high,,Cubaris Murina ''little sea'' 15+,"Categoría Clover animal existente — mantener ""Isopod et Araignee et Fourmis""",Créer Animal (no Product)
6QVK811E8BW1Y,Cubaris Panda King 10+,Isopod et Araignee et Fourmis,40.00,0,animal,,Isopod et Araignee et Fourmis,Mantener,high,,Cubaris Panda King 10+,"Categoría Clover animal existente — mantener ""Isopod et Araignee et Fourmis""",Créer Animal (no Product)
KNJRJ75DZ88H8,Cubaris Papaya 15+,Isopod et Araignee et Fourmis,45.00,0,animal,,Isopod et Araignee et Fourmis,Mantener,high,,Cubaris Papaya 15+,"Categoría Clover animal existente — mantener ""Isopod et Araignee et Fourmis""",Créer Animal (no Product)
7CQPB5C11342A,Cylisticus Convexus 15+,Isopod et Araignee et Fourmis,15.00,0,animal,,Isopod et Araignee et Fourmis,Mantener,high,,Cylisticus Convexus 15+,"Categoría Clover animal existente — mantener ""Isopod et Araignee et Fourmis""",Créer Animal (no Product)
RNZ8NZGBPV2HR,African velvet Gecko (Homopholis Wahlbergii) BB,Lezard,130.00,0,animal,,Lezard,Mantener,high,,African velvet Gecko (Homopholis Wahlbergii) BB,"Categoría Clover animal existente — mantener ""Lezard""",Créer Animal (no Product)
MC3DS6YRH79PJ,Agame Peint,Lezard,250.00,0,animal,,Lezard,Mantener,high,,Agame Peint,"Categoría Clover animal existente — mantener ""Lezard""",Créer Animal (no Product)
T9GXC8T5CA92T,Anole Blue Eye Dwarf (Anolis Pogus),Lezard,60.00,0,animal,,Lezard,Mantener,high,,Anole Blue Eye Dwarf (Anolis Pogus),"Categoría Clover animal existente — mantener ""Lezard""",Créer Animal (no Product)
HM0K62VHQKGR4,Anole White Line (Anolis Gingivinus),Lezard,60.00,0,animal,,Lezard,Mantener,high,,Anole White Line (Anolis Gingivinus),"Categoría Clover animal existente — mantener ""Lezard""",Créer Animal (no Product)
SWWVFDAKMNHQG,Barbu hypo citrus bb,Lezard,200.00,0,animal,,Lezard,Mantener,high,,Barbu hypo citrus bb,"Categoría Clover animal existente — mantener ""Lezard""",Créer Animal (no Product)
EPZHV1R5NFMYM,Basilic Vert BB (Baby Green Basilick),Lezard,85.00,0,animal,,Lezard,Mantener,high,,Basilic Vert BB (Baby Green Basilick),"Categoría Clover animal existente — mantener ""Lezard""",Créer Animal (no Product)
YSPFZD55ZH5Y8,Bearded Henrylawsoni,Lezard,500.00,0,animal,,Lezard,Mantener,high,,Bearded Henrylawsoni,"Categoría Clover animal existente — mantener ""Lezard""",Créer Animal (no Product)
HN2EKX97B5Y5P,Black & White Tegu BB,Lezard,500.00,0,animal,,Lezard,Mantener,high,,Black & White Tegu BB,"Categoría Clover animal existente — mantener ""Lezard""",Créer Animal (no Product)
E334E0NNA0CD6,Blue Tongue Nouvelle Guinee BB,Lezard,400.00,0,animal,,Lezard,Mantener,high,,Blue Tongue Nouvelle Guinee BB,"Categoría Clover animal existente — mantener ""Lezard""",Créer Animal (no Product)
H6W78NJ1JT8Q8,Blue Tongue Sking Male,Lezard,434.88,0,animal,,Lezard,Mantener,high,,Blue Tongue Sking Male,"Categoría Clover animal existente — mantener ""Lezard""",Créer Animal (no Product)
VECTWC5YBSSPJ,Blue Tongue Skink BB,Lezard,300.00,0,animal,,Lezard,Mantener,high,,Blue Tongue Skink BB,"Categoría Clover animal existente — mantener ""Lezard""",Créer Animal (no Product)
50RD1AED49TAG,Blue Tree Monitor BB,Lezard,2600.00,0,animal,,Lezard,Mantener,high,,Blue Tree Monitor BB,"Categoría Clover animal existente — mantener ""Lezard""",Créer Animal (no Product)
Q3EGEJE1FDPD0,Cave Gecko (Goniurosaurus Bawanglingensis),Lezard,250.00,0,animal,,Lezard,Mantener,high,,Cave Gecko (Goniurosaurus Bawanglingensis),"Categoría Clover animal existente — mantener ""Lezard""",Créer Animal (no Product)
DG8DY6FJTP3V2,Cave Gecko (Goniurosaurus Hainanensis),Lezard,260.00,0,animal,,Lezard,Mantener,high,,Cave Gecko (Goniurosaurus Hainanensis),"Categoría Clover animal existente — mantener ""Lezard""",Créer Animal (no Product)
S83HT7H1PVKEM,Cave Gecko Cyrtodactylus Deccanensis,Lezard,225.00,0,animal,,Lezard,Mantener,high,,Cave Gecko Cyrtodactylus Deccanensis,"Categoría Clover animal existente — mantener ""Lezard""",Créer Animal (no Product)
1NA749H86R7NR,Chameleon Jackson F AD,Lezard,400.00,0,animal,,Lezard,Mantener,high,,Chameleon Jackson F AD,"Categoría Clover animal existente — mantener ""Lezard""",Créer Animal (no Product)
BY54970KYMZ8M,Chameleon Panthere Male,Lezard,350.00,0,animal,,Lezard,Mantener,high,,Chameleon Panthere Male,"Categoría Clover animal existente — mantener ""Lezard""",Créer Animal (no Product)
3JJ5YVJG0BK02,Chameleon Rainbow Jackson M AD,Lezard,430.00,0,animal,,Lezard,Mantener,high,,Chameleon Rainbow Jackson M AD,"Categoría Clover animal existente — mantener ""Lezard""",Créer Animal (no Product)
M86F86FN9FDFA,Chameleon Veiled (mâle),Lezard,220.00,0,animal,,Lezard,Mantener,high,,Chameleon Veiled (mâle),"Categoría Clover animal existente — mantener ""Lezard""",Créer Animal (no Product)
8KGKCZ4QSQ0KC,Chameleon Veiled Trans,Lezard,300.00,0,animal,,Lezard,Mantener,high,,Chameleon Veiled Trans,"Categoría Clover animal existente — mantener ""Lezard""",Créer Animal (no Product)
3PQ6K51G1JW9G,Chamelon Elliots,Lezard,200.00,0,animal,,Lezard,Mantener,high,,Chamelon Elliots,"Categoría Clover animal existente — mantener ""Lezard""",Créer Animal (no Product)
B2ZFJW0HGJTM0,Crested,Lezard,170.00,0,animal,,Lezard,Mantener,high,,Crested,"Categoría Clover animal existente — mantener ""Lezard""",Créer Animal (no Product)
47GA25H0KB7ZW,Crested Gecko BB,Lezard,80.00,,animal,,Lezard,Mantener,high,,Crested Gecko BB,"Categoría Clover animal existente — mantener ""Lezard""",Créer Animal (no Product)
G1609RRN24S96,Crested Gecko Fem AD Yellow Extreme Harlequin,Lezard,175.00,0,animal,,Lezard,Mantener,high,,Crested Gecko Fem AD Yellow Extreme Harlequin,"Categoría Clover animal existente — mantener ""Lezard""",Créer Animal (no Product)
GEKN81B5YBDM2,Crested Gecko Femelle Red Extreme Harlequin,Lezard,275.00,0,animal,,Lezard,Mantener,high,,Crested Gecko Femelle Red Extreme Harlequin,"Categoría Clover animal existente — mantener ""Lezard""",Créer Animal (no Product)
CSHA6CEZS0NB8,Crested Gecko Femelle adulte  - yellow ext harlequin,Lezard,275.00,0,animal,,Lezard,Mantener,high,,Crested Gecko Femelle adulte  - yellow ext harlequin,"Categoría Clover animal existente — mantener ""Lezard""",Créer Animal (no Product)
YPNBQ4HVFKNPP,Crested Gecko Femelle adulte - red phantom,Lezard,300.00,0,animal,,Lezard,Mantener,high,,Crested Gecko Femelle adulte - red phantom,"Categoría Clover animal existente — mantener ""Lezard""",Créer Animal (no Product)
TGZ5F0W8WZMSM,Crested Gecko M KJ,Lezard,200.00,0,animal,,Lezard,Mantener,high,,Crested Gecko M KJ,"Categoría Clover animal existente — mantener ""Lezard""",Créer Animal (no Product)
Q9TKVSPA6BSVE,Crested Gecko Male Orange Super Stripe,Lezard,250.00,0,animal,,Lezard,Mantener,high,,Crested Gecko Male Orange Super Stripe,"Categoría Clover animal existente — mantener ""Lezard""",Créer Animal (no Product)
TZXMT02X7W2GP,Crested Gecko Quad Stripe Female,Lezard,400.00,0,animal,,Lezard,Mantener,high,,Crested Gecko Quad Stripe Female,"Categoría Clover animal existente — mantener ""Lezard""",Créer Animal (no Product)
3E32Z27KZSXF8,Crested Gecko Red Dalmatien,Lezard,150.00,0,animal,,Lezard,Mantener,high,,Crested Gecko Red Dalmatien,"Categoría Clover animal existente — mantener ""Lezard""",Créer Animal (no Product)
3V6YXX8362V0W,Crested Lilly White  pas de queue male,Lezard,220.00,0,animal,,Lezard,Mantener,high,,Crested Lilly White  pas de queue male,"Categoría Clover animal existente — mantener ""Lezard""",Créer Animal (no Product)
B5VG2SC422Q9J,Crested Lilly White Fem pas de queue,Lezard,600.00,0,animal,,Lezard,Mantener,high,,Crested Lilly White Fem pas de queue,"Categoría Clover animal existente — mantener ""Lezard""",Créer Animal (no Product)
4DWE836MKYQCR,Dragon Barbu  Henrylawson bb,Lezard,200.00,0,animal,,Lezard,Mantener,high,,Dragon Barbu  Henrylawson bb,"Categoría Clover animal existente — mantener ""Lezard""",Créer Animal (no Product)
DDQVF3129JR94,Dragon Barbu BB,Lezard,200.00,0,animal,,Lezard,Mantener,high,,Dragon Barbu BB,"Categoría Clover animal existente — mantener ""Lezard""",Créer Animal (no Product)
S9WS4T3K8XQ7E,Dragon D'eau BB,Lezard,70.00,,animal,,Lezard,Mantener,high,,Dragon D'eau BB,"Categoría Clover animal existente — mantener ""Lezard""",Créer Animal (no Product)
M7ZJ8GYDRFKDY,DragonBarbuAD,Lezard,125.00,0,animal,,Lezard,Mantener,high,,DragonBarbuAD,"Categoría Clover animal existente — mantener ""Lezard""",Créer Animal (no Product)
8JPT5A1AFHQGP,Emerald Swift,Lezard,85.00,0,animal,,Lezard,Mantener,high,,Emerald Swift,"Categoría Clover animal existente — mantener ""Lezard""",Créer Animal (no Product)
91JKJ2EKYG1SJ,Emerald Tree Skink,Lezard,70.00,0,animal,,Lezard,Mantener,high,,Emerald Tree Skink,"Categoría Clover animal existente — mantener ""Lezard""",Créer Animal (no Product)
W9VHY2SN3G2YY,Fire skink,Lezard,55.00,0,animal,,Lezard,Mantener,high,,Fire skink,"Categoría Clover animal existente — mantener ""Lezard""",Créer Animal (no Product)
ESVQK29JWED5A,Frilled Dragon AD TM,Lezard,2000.00,0,animal,,Lezard,Mantener,high,,Frilled Dragon AD TM,"Categoría Clover animal existente — mantener ""Lezard""",Créer Animal (no Product)
AJHVXT89GY0WA,Gastropholis Pracina,Lezard,275.00,0,animal,,Lezard,Mantener,high,,Gastropholis Pracina,"Categoría Clover animal existente — mantener ""Lezard""",Créer Animal (no Product)
1545CA0AVMR6W,Gecko Crested AD Male,Lezard,175.00,,animal,,Lezard,Mantener,high,,Gecko Crested AD Male,"Categoría Clover animal existente — mantener ""Lezard""",Créer Animal (no Product)
J76WKCZG4W62R,Gecko Crète Lilly White,Lezard,600.00,,animal,,Lezard,Mantener,high,,Gecko Crète Lilly White,"Categoría Clover animal existente — mantener ""Lezard""",Créer Animal (no Product)
VKAB69SJ6MTWT,Gecko Fanfooted,Lezard,40.00,,animal,,Lezard,Mantener,high,,Gecko Fanfooted,"Categoría Clover animal existente — mantener ""Lezard""",Créer Animal (no Product)
1GQAXD0T6AZ0J,Gecko Fat Tail,Lezard,300.00,,animal,,Lezard,Mantener,high,,Gecko Fat Tail,"Categoría Clover animal existente — mantener ""Lezard""",Créer Animal (no Product)
PC9WTY19CBMBE,Gecko Gargouille AD F,Lezard,400.00,,animal,,Lezard,Mantener,high,,Gecko Gargouille AD F,"Categoría Clover animal existente — mantener ""Lezard""",Créer Animal (no Product)
H9D8N0HQKGJAY,Gecko Gargouille AD RED,Lezard,500.00,,animal,,Lezard,Mantener,high,,Gecko Gargouille AD RED,"Categoría Clover animal existente — mantener ""Lezard""",Créer Animal (no Product)
0XC8P5EWX62JY,Gecko Gargouille BB,Lezard,400.00,,animal,,Lezard,Mantener,high,,Gecko Gargouille BB,"Categoría Clover animal existente — mantener ""Lezard""",Créer Animal (no Product)
CFG29JB2MAC64,Gecko Leachianus,Lezard,700.00,,animal,,Lezard,Mantener,high,,Gecko Leachianus,"Categoría Clover animal existente — mantener ""Lezard""",Créer Animal (no Product)
ZFCF3S9KDMKHA,Gecko Leo,Lezard,90.00,0,animal,,Lezard,Mantener,high,,Gecko Leo,"Categoría Clover animal existente — mantener ""Lezard""",Créer Animal (no Product)
517G5NZ6GBPFT,Gecko Leo Black Night,Lezard,2000.00,,animal,,Lezard,Mantener,high,,Gecko Leo Black Night,"Categoría Clover animal existente — mantener ""Lezard""",Créer Animal (no Product)
QC18M47ASGJ70,Gecko Leo Hypo. Mack Snow Paradox,Lezard,150.00,,animal,,Lezard,Mantener,high,,Gecko Leo Hypo. Mack Snow Paradox,"Categoría Clover animal existente — mantener ""Lezard""",Créer Animal (no Product)
S9X3MG0QMZXN8,Gecko Leo Mack Snow Raptor Male,Lezard,150.00,,animal,,Lezard,Mantener,high,,Gecko Leo Mack Snow Raptor Male,"Categoría Clover animal existente — mantener ""Lezard""",Créer Animal (no Product)
VSBDH36NKPR86,Gecko Leo Mack Snow W/Y Tremper Alb,Lezard,300.00,,animal,,Lezard,Mantener,high,,Gecko Leo Mack Snow W/Y Tremper Alb,"Categoría Clover animal existente — mantener ""Lezard""",Créer Animal (no Product)
ANTMQ45EH07G4,Gecko Leo Super Raptor,Lezard,150.00,,animal,,Lezard,Mantener,high,,Gecko Leo Super Raptor,"Categoría Clover animal existente — mantener ""Lezard""",Créer Animal (no Product)
HN5V8S97C80XE,Gecko Leo Super Snow Fem ( M.e.l ),Lezard,150.00,,animal,,Lezard,Mantener,high,,Gecko Leo Super Snow Fem ( M.e.l ),"Categoría Clover animal existente — mantener ""Lezard""",Créer Animal (no Product)
HC6XV8CGHAXVR,Gecko Leo Super hypo Tang ad male poss red striped shtbc,Lezard,150.00,,animal,,Lezard,Mantener,high,,Gecko Leo Super hypo Tang ad male poss red striped shtbc,"Categoría Clover animal existente — mantener ""Lezard""",Créer Animal (no Product)
C5J1DP6RAAS5W,Gecko Leo Tremper PR,Lezard,80.00,,animal,,Lezard,Mantener,high,,Gecko Leo Tremper PR,"Categoría Clover animal existente — mantener ""Lezard""",Créer Animal (no Product)
0SA6T5MR8GSSJ,Gecko Leo White And Yellow Tangerine,Lezard,300.00,,animal,,Lezard,Mantener,high,,Gecko Leo White And Yellow Tangerine,"Categoría Clover animal existente — mantener ""Lezard""",Créer Animal (no Product)
YGGHDGKRZSVMM,Gecko Leo White and yellow tangerine hypo AD,Lezard,150.00,,animal,,Lezard,Mantener,high,,Gecko Leo White and yellow tangerine hypo AD,"Categoría Clover animal existente — mantener ""Lezard""",Créer Animal (no Product)
6PQFG81ZD09EG,Gecko Leo white& yellow eclipse fem ad,Lezard,225.00,,animal,,Lezard,Mantener,high,,Gecko Leo white& yellow eclipse fem ad,"Categoría Clover animal existente — mantener ""Lezard""",Créer Animal (no Product)
4FVGAHJASVNWJ,Gecko Leopard High Yellow Femelle,Lezard,125.00,0,animal,,Lezard,Mantener,high,,Gecko Leopard High Yellow Femelle,"Categoría Clover animal existente — mantener ""Lezard""",Créer Animal (no Product)
0ZN8PEGBKTJ90,Gecko Leopard Mack Snow Het Tremper Eclipse,Lezard,80.00,,animal,,Lezard,Mantener,high,,Gecko Leopard Mack Snow Het Tremper Eclipse,"Categoría Clover animal existente — mantener ""Lezard""",Créer Animal (no Product)
YDEB747SB5616,Gecko Leopard Mixtes,Lezard,109.99,0,animal,,Lezard,Mantener,high,,Gecko Leopard Mixtes,"Categoría Clover animal existente — mantener ""Lezard""",Créer Animal (no Product)
ES6BVTQ28HHDJ,Gecko Leopard Sunglow,Lezard,150.00,,animal,,Lezard,Mantener,high,,Gecko Leopard Sunglow,"Categoría Clover animal existente — mantener ""Lezard""",Créer Animal (no Product)
V4CNE1CM6MW7W,Gecko Leopard Super Snow male AD,Lezard,150.00,,animal,,Lezard,Mantener,high,,Gecko Leopard Super Snow male AD,"Categoría Clover animal existente — mantener ""Lezard""",Créer Animal (no Product)
F6DKDF35J9MXC,Gecko koshi,Lezard,65.23,,animal,,Lezard,Mantener,high,,Gecko koshi,"Categoría Clover animal existente — mantener ""Lezard""",Créer Animal (no Product)
RD7317JA9SK5M,Gecko leo Raptor,Lezard,125.00,,animal,,Lezard,Mantener,high,,Gecko leo Raptor,"Categoría Clover animal existente — mantener ""Lezard""",Créer Animal (no Product)
BD4X4F3E5VPAM,Gecko leo White  Yellow Hypo ad,Lezard,150.00,,animal,,Lezard,Mantener,high,,Gecko leo White  Yellow Hypo ad,"Categoría Clover animal existente — mantener ""Lezard""",Créer Animal (no Product)
AZ1DNB92ASW1T,Gecko tangerine tornado bb,Lezard,250.00,0,animal,,Lezard,Mantener,high,,Gecko tangerine tornado bb,"Categoría Clover animal existente — mantener ""Lezard""",Créer Animal (no Product)
G96FMG96ET6PT,Gecko à Crête / Crested Gecko Dark Base Harlequin Dalmatian (poss Haloween) mâle,Lezard,225.00,,animal,,Lezard,Mantener,high,,Gecko à Crête / Crested Gecko Dark Base Harlequin Dalmatian (poss Haloween) mâle,"Categoría Clover animal existente — mantener ""Lezard""",Créer Animal (no Product)
3MESYCYBZDWP6,Gexko Leo white & yellow tremp albino fem,Lezard,200.00,,animal,,Lezard,Mantener,high,,Gexko Leo white & yellow tremp albino fem,"Categoría Clover animal existente — mantener ""Lezard""",Créer Animal (no Product)
72YH4Y91RDCYT,Iguana Club Tail,Lezard,95.00,,animal,,Lezard,Mantener,high,,Iguana Club Tail,"Categoría Clover animal existente — mantener ""Lezard""",Créer Animal (no Product)
1GC38G479T89J,Iguane Verte BB,Lezard,50.00,,animal,,Lezard,Mantener,high,,Iguane Verte BB,"Categoría Clover animal existente — mantener ""Lezard""",Créer Animal (no Product)
BDY3Q22TH9VRC,Jeweled lacerta BB,Lezard,300.00,,animal,,Lezard,Mantener,high,,Jeweled lacerta BB,"Categoría Clover animal existente — mantener ""Lezard""",Créer Animal (no Product)
Y9QB17FTJCW1E,Mourning Gecko,Lezard,40.00,0,animal,,Lezard,Mantener,high,,Mourning Gecko,"Categoría Clover animal existente — mantener ""Lezard""",Créer Animal (no Product)
W0M9Y04BP95DA,Phelsuma Bohemi,Lezard,135.00,,animal,,Lezard,Mantener,high,,Phelsuma Bohemi,"Categoría Clover animal existente — mantener ""Lezard""",Créer Animal (no Product)
CP1YF1Y495C26,Phelsuma Grandis BB,Lezard,90.00,,animal,,Lezard,Mantener,high,,Phelsuma Grandis BB,"Categoría Clover animal existente — mantener ""Lezard""",Créer Animal (no Product)
29P5V9FPXV2JA,Phelsuma Kochi,Lezard,135.00,,animal,,Lezard,Mantener,high,,Phelsuma Kochi,"Categoría Clover animal existente — mantener ""Lezard""",Créer Animal (no Product)
2CV8VCJ88ZA34,Phelsuma Kochi AD F,Lezard,100.00,,animal,,Lezard,Mantener,high,,Phelsuma Kochi AD F,"Categoría Clover animal existente — mantener ""Lezard""",Créer Animal (no Product)
3T294Y7FPFD2M,Phelsuma Kochi BB,Lezard,85.00,,animal,,Lezard,Mantener,high,,Phelsuma Kochi BB,"Categoría Clover animal existente — mantener ""Lezard""",Créer Animal (no Product)
12HZCW3FDWPJ2,Phelsuma Standing's,Lezard,125.00,,animal,,Lezard,Mantener,high,,Phelsuma Standing's,"Categoría Clover animal existente — mantener ""Lezard""",Créer Animal (no Product)
1PZC1NTDM309T,Phelsuma Standingi BB,Lezard,160.00,,animal,,Lezard,Mantener,high,,Phelsuma Standingi BB,"Categoría Clover animal existente — mantener ""Lezard""",Créer Animal (no Product)
VCDRS84GEZN1C,Phelsuma m. Boehmi BB,Lezard,100.00,,animal,,Lezard,Mantener,high,,Phelsuma m. Boehmi BB,"Categoría Clover animal existente — mantener ""Lezard""",Créer Animal (no Product)
4NAPJ5E25YTX8,Rankins,Lezard,200.00,,animal,,Lezard,Mantener,high,,Rankins,"Categoría Clover animal existente — mantener ""Lezard""",Créer Animal (no Product)
1QVSYAJ7A7FJ4,Sandfish,Lezard,70.00,,animal,,Lezard,Mantener,high,,Sandfish,"Categoría Clover animal existente — mantener ""Lezard""",Créer Animal (no Product)
6961PBR0RCHEM,Schneider Skink,Lezard,150.00,,animal,,Lezard,Mantener,high,,Schneider Skink,"Categoría Clover animal existente — mantener ""Lezard""",Créer Animal (no Product)
41G59E8TPJATC,Skink Occelated,Lezard,50.00,,animal,,Lezard,Mantener,high,,Skink Occelated,"Categoría Clover animal existente — mantener ""Lezard""",Créer Animal (no Product)
XT72JSJRES3TM,Spiney Tail Iguana Piebald,Lezard,1400.00,,animal,,Lezard,Mantener,high,,Spiney Tail Iguana Piebald,"Categoría Clover animal existente — mantener ""Lezard""",Créer Animal (no Product)
E30QZN9VP3Z4R,Sudan Plated Lizard,Lezard,300.00,0,animal,,Lezard,Mantener,high,,Sudan Plated Lizard,"Categoría Clover animal existente — mantener ""Lezard""",Créer Animal (no Product)
4TV8RMZVX75YR,Tokay BB a Juvénile,Lezard,200.00,,animal,,Lezard,Mantener,high,,Tokay BB a Juvénile,"Categoría Clover animal existente — mantener ""Lezard""",Créer Animal (no Product)
WRCJWJB0M2WDW,Tokay Gecko AD,Lezard,60.00,,animal,,Lezard,Mantener,high,,Tokay Gecko AD,"Categoría Clover animal existente — mantener ""Lezard""",Créer Animal (no Product)
6TDCW7SYSWC88,Trioceros Jacksonnii Xantholophus,Lezard,300.00,,animal,,Lezard,Mantener,high,,Trioceros Jacksonnii Xantholophus,"Categoría Clover animal existente — mantener ""Lezard""",Créer Animal (no Product)
S678QA1PPTF6G,Triton Espagnol Leucy,Lezard,100.00,,animal,,Lezard,Mantener,high,,Triton Espagnol Leucy,"Categoría Clover animal existente — mantener ""Lezard""",Créer Animal (no Product)
92TXGW7D32ADW,Triton Espagnol Wild type,Lezard,70.00,,animal,,Lezard,Mantener,high,,Triton Espagnol Wild type,"Categoría Clover animal existente — mantener ""Lezard""",Créer Animal (no Product)
K9PA33MJYPSM4,Uromastyx Niger,Lezard,225.00,,animal,,Lezard,Mantener,high,,Uromastyx Niger,"Categoría Clover animal existente — mantener ""Lezard""",Créer Animal (no Product)
0XZZ913WZQAHE,Uromastyx Noir AD,Lezard,400.00,,animal,,Lezard,Mantener,high,,Uromastyx Noir AD,"Categoría Clover animal existente — mantener ""Lezard""",Créer Animal (no Product)
NHQS3MDWN75T8,Uromastyx Ornata,Lezard,550.00,0,animal,,Lezard,Mantener,high,,Uromastyx Ornata,"Categoría Clover animal existente — mantener ""Lezard""",Créer Animal (no Product)
WWJ5RHJY8M6JY,Varan Guileni BB,Lezard,1250.00,,animal,,Lezard,Mantener,high,,Varan Guileni BB,"Categoría Clover animal existente — mantener ""Lezard""",Créer Animal (no Product)
7C0RB93FSYGD4,Varan Kimberly Rock,Lezard,900.00,,animal,,Lezard,Mantener,high,,Varan Kimberly Rock,"Categoría Clover animal existente — mantener ""Lezard""",Créer Animal (no Product)
RE8BZDMDCBXBW,Varan Peachthroat,Lezard,500.00,,animal,,Lezard,Mantener,high,,Varan Peachthroat,"Categoría Clover animal existente — mantener ""Lezard""",Créer Animal (no Product)
M33VFNGWQB0HM,Varan Savanah,Lezard,100.00,,animal,,Lezard,Mantener,high,,Varan Savanah,"Categoría Clover animal existente — mantener ""Lezard""",Créer Animal (no Product)
D1ND5CTXEECFE,Varan Tristis BB,Lezard,1300.00,,animal,,Lezard,Mantener,high,,Varan Tristis BB,"Categoría Clover animal existente — mantener ""Lezard""",Créer Animal (no Product)
M6BWZE5VJJGD6,gecko leopard mac snow white and yellow temper het eclipse male,Lezard,250.00,,animal,,Lezard,Mantener,high,,gecko leopard mac snow white and yellow temper het eclipse male,"Categoría Clover animal existente — mantener ""Lezard""",Créer Animal (no Product)
YTD62M5H6D0AT,ASF Adulte 30g a 39g,Rongeur,2.60,0,animal,,Rongeur,Mantener,high,,Adulte 30g a 39g,"Categoría Clover animal existente — mantener ""Rongeur""",Créer Animal (no Product)
TKA173KM77XJW,ASF Fuzzy 4g a 7g,Rongeur,1.25,0,animal,,Rongeur,Mantener,high,,Fuzzy 4g a 7g,"Categoría Clover animal existente — mantener ""Rongeur""",Créer Animal (no Product)
4EN95ZCBFFD3J,ASF Hopper 8g a 14g,Rongeur,1.65,0,animal,,Rongeur,Mantener,high,,Hopper 8g a 14g,"Categoría Clover animal existente — mantener ""Rongeur""",Créer Animal (no Product)
ESTNBXJM397TC,ASF Jumbo 50g a 80g,Rongeur,4.10,0,animal,,Rongeur,Mantener,high,,Jumbo 50g a 80g,"Categoría Clover animal existente — mantener ""Rongeur""",Créer Animal (no Product)
VWS4X0J5H7BX2,ASF Jumbo+ 80g et +,Rongeur,6.00,0,animal,,Rongeur,Mantener,high,,Jumbo+ 80g et +,"Categoría Clover animal existente — mantener ""Rongeur""",Créer Animal (no Product)
MHHMM0SA6TR1P,ASF Large 40g a 49g,Rongeur,2.75,0,animal,,Rongeur,Mantener,high,,Large 40g a 49g,"Categoría Clover animal existente — mantener ""Rongeur""",Créer Animal (no Product)
ESSAWBZBVVBZ2,ASF Pinky 1g a 3g,Rongeur,1.10,0,animal,,Rongeur,Mantener,high,,Pinky 1g a 3g,"Categoría Clover animal existente — mantener ""Rongeur""",Créer Animal (no Product)
PG4GBZBPXX5X6,ASF Sub-adulte 20g a 29g,Rongeur,2.25,0,animal,,Rongeur,Mantener,high,,Sub-adulte 20g a 29g,"Categoría Clover animal existente — mantener ""Rongeur""",Créer Animal (no Product)
2E06HQEPZAJ62,ASF Weanling 15g a 19g,Rongeur,2.15,0,animal,,Rongeur,Mantener,high,,Weanling 15g a 19g,"Categoría Clover animal existente — mantener ""Rongeur""",Créer Animal (no Product)
TVSRB92ZHXQP4,Rats Fuzzy,Rongeur,1.90,0,animal,,Rongeur,Mantener,high,,Rats Fuzzy,"Categoría Clover animal existente — mantener ""Rongeur""",Créer Animal (no Product)
1M4XTCZ161TYG,Rats Fuzzy Vivant,Rongeur,3.35,0,animal,,Rongeur,Mantener,high,,Rats Fuzzy Vivant,"Categoría Clover animal existente — mantener ""Rongeur""",Créer Animal (no Product)
EYPW32TPH6MBC,Rats Large,Rongeur,5.60,0,animal,,Rongeur,Mantener,high,,Rats Large,"Categoría Clover animal existente — mantener ""Rongeur""",Créer Animal (no Product)
BS1R1SFFVSKM0,Rats Large Vivants,Rongeur,8.50,0,animal,,Rongeur,Mantener,high,,Rats Large Vivants,"Categoría Clover animal existente — mantener ""Rongeur""",Créer Animal (no Product)
X55BZ9BFZKN88,Rats Medium,Rongeur,4.80,0,animal,,Rongeur,Mantener,high,,Rats Medium,"Categoría Clover animal existente — mantener ""Rongeur""",Créer Animal (no Product)
54VHVSQNBTT3E,Rats Medium Vivants,Rongeur,8.50,0,animal,,Rongeur,Mantener,high,,Rats Medium Vivants,"Categoría Clover animal existente — mantener ""Rongeur""",Créer Animal (no Product)
GSA3MC3AMKAJ6,Rats Pinky,Rongeur,1.55,0,animal,,Rongeur,Mantener,high,,Rats Pinky,"Categoría Clover animal existente — mantener ""Rongeur""",Créer Animal (no Product)
FC2D1MXTJ679G,Rats Pinky vivant,Rongeur,2.75,0,animal,,Rongeur,Mantener,high,,Rats Pinky vivant,"Categoría Clover animal existente — mantener ""Rongeur""",Créer Animal (no Product)
DJ8ZGHQ4ERDH2,Rats Pups,Rongeur,2.50,0,animal,,Rongeur,Mantener,high,,Rats Pups,"Categoría Clover animal existente — mantener ""Rongeur""",Créer Animal (no Product)
9VNZ4CJ784QPY,Rats Pups Vivant,Rongeur,4.15,0,animal,,Rongeur,Mantener,high,,Rats Pups Vivant,"Categoría Clover animal existente — mantener ""Rongeur""",Créer Animal (no Product)
9CAE437QKN00J,Rats Small,Rongeur,3.30,0,animal,,Rongeur,Mantener,high,,Rats Small,"Categoría Clover animal existente — mantener ""Rongeur""",Créer Animal (no Product)
X1MBAW7R94X5P,Rats Small Vivant,Rongeur,8.50,0,animal,,Rongeur,Mantener,high,,Rats Small Vivant,"Categoría Clover animal existente — mantener ""Rongeur""",Créer Animal (no Product)
SBERKVJASSBKE,Rats Weanling,Rongeur,2.90,0,animal,,Rongeur,Mantener,high,,Rats Weanling,"Categoría Clover animal existente — mantener ""Rongeur""",Créer Animal (no Product)
WCCG20FPMSSE0,Rats Weanling Vivant,Rongeur,5.85,0,animal,,Rongeur,Mantener,high,,Rats Weanling Vivant,"Categoría Clover animal existente — mantener ""Rongeur""",Créer Animal (no Product)
TE7480FBRQ8E4,Rats X-Large,Rongeur,6.70,0,animal,,Rongeur,Mantener,high,,Rats X-Large,"Categoría Clover animal existente — mantener ""Rongeur""",Créer Animal (no Product)
5DTPTZ8R3DNT2,Rats XX-Large,Rongeur,6.85,0,animal,,Rongeur,Mantener,high,,Rats XX-Large,"Categoría Clover animal existente — mantener ""Rongeur""",Créer Animal (no Product)
C9QGJY8QN06YP,Rats XXX-Large,Rongeur,7.65,0,animal,,Rongeur,Mantener,high,,Rats XXX-Large,"Categoría Clover animal existente — mantener ""Rongeur""",Créer Animal (no Product)
6ZTG1NY2TWHPM,Souris Adulte,Rongeur,2.00,0,animal,,Rongeur,Mantener,high,,Souris Adulte,"Categoría Clover animal existente — mantener ""Rongeur""",Créer Animal (no Product)
1A39D2J17YS1Y,Souris Fuzzy,Rongeur,1.10,0,animal,,Rongeur,Mantener,high,,Souris Fuzzy,"Categoría Clover animal existente — mantener ""Rongeur""",Créer Animal (no Product)
HYB81M460YM34,Souris Hopper,Rongeur,1.30,0,animal,,Rongeur,Mantener,high,,Souris Hopper,"Categoría Clover animal existente — mantener ""Rongeur""",Créer Animal (no Product)
7N2N3Q1M28R7M,Souris Jumbo,Rongeur,2.25,0,animal,,Rongeur,Mantener,high,,Souris Jumbo,"Categoría Clover animal existente — mantener ""Rongeur""",Créer Animal (no Product)
0R6KBPVRSDQ2Y,Souris Pinky,Rongeur,0.70,0,animal,,Rongeur,Mantener,high,,Souris Pinky,"Categoría Clover animal existente — mantener ""Rongeur""",Créer Animal (no Product)
PHCHCH95H7EJJ,Souris Vivant Adulte,Rongeur,4.40,0,animal,,Rongeur,Mantener,high,,Souris Vivant Adulte,"Categoría Clover animal existente — mantener ""Rongeur""",Créer Animal (no Product)
86K7VE5MB47WP,Souris Vivant Fuzzy,Rongeur,1.70,0,animal,,Rongeur,Mantener,high,,Souris Vivant Fuzzy,"Categoría Clover animal existente — mantener ""Rongeur""",Créer Animal (no Product)
MM1K605G4BR02,Souris Vivant Hopper,Rongeur,2.15,0,animal,,Rongeur,Mantener,high,,Souris Vivant Hopper,"Categoría Clover animal existente — mantener ""Rongeur""",Créer Animal (no Product)
JXS3DGC5JMT2J,Souris Vivant Pinky,Rongeur,1.50,0,animal,,Rongeur,Mantener,high,,Souris Vivant Pinky,"Categoría Clover animal existente — mantener ""Rongeur""",Créer Animal (no Product)
GR62ZJZDX3EQG,Souris Weaned,Rongeur,1.80,0,animal,,Rongeur,Mantener,high,,Souris Weaned,"Categoría Clover animal existente — mantener ""Rongeur""",Créer Animal (no Product)
6TZE6Z1X4708M,ATB Gris mâle,Serpent,450.00,0,animal,,Serpent,Mantener,high,,Gris mâle,"Categoría Clover animal existente — mantener ""Serpent""",Créer Animal (no Product)
8FSYT7BT7Z2TA,African House femelle,Serpent,250.00,0,animal,,Serpent,Mantener,high,,African House femelle,"Categoría Clover animal existente — mantener ""Serpent""",Créer Animal (no Product)
FCF1JDSJ20NW4,Albino Black Ratsnake BB,Serpent,250.00,0,animal,,Serpent,Mantener,high,,Albino Black Ratsnake BB,"Categoría Clover animal existente — mantener ""Serpent""",Créer Animal (no Product)
ZK7SVSHGT67GY,Albino Champagne Enchi Poss Toffino HR,Serpent,350.00,0,animal,,Serpent,Mantener,high,,Albino Champagne Enchi Poss Toffino HR,"Categoría Clover animal existente — mantener ""Serpent""",Créer Animal (no Product)
GKER8X9RJ1JAP,Albino Honduran Milksnake AD,Serpent,200.00,,animal,,Serpent,Mantener,high,,Albino Honduran Milksnake AD,"Categoría Clover animal existente — mantener ""Serpent""",Créer Animal (no Product)
T299GWYY3G32W,Albino Northern Pinesnake Fem,Serpent,600.00,,animal,,Serpent,Mantener,high,,Albino Northern Pinesnake Fem,"Categoría Clover animal existente — mantener ""Serpent""",Créer Animal (no Product)
AZN8JN50BJ3VP,Amazon Tree Boa AD,Serpent,350.00,,animal,,Serpent,Mantener,high,,Amazon Tree Boa AD,"Categoría Clover animal existente — mantener ""Serpent""",Créer Animal (no Product)
JQ91D37Q5Z4JA,Amazone Tree Boa BB,Serpent,1500.00,,animal,,Serpent,Mantener,high,,Amazone Tree Boa BB,"Categoría Clover animal existente — mantener ""Serpent""",Créer Animal (no Product)
FBRVTVYEHKHSA,Amel Tessera Juv,Serpent,300.00,,animal,,Serpent,Mantener,high,,Amel Tessera Juv,"Categoría Clover animal existente — mantener ""Serpent""",Créer Animal (no Product)
ND5E16CHRVS6T,Anery Honduran Milksnake Male Adult noir,Serpent,250.00,,animal,,Serpent,Mantener,high,,Anery Honduran Milksnake Male Adult noir,"Categoría Clover animal existente — mantener ""Serpent""",Créer Animal (no Product)
ZT04DGDCPHMXY,Angolan Python,Serpent,800.00,,animal,,Serpent,Mantener,high,,Angolan Python,"Categoría Clover animal existente — mantener ""Serpent""",Créer Animal (no Product)
9JR0VXFF2KKCM,Australian Water Python BB,Serpent,500.00,0,animal,,Serpent,Mantener,high,,Australian Water Python BB,"Categoría Clover animal existente — mantener ""Serpent""",Créer Animal (no Product)
74H6E463CMYJ2,BallPython Bleu Eyed Lucy BB,Serpent,600.00,,animal,,Serpent,Mantener,high,,BallPython Bleu Eyed Lucy BB,"Categoría Clover animal existente — mantener ""Serpent""",Créer Animal (no Product)
G5ZD44QVB0KZY,Banana Enchi Poss.OD Poss.YB M AC,Serpent,400.00,,animal,,Serpent,Mantener,high,,Banana Enchi Poss.OD Poss.YB M AC,"Categoría Clover animal existente — mantener ""Serpent""",Créer Animal (no Product)
QPDQ264SPB84A,Banana Enchi YB Het Pied Poss OD Male Juv.,Serpent,350.00,0,animal,,Serpent,Mantener,high,,Banana Enchi YB Het Pied Poss OD Male Juv.,"Categoría Clover animal existente — mantener ""Serpent""",Créer Animal (no Product)
0P9SBAF6TB3SC,Banana Enchi YB Poss.OD,Serpent,450.00,,animal,,Serpent,Mantener,high,,Banana Enchi YB Poss.OD,"Categoría Clover animal existente — mantener ""Serpent""",Créer Animal (no Product)
V5A7CZGCDZ9Z2,Banana Pied YB M BB,Serpent,1000.00,,animal,,Serpent,Mantener,high,,Banana Pied YB M BB,"Categoría Clover animal existente — mantener ""Serpent""",Créer Animal (no Product)
A0QVGQ5WAJ178,Banana Pinstripe DM,Serpent,200.00,,animal,,Serpent,Mantener,high,,Banana Pinstripe DM,"Categoría Clover animal existente — mantener ""Serpent""",Créer Animal (no Product)
EJ8EYGJFW0B8P,Black African House Snake Male BB,Serpent,300.00,,animal,,Serpent,Mantener,high,,Black African House Snake Male BB,"Categoría Clover animal existente — mantener ""Serpent""",Créer Animal (no Product)
2C79SK4WFEQGT,Black Pastel GHI Mojave Fem D.O.M,Serpent,600.00,,animal,,Serpent,Mantener,high,,Black Pastel GHI Mojave Fem D.O.M,"Categoría Clover animal existente — mantener ""Serpent""",Créer Animal (no Product)
QS83EKS5WRJS2,Black pewter Bamboo poss ENchi poss yellowbelly (Dan U),Serpent,600.00,,animal,,Serpent,Mantener,high,,Black pewter Bamboo poss ENchi poss yellowbelly (Dan U),"Categoría Clover animal existente — mantener ""Serpent""",Créer Animal (no Product)
893GFT533P3PE,Black rat snake,Serpent,200.00,,animal,,Serpent,Mantener,high,,Black rat snake,"Categoría Clover animal existente — mantener ""Serpent""",Créer Animal (no Product)
8Z6W473ZWXGRE,Blood Python Matrix,Serpent,250.00,,animal,,Serpent,Mantener,high,,Blood Python Matrix,"Categoría Clover animal existente — mantener ""Serpent""",Créer Animal (no Product)
3EK0J2WXT0Q70,Boa AD Sunglow Fem. Stav,Serpent,500.00,,animal,,Serpent,Mantener,high,,Boa AD Sunglow Fem. Stav,"Categoría Clover animal existente — mantener ""Serpent""",Créer Animal (no Product)
206FC9R40WHCM,Boa Alb Roswell Sibbling M,Serpent,500.00,,animal,,Serpent,Mantener,high,,Boa Alb Roswell Sibbling M,"Categoría Clover animal existente — mantener ""Serpent""",Créer Animal (no Product)
XBBG4KSNFKZ4J,Boa Albino Femelle Jeune Adulte,Serpent,250.00,,animal,,Serpent,Mantener,high,,Boa Albino Femelle Jeune Adulte,"Categoría Clover animal existente — mantener ""Serpent""",Créer Animal (no Product)
FA8N802751WG8,Boa Albino Motley Poss. Het Snow (Mike) mâle,Serpent,450.00,,animal,,Serpent,Mantener,high,,Boa Albino Motley Poss. Het Snow (Mike) mâle,"Categoría Clover animal existente — mantener ""Serpent""",Créer Animal (no Product)
Y1NZ073Y3G5SA,Boa Anery 50% Het Albino ( Poss Het Snow Juju ),Serpent,200.00,,animal,,Serpent,Mantener,high,,Boa Anery 50% Het Albino ( Poss Het Snow Juju ),"Categoría Clover animal existente — mantener ""Serpent""",Créer Animal (no Product)
Q676DQZNW5SA6,Boa Anery Motley 100% Het VPI femelle,Serpent,300.00,,animal,,Serpent,Mantener,high,,Boa Anery Motley 100% Het VPI femelle,"Categoría Clover animal existente — mantener ""Serpent""",Créer Animal (no Product)
6RBXM5GYMHYTM,Boa Anery possible het. Albino ( snow),Serpent,225.00,,animal,,Serpent,Mantener,high,,Boa Anery possible het. Albino ( snow),"Categoría Clover animal existente — mantener ""Serpent""",Créer Animal (no Product)
WT1NQ11GY2838,Boa Arabesque,Serpent,400.00,,animal,,Serpent,Mantener,high,,Boa Arabesque,"Categoría Clover animal existente — mantener ""Serpent""",Créer Animal (no Product)
QP4YA5QKS1W8E,Boa BCC,Serpent,350.00,,animal,,Serpent,Mantener,high,,Boa BCC,"Categoría Clover animal existente — mantener ""Serpent""",Créer Animal (no Product)
6ERH9FJJWF9A6,Boa BCC BCI Femelle Bébé,Serpent,400.00,,animal,,Serpent,Mantener,high,,Boa BCC BCI Femelle Bébé,"Categoría Clover animal existente — mantener ""Serpent""",Créer Animal (no Product)
0M7Q19PVE98GA,Boa Const. Anery BB RC,Serpent,250.00,,animal,,Serpent,Mantener,high,,Boa Const. Anery BB RC,"Categoría Clover animal existente — mantener ""Serpent""",Créer Animal (no Product)
3D4ZGKNDXA97C,Boa Constrictor Jungle Hypo Het. VPI Micka Fem,Serpent,600.00,,animal,,Serpent,Mantener,high,,Boa Constrictor Jungle Hypo Het. VPI Micka Fem,"Categoría Clover animal existente — mantener ""Serpent""",Créer Animal (no Product)
VMQEAZ8EVFP2W,Boa Costa Rica Femelle,Serpent,400.00,,animal,,Serpent,Mantener,high,,Boa Costa Rica Femelle,"Categoría Clover animal existente — mantener ""Serpent""",Créer Animal (no Product)
G10M8JHYS0S5J,Boa Dumeril BB,Serpent,350.00,,animal,,Serpent,Mantener,high,,Boa Dumeril BB,"Categoría Clover animal existente — mantener ""Serpent""",Créer Animal (no Product)
R943QBCN9HZAW,Boa Emeraude Male AD,Serpent,1500.00,,animal,,Serpent,Mantener,high,,Boa Emeraude Male AD,"Categoría Clover animal existente — mantener ""Serpent""",Créer Animal (no Product)
T48CSMJ5HYNGG,Boa Fem Motley D.o.m,Serpent,250.00,,animal,,Serpent,Mantener,high,,Boa Fem Motley D.o.m,"Categoría Clover animal existente — mantener ""Serpent""",Créer Animal (no Product)
S21065DPB0JRG,Boa Het. Roswell M^DOM,Serpent,300.00,,animal,,Serpent,Mantener,high,,Boa Het. Roswell M^DOM,"Categoría Clover animal existente — mantener ""Serpent""",Créer Animal (no Product)
N8V8TQJ24XM96,Boa Het. VPI femelle,Serpent,250.00,,animal,,Serpent,Mantener,high,,Boa Het. VPI femelle,"Categoría Clover animal existente — mantener ""Serpent""",Créer Animal (no Product)
9ERWYECT9P80A,Boa Hypo Femelle adulte 5 ans,Serpent,300.00,,animal,,Serpent,Mantener,high,,Boa Hypo Femelle adulte 5 ans,"Categoría Clover animal existente — mantener ""Serpent""",Créer Animal (no Product)
8HRE9SMGD028P,Boa Hypo Jungle Het.VPI BB,Serpent,200.00,,animal,,Serpent,Mantener,high,,Boa Hypo Jungle Het.VPI BB,"Categoría Clover animal existente — mantener ""Serpent""",Créer Animal (no Product)
NNS4QW64TEMF4,Boa Hypo Jungle Het.VPI male ( d.o.m. ),Serpent,250.00,,animal,,Serpent,Mantener,high,,Boa Hypo Jungle Het.VPI male ( d.o.m. ),"Categoría Clover animal existente — mantener ""Serpent""",Créer Animal (no Product)
HJWVS3WPJMAV2,Boa Hypo Motley Het Moon AD male,Serpent,200.00,,animal,,Serpent,Mantener,high,,Boa Hypo Motley Het Moon AD male,"Categoría Clover animal existente — mantener ""Serpent""",Créer Animal (no Product)
02WHHV7FRZMWM,Boa IMG BB 100% Het.Anery. 50% Poss Het. Alb.,Serpent,1000.00,,animal,,Serpent,Mantener,high,,Boa IMG BB 100% Het.Anery. 50% Poss Het. Alb.,"Categoría Clover animal existente — mantener ""Serpent""",Créer Animal (no Product)
0RFJG69TSMMWA,Boa IMG Het Albino fem,Serpent,1000.00,,animal,,Serpent,Mantener,high,,Boa IMG Het Albino fem,"Categoría Clover animal existente — mantener ""Serpent""",Créer Animal (no Product)
2EVB6AA7281VT,Boa IMG Hypo. Jungle Het.Albino,Serpent,1600.00,,animal,,Serpent,Mantener,high,,Boa IMG Hypo. Jungle Het.Albino,"Categoría Clover animal existente — mantener ""Serpent""",Créer Animal (no Product)
Y6TA9C679JA94,Boa Jungle ( Chain ) 100% Het. VPI,Serpent,900.00,,animal,,Serpent,Mantener,high,,Boa Jungle ( Chain ) 100% Het. VPI,"Categoría Clover animal existente — mantener ""Serpent""",Créer Animal (no Product)
96NXZG3C3QWJJ,Boa Leopard,Serpent,450.00,,animal,,Serpent,Mantener,high,,Boa Leopard,"Categoría Clover animal existente — mantener ""Serpent""",Créer Animal (no Product)
B77070A2NGT52,Boa Leopard 66% Het. Alb,Serpent,425.00,,animal,,Serpent,Mantener,high,,Boa Leopard 66% Het. Alb,"Categoría Clover animal existente — mantener ""Serpent""",Créer Animal (no Product)
YXG31WAKC63KA,Boa Leopard Hypo BB male,Serpent,750.00,,animal,,Serpent,Mantener,high,,Boa Leopard Hypo BB male,"Categoría Clover animal existente — mantener ""Serpent""",Créer Animal (no Product)
NA6B99QB3D150,Boa Motley Het Leo  ( d.o.m ),Serpent,400.00,,animal,,Serpent,Mantener,high,,Boa Motley Het Leo  ( d.o.m ),"Categoría Clover animal existente — mantener ""Serpent""",Créer Animal (no Product)
S9T7Z7TBRJJ1G,Boa Motley Poss Het Snow MVV,Serpent,150.00,,animal,,Serpent,Mantener,high,,Boa Motley Poss Het Snow MVV,"Categoría Clover animal existente — mantener ""Serpent""",Créer Animal (no Product)
SN9KQ338ZCVBA,Boa Pastel Femelle,Serpent,300.00,,animal,,Serpent,Mantener,high,,Boa Pastel Femelle,"Categoría Clover animal existente — mantener ""Serpent""",Créer Animal (no Product)
JHBESTSJ5ANY2,Boa Poss Super Hypo Male 100% Het.vpi,Serpent,300.00,,animal,,Serpent,Mantener,high,,Boa Poss Super Hypo Male 100% Het.vpi,"Categoría Clover animal existente — mantener ""Serpent""",Créer Animal (no Product)
FFYVAHK47YEDW,Boa Poss. Super Hypo Motley Het VPI Mâle,Serpent,250.00,0,animal,,Serpent,Mantener,high,,Boa Poss. Super Hypo Motley Het VPI Mâle,"Categoría Clover animal existente — mantener ""Serpent""",Créer Animal (no Product)
FVCMVTXC9TKX2,Boa RTL Hypo 100% het Blood Het anery et het Albino 25% Male,Serpent,280.00,,animal,,Serpent,Mantener,high,,Boa RTL Hypo 100% het Blood Het anery et het Albino 25% Male,"Categoría Clover animal existente — mantener ""Serpent""",Créer Animal (no Product)
7ZNMAGWYBPTYG,Boa RTL super Hypo 100% Het BLood 25% het anery 25% het albino Femelle (CK),Serpent,280.00,,animal,,Serpent,Mantener,high,,Boa RTL super Hypo 100% Het BLood 25% het anery 25% het albino Femelle (CK),"Categoría Clover animal existente — mantener ""Serpent""",Créer Animal (no Product)
WW1M57HCRJT36,Boa Reg Het Leo 100% Het Albino F BB,Serpent,225.00,,animal,,Serpent,Mantener,high,,Boa Reg Het Leo 100% Het Albino F BB,"Categoría Clover animal existente — mantener ""Serpent""",Créer Animal (no Product)
FGVTZM0Z2NWA4,Boa Reg Het. Anery Just,Serpent,150.00,,animal,,Serpent,Mantener,high,,Boa Reg Het. Anery Just,"Categoría Clover animal existente — mantener ""Serpent""",Créer Animal (no Product)
YG1JD9QH20398,Boa Reg Stav Line Jess,Serpent,250.00,,animal,,Serpent,Mantener,high,,Boa Reg Stav Line Jess,"Categoría Clover animal existente — mantener ""Serpent""",Créer Animal (no Product)
ABKY44NGFXCCW,Boa Stav Line Jungle BB J.E.S.S,Serpent,450.00,,animal,,Serpent,Mantener,high,,Boa Stav Line Jungle BB J.E.S.S,"Categoría Clover animal existente — mantener ""Serpent""",Créer Animal (no Product)
JN0R0FJ8R6V86,Boa Sunglow Fem. Juv. Consigne,Serpent,275.00,,animal,,Serpent,Mantener,high,,Boa Sunglow Fem. Juv. Consigne,"Categoría Clover animal existente — mantener ""Serpent""",Créer Animal (no Product)
F01G0CMPJTRRE,Boa Sunglow Poss het Moon Sharp,Serpent,500.00,,animal,,Serpent,Mantener,high,,Boa Sunglow Poss het Moon Sharp,"Categoría Clover animal existente — mantener ""Serpent""",Créer Animal (no Product)
HFRPZPZPNR6TM,Boa T+ Poss. Super Sunglow BB RC,Serpent,450.00,,animal,,Serpent,Mantener,high,,Boa T+ Poss. Super Sunglow BB RC,"Categoría Clover animal existente — mantener ""Serpent""",Créer Animal (no Product)
5ZR5S78W5QMJ4,Boa VPI mâle,Serpent,600.00,,animal,,Serpent,Mantener,high,,Boa VPI mâle,"Categoría Clover animal existente — mantener ""Serpent""",Créer Animal (no Product)
26CFPAR446HRC,Boa femelle Motley T+ Francis,Serpent,400.00,,animal,,Serpent,Mantener,high,,Boa femelle Motley T+ Francis,"Categoría Clover animal existente — mantener ""Serpent""",Créer Animal (no Product)
CQFBPK4J66DKP,Boa hypo Jungle femelle (jess),Serpent,250.00,,animal,,Serpent,Mantener,high,,Boa hypo Jungle femelle (jess),"Categoría Clover animal existente — mantener ""Serpent""",Créer Animal (no Product)
66X71X6AFCRV0,Boa motley male bb,Serpent,250.00,0,animal,,Serpent,Mantener,high,,Boa motley male bb,"Categoría Clover animal existente — mantener ""Serpent""",Créer Animal (no Product)
VTM955D3XQ7JG,Boa régulier 100% het VPI mâle,Serpent,200.00,,animal,,Serpent,Mantener,high,,Boa régulier 100% het VPI mâle,"Categoría Clover animal existente — mantener ""Serpent""",Créer Animal (no Product)
26Q09S5R4XRK6,"Boa super ghost hypo, motley het VPI femelle",Serpent,450.00,,animal,,Serpent,Mantener,high,,"Boa super ghost hypo, motley het VPI femelle","Categoría Clover animal existente — mantener ""Serpent""",Créer Animal (no Product)
2S1M2J94XRPCP,Brazilian Rainbow Boas BB,Serpent,300.00,,animal,,Serpent,Mantener,high,,Brazilian Rainbow Boas BB,"Categoría Clover animal existente — mantener ""Serpent""",Créer Animal (no Product)
KCSV80ZPWJHJA,Bresilian BRB BB Mart,Serpent,200.00,,animal,,Serpent,Mantener,high,,Bresilian BRB BB Mart,"Categoría Clover animal existente — mantener ""Serpent""",Créer Animal (no Product)
7ZGMKT2D2ASFG,Bullsnake Albino BB,Serpent,450.00,,animal,,Serpent,Mantener,high,,Bullsnake Albino BB,"Categoría Clover animal existente — mantener ""Serpent""",Créer Animal (no Product)
ZZP0987E6AHBW,Bullsnake Albino Hypo BB,Serpent,1200.00,0,animal,,Serpent,Mantener,high,,Bullsnake Albino Hypo BB,"Categoría Clover animal existente — mantener ""Serpent""",Créer Animal (no Product)
M3ZNAATSQ0H8T,Bumblebee Pin F DM,Serpent,200.00,,animal,,Serpent,Mantener,high,,Bumblebee Pin F DM,"Categoría Clover animal existente — mantener ""Serpent""",Créer Animal (no Product)
CNKSYAGH0TYW6,Califonia Kingsnake Lavender Aberant BB,Serpent,325.00,,animal,,Serpent,Mantener,high,,Califonia Kingsnake Lavender Aberant BB,"Categoría Clover animal existente — mantener ""Serpent""",Créer Animal (no Product)
R2YEBVXZE9G34,California King,Serpent,300.00,,animal,,Serpent,Mantener,high,,California King,"Categoría Clover animal existente — mantener ""Serpent""",Créer Animal (no Product)
PM41A9XRGCC8T,California Kingsnake bb,Serpent,150.00,,animal,,Serpent,Mantener,high,,California Kingsnake bb,"Categoría Clover animal existente — mantener ""Serpent""",Créer Animal (no Product)
Y1J00C0XAD9DE,Carpet Fem,Serpent,50.00,,animal,,Serpent,Mantener,high,,Carpet Fem,"Categoría Clover animal existente — mantener ""Serpent""",Créer Animal (no Product)
X0AZJW21RTB5G,Carpet Fem AD Papuan,Serpent,500.00,,animal,,Serpent,Mantener,high,,Carpet Fem AD Papuan,"Categoría Clover animal existente — mantener ""Serpent""",Créer Animal (no Product)
ETN383F4VJJWJ,Carpet mâle 66% het albino,Serpent,200.00,,animal,,Serpent,Mantener,high,,Carpet mâle 66% het albino,"Categoría Clover animal existente — mantener ""Serpent""",Créer Animal (no Product)
YCENW5FGTNJVA,Chapala Garter BB,Serpent,200.00,,animal,,Serpent,Mantener,high,,Chapala Garter BB,"Categoría Clover animal existente — mantener ""Serpent""",Créer Animal (no Product)
3B92S1QKYZCZY,Checkered Garter Het albino adultes,Serpent,450.00,,animal,,Serpent,Mantener,high,,Checkered Garter Het albino adultes,"Categoría Clover animal existente — mantener ""Serpent""",Créer Animal (no Product)
FK3T0TNAE8TBW,Checkered Garter Snakes Albino Pastel AD,Serpent,240.00,,animal,,Serpent,Mantener,high,,Checkered Garter Snakes Albino Pastel AD,"Categoría Clover animal existente — mantener ""Serpent""",Créer Animal (no Product)
VAYF1D0M0BGAP,Chinese Beauty Snake,Serpent,225.00,,animal,,Serpent,Mantener,high,,Chinese Beauty Snake,"Categoría Clover animal existente — mantener ""Serpent""",Créer Animal (no Product)
8S0C58X2BTJPM,Corn Fire Tess MP,Serpent,275.00,,animal,,Serpent,Mantener,high,,Corn Fire Tess MP,"Categoría Clover animal existente — mantener ""Serpent""",Créer Animal (no Product)
0C94ZC43R8M2M,Corn Scaleless Tessera Es. Okeetee Male adulte,Serpent,450.00,,animal,,Serpent,Mantener,high,,Corn Scaleless Tessera Es. Okeetee Male adulte,"Categoría Clover animal existente — mantener ""Serpent""",Créer Animal (no Product)
WC0JGTWF7672E,Corn Snake Hypo Blood Tessera,Serpent,225.99,,animal,,Serpent,Mantener,high,,Corn Snake Hypo Blood Tessera,"Categoría Clover animal existente — mantener ""Serpent""",Créer Animal (no Product)
MTJW0R2H3CFEA,"Corn Tess.class.100%hetdiff,66%het stripe &charcoal50% het snow FC",Serpent,150.00,,animal,,Serpent,Mantener,high,,"Corn Tess.class.100%hetdiff,66%het stripe &charcoal50% het snow FC","Categoría Clover animal existente — mantener ""Serpent""",Créer Animal (no Product)
RGCV60075SR54,Corn snow AD JL,Serpent,175.00,,animal,,Serpent,Mantener,high,,Corn snow AD JL,"Categoría Clover animal existente — mantener ""Serpent""",Créer Animal (no Product)
8032VJAYJJK9T,Corn snow adulte fem,Serpent,195.00,,animal,,Serpent,Mantener,high,,Corn snow adulte fem,"Categoría Clover animal existente — mantener ""Serpent""",Créer Animal (no Product)
ME2YMA84SFFWE,Cornnake Sunkissed BB,Serpent,100.00,,animal,,Serpent,Mantener,high,,Cornnake Sunkissed BB,"Categoría Clover animal existente — mantener ""Serpent""",Créer Animal (no Product)
THPK2ZRJ55JP0,Cornsanke Okeeteee Scaleless Male BB,Serpent,275.00,,animal,,Serpent,Mantener,high,,Cornsanke Okeeteee Scaleless Male BB,"Categoría Clover animal existente — mantener ""Serpent""",Créer Animal (no Product)
2ER98V2VKD8T6,Cornsmake Scaless  Alb.  Okeete BB,Serpent,450.00,,animal,,Serpent,Mantener,high,,Cornsmake Scaless  Alb.  Okeete BB,"Categoría Clover animal existente — mantener ""Serpent""",Créer Animal (no Product)
WA3SAPYZX4G9M,Cornsnake,Serpent,200.00,,animal,,Serpent,Mantener,high,,Cornsnake,"Categoría Clover animal existente — mantener ""Serpent""",Créer Animal (no Product)
F8PR74XZTSV6J,Cornsnake AD Snow JL,Serpent,175.00,,animal,,Serpent,Mantener,high,,Cornsnake AD Snow JL,"Categoría Clover animal existente — mantener ""Serpent""",Créer Animal (no Product)
Z1D9WPVS3P3XT,Cornsnake Adulte,Serpent,175.00,0,animal,,Serpent,Mantener,high,,Cornsnake Adulte,"Categoría Clover animal existente — mantener ""Serpent""",Créer Animal (no Product)
F1GXCVVZ04XYC,Cornsnake Albino Hypo Tessera,Serpent,175.00,,animal,,Serpent,Mantener,high,,Cornsnake Albino Hypo Tessera,"Categoría Clover animal existente — mantener ""Serpent""",Créer Animal (no Product)
HBQ5H14PHNFJE,Cornsnake Albino Okeetee,Serpent,175.00,,animal,,Serpent,Mantener,high,,Cornsnake Albino Okeetee,"Categoría Clover animal existente — mantener ""Serpent""",Créer Animal (no Product)
YG15KM0CWH6QC,Cornsnake Albino Okeetee Hypo BB,Serpent,125.00,,animal,,Serpent,Mantener,high,,Cornsnake Albino Okeetee Hypo BB,"Categoría Clover animal existente — mantener ""Serpent""",Créer Animal (no Product)
05P71W6EKW6M4,Cornsnake Albino Tess Okeetee,Serpent,175.00,,animal,,Serpent,Mantener,high,,Cornsnake Albino Tess Okeetee,"Categoría Clover animal existente — mantener ""Serpent""",Créer Animal (no Product)
9248WCPTKVW1C,Cornsnake Amber Striped BB poss het snow,Serpent,200.00,,animal,,Serpent,Mantener,high,,Cornsnake Amber Striped BB poss het snow,"Categoría Clover animal existente — mantener ""Serpent""",Créer Animal (no Product)
CGA94WPE5733G,Cornsnake Anery BB RC,Serpent,175.00,,animal,,Serpent,Mantener,high,,Cornsnake Anery BB RC,"Categoría Clover animal existente — mantener ""Serpent""",Créer Animal (no Product)
WKYD5R242B9DY,Cornsnake Anery Het Stripe / Snow,Serpent,125.00,,animal,,Serpent,Mantener,high,,Cornsnake Anery Het Stripe / Snow,"Categoría Clover animal existente — mantener ""Serpent""",Créer Animal (no Product)
25AMQNXY1X9Z4,Cornsnake Anery Motley AD,Serpent,80.00,,animal,,Serpent,Mantener,high,,Cornsnake Anery Motley AD,"Categoría Clover animal existente — mantener ""Serpent""",Créer Animal (no Product)
3TADQCG4HZM0M,Cornsnake Anery Striped,Serpent,140.00,,animal,,Serpent,Mantener,high,,Cornsnake Anery Striped,"Categoría Clover animal existente — mantener ""Serpent""",Créer Animal (no Product)
K3S47KGK1XMJ8,Cornsnake Anery Tessera RC,Serpent,200.00,,animal,,Serpent,Mantener,high,,Cornsnake Anery Tessera RC,"Categoría Clover animal existente — mantener ""Serpent""",Créer Animal (no Product)
MYGHZQK4AYSNC,Cornsnake BB Amber Striped Motley het amel 50% het anery,Serpent,150.00,,animal,,Serpent,Mantener,high,,Cornsnake BB Amber Striped Motley het amel 50% het anery,"Categoría Clover animal existente — mantener ""Serpent""",Créer Animal (no Product)
NE9WW4PS1XHSM,Cornsnake BB Hypo Snow,Serpent,150.00,,animal,,Serpent,Mantener,high,,Cornsnake BB Hypo Snow,"Categoría Clover animal existente — mantener ""Serpent""",Créer Animal (no Product)
VAG1BA54YBD2E,Cornsnake BB Snow,Serpent,175.00,,animal,,Serpent,Mantener,high,,Cornsnake BB Snow,"Categoría Clover animal existente — mantener ""Serpent""",Créer Animal (no Product)
1JKSW9BKAH04M,Cornsnake Blizzard MR,Serpent,250.00,,animal,,Serpent,Mantener,high,,Cornsnake Blizzard MR,"Categoría Clover animal existente — mantener ""Serpent""",Créer Animal (no Product)
MGA3C9Z5XVA0J,Cornsnake Butter (MA),Serpent,250.00,,animal,,Serpent,Mantener,high,,Cornsnake Butter (MA),"Categoría Clover animal existente — mantener ""Serpent""",Créer Animal (no Product)
Q0DQ3R3W7SWTG,Cornsnake Caramel Butter Male AD,Serpent,175.00,,animal,,Serpent,Mantener,high,,Cornsnake Caramel Butter Male AD,"Categoría Clover animal existente — mantener ""Serpent""",Créer Animal (no Product)
VQCG4HYAYB250,Cornsnake Caramel Motley Striped,Serpent,250.00,,animal,,Serpent,Mantener,high,,Cornsnake Caramel Motley Striped,"Categoría Clover animal existente — mantener ""Serpent""",Créer Animal (no Product)
RRB8FMQA2VEQ8,Cornsnake Caramel tessera Fem,Serpent,200.00,,animal,,Serpent,Mantener,high,,Cornsnake Caramel tessera Fem,"Categoría Clover animal existente — mantener ""Serpent""",Créer Animal (no Product)
BT2P7XNF7VPMR,Cornsnake Charcoal FC,Serpent,350.00,,animal,,Serpent,Mantener,high,,Cornsnake Charcoal FC,"Categoría Clover animal existente — mantener ""Serpent""",Créer Animal (no Product)
7VZXX9PC1HJDG,Cornsnake Fire Tessera BB,Serpent,300.00,,animal,,Serpent,Mantener,high,,Cornsnake Fire Tessera BB,"Categoría Clover animal existente — mantener ""Serpent""",Créer Animal (no Product)
2N6868RVG771M,Cornsnake Hypo Mothley,Serpent,200.00,,animal,,Serpent,Mantener,high,,Cornsnake Hypo Mothley,"Categoría Clover animal existente — mantener ""Serpent""",Créer Animal (no Product)
YNB47YEWB6F90,Cornsnake Hypo Okeetee BB,Serpent,80.00,,animal,,Serpent,Mantener,high,,Cornsnake Hypo Okeetee BB,"Categoría Clover animal existente — mantener ""Serpent""",Créer Animal (no Product)
2K5N0W4Z84PNT,Cornsnake Motley BB,Serpent,150.00,,animal,,Serpent,Mantener,high,,Cornsnake Motley BB,"Categoría Clover animal existente — mantener ""Serpent""",Créer Animal (no Product)
C7SDGV2W43VFP,Cornsnake Orange Tess Striped,Serpent,225.00,,animal,,Serpent,Mantener,high,,Cornsnake Orange Tess Striped,"Categoría Clover animal existente — mantener ""Serpent""",Créer Animal (no Product)
T9D1N22TY6AN6,Cornsnake Palmetto Albino,Serpent,1250.00,,animal,,Serpent,Mantener,high,,Cornsnake Palmetto Albino,"Categoría Clover animal existente — mantener ""Serpent""",Créer Animal (no Product)
WNA69VKEP01F6,Cornsnake Palmetto Albino BB Male,Serpent,1500.00,,animal,,Serpent,Mantener,high,,Cornsnake Palmetto Albino BB Male,"Categoría Clover animal existente — mantener ""Serpent""",Créer Animal (no Product)
Y2WNXMEQDEJE4,Cornsnake Palmetto BB,Serpent,1000.00,,animal,,Serpent,Mantener,high,,Cornsnake Palmetto BB,"Categoría Clover animal existente — mantener ""Serpent""",Créer Animal (no Product)
EK12KRM0B0VX0,Cornsnake Pepermint Tessera AH,Serpent,800.00,,animal,,Serpent,Mantener,high,,Cornsnake Pepermint Tessera AH,"Categoría Clover animal existente — mantener ""Serpent""",Créer Animal (no Product)
4Q3HW4VRQDKNW,Cornsnake Pepermint Tessera Snow AD,Serpent,500.00,,animal,,Serpent,Mantener,high,,Cornsnake Pepermint Tessera Snow AD,"Categoría Clover animal existente — mantener ""Serpent""",Créer Animal (no Product)
9JBCC80867YAY,Cornsnake Pewter BB,Serpent,225.00,,animal,,Serpent,Mantener,high,,Cornsnake Pewter BB,"Categoría Clover animal existente — mantener ""Serpent""",Créer Animal (no Product)
YBQ0PVPV2HCQ8,Cornsnake Pewter Tess Het Mot het striped poss het amel anery bb,Serpent,200.00,,animal,,Serpent,Mantener,high,,Cornsnake Pewter Tess Het Mot het striped poss het amel anery bb,"Categoría Clover animal existente — mantener ""Serpent""",Créer Animal (no Product)
6N63Z73XZZ596,Cornsnake Salmon Snow (Coral Snow) male juvénile,Serpent,325.00,0,animal,,Serpent,Mantener,high,,Cornsnake Salmon Snow (Coral Snow) male juvénile,"Categoría Clover animal existente — mantener ""Serpent""",Créer Animal (no Product)
94D5VSNVN3PZA,Cornsnake Scaleless Albino  Motley BB RC,Serpent,800.00,,animal,,Serpent,Mantener,high,,Cornsnake Scaleless Albino  Motley BB RC,"Categoría Clover animal existente — mantener ""Serpent""",Créer Animal (no Product)
SHE38PZPXC3AG,Cornsnake Scaleless Anery BB RC,Serpent,700.00,,animal,,Serpent,Mantener,high,,Cornsnake Scaleless Anery BB RC,"Categoría Clover animal existente — mantener ""Serpent""",Créer Animal (no Product)
F9K80YFVH8K2G,Cornsnake Scaleless Mot Hypo Anery BB,Serpent,900.00,,animal,,Serpent,Mantener,high,,Cornsnake Scaleless Mot Hypo Anery BB,"Categoría Clover animal existente — mantener ""Serpent""",Créer Animal (no Product)
4HZ1S376EV2GE,Cornsnake Scaleless Okeetee,Serpent,500.00,,animal,,Serpent,Mantener,high,,Cornsnake Scaleless Okeetee,"Categoría Clover animal existente — mantener ""Serpent""",Créer Animal (no Product)
0KKP2A59F5FJ6,Cornsnake Scaleless Okeetee Anery,Serpent,800.00,,animal,,Serpent,Mantener,high,,Cornsnake Scaleless Okeetee Anery,"Categoría Clover animal existente — mantener ""Serpent""",Créer Animal (no Product)
M3HVNSD1ZPWBW,Cornsnake Scaleless Partial striped,Serpent,300.00,,animal,,Serpent,Mantener,high,,Cornsnake Scaleless Partial striped,"Categoría Clover animal existente — mantener ""Serpent""",Créer Animal (no Product)
9CC3TCQS7S66Y,Cornsnake Scaleless RC BB,Serpent,450.00,,animal,,Serpent,Mantener,high,,Cornsnake Scaleless RC BB,"Categoría Clover animal existente — mantener ""Serpent""",Créer Animal (no Product)
EM6T1SR5XP5VJ,Cornsnake Scales less,Serpent,600.00,,animal,,Serpent,Mantener,high,,Cornsnake Scales less,"Categoría Clover animal existente — mantener ""Serpent""",Créer Animal (no Product)
6Y0SDPCKRYG1J,Cornsnake Scaless Tess. Stripe,Serpent,1000.00,,animal,,Serpent,Mantener,high,,Cornsnake Scaless Tess. Stripe,"Categoría Clover animal existente — mantener ""Serpent""",Créer Animal (no Product)
NCJR5PB313XYC,Cornsnake Snow Red Factor,Serpent,500.00,,animal,,Serpent,Mantener,high,,Cornsnake Snow Red Factor,"Categoría Clover animal existente — mantener ""Serpent""",Créer Animal (no Product)
D1T7RVVV7YS5W,Cornsnake Snow Striped T+ BB,Serpent,225.00,,animal,,Serpent,Mantener,high,,Cornsnake Snow Striped T+ BB,"Categoría Clover animal existente — mantener ""Serpent""",Créer Animal (no Product)
TA8NR768S2V62,Cornsnake Snow Tessera patterneless BB,Serpent,225.00,,animal,,Serpent,Mantener,high,,Cornsnake Snow Tessera patterneless BB,"Categoría Clover animal existente — mantener ""Serpent""",Créer Animal (no Product)
ZCV398T9EVNDT,Cornsnake Stripe Fire,Serpent,300.00,,animal,,Serpent,Mantener,high,,Cornsnake Stripe Fire,"Categoría Clover animal existente — mantener ""Serpent""",Créer Animal (no Product)
HJYN77D2TBGNT,Cornsnake Sunglow BB,Serpent,125.00,,animal,,Serpent,Mantener,high,,Cornsnake Sunglow BB,"Categoría Clover animal existente — mantener ""Serpent""",Créer Animal (no Product)
YABWHJWTW75EM,Cornsnake Sunglow Motley BB RC,Serpent,100.00,,animal,,Serpent,Mantener,high,,Cornsnake Sunglow Motley BB RC,"Categoría Clover animal existente — mantener ""Serpent""",Créer Animal (no Product)
9EJWSFC89F6RP,Cornsnake Sunglow Stripe Motley,Serpent,175.00,,animal,,Serpent,Mantener,high,,Cornsnake Sunglow Stripe Motley,"Categoría Clover animal existente — mantener ""Serpent""",Créer Animal (no Product)
HWQVXRKKHHWZY,"Cornsnake Tess 100% amel,Hypo,stripe 50% caramel FC",Serpent,150.00,,animal,,Serpent,Mantener,high,,"Cornsnake Tess 100% amel,Hypo,stripe 50% caramel FC","Categoría Clover animal existente — mantener ""Serpent""",Créer Animal (no Product)
CJPEE8PBA7EAM,Cornsnake Tess Mtley stripe FC,Serpent,150.00,,animal,,Serpent,Mantener,high,,Cornsnake Tess Mtley stripe FC,"Categoría Clover animal existente — mantener ""Serpent""",Créer Animal (no Product)
XMBDZ70GS7JS2,Cornsnake Tess Stripe Albino Okeetee BB,Serpent,250.00,,animal,,Serpent,Mantener,high,,Cornsnake Tess Stripe Albino Okeetee BB,"Categoría Clover animal existente — mantener ""Serpent""",Créer Animal (no Product)
VPKJWES31QY2P,Cornsnake Tess diffused 66% het charcoal & tripe Poss het snow,Serpent,150.00,,animal,,Serpent,Mantener,high,,Cornsnake Tess diffused 66% het charcoal & tripe Poss het snow,"Categoría Clover animal existente — mantener ""Serpent""",Créer Animal (no Product)
XQ1PTKB0RHX6Y,Cornsnake Tess special fem,Serpent,200.00,,animal,,Serpent,Mantener,high,,Cornsnake Tess special fem,"Categoría Clover animal existente — mantener ""Serpent""",Créer Animal (no Product)
JN56KHDB52MNJ,Cornsnake Tessera,Serpent,150.00,,animal,,Serpent,Mantener,high,,Cornsnake Tessera,"Categoría Clover animal existente — mantener ""Serpent""",Créer Animal (no Product)
V90YQSMK70WBE,Cornsnake Tessera Albino MR,Serpent,160.00,,animal,,Serpent,Mantener,high,,Cornsnake Tessera Albino MR,"Categoría Clover animal existente — mantener ""Serpent""",Créer Animal (no Product)
GV8VCTGTKBNDG,Cornsnake Tessera Albino Okeete MR,Serpent,160.00,,animal,,Serpent,Mantener,high,,Cornsnake Tessera Albino Okeete MR,"Categoría Clover animal existente — mantener ""Serpent""",Créer Animal (no Product)
4BZDY6K9RH7PP,Cornsnake Tessera Albino Sunglow MR,Serpent,160.00,,animal,,Serpent,Mantener,high,,Cornsnake Tessera Albino Sunglow MR,"Categoría Clover animal existente — mantener ""Serpent""",Créer Animal (no Product)
C994HBB1W351W,"Cornsnake Tessera Charcoal -PH Anery , amel , diffused",Serpent,175.00,,animal,,Serpent,Mantener,high,,"Cornsnake Tessera Charcoal -PH Anery , amel , diffused","Categoría Clover animal existente — mantener ""Serpent""",Créer Animal (no Product)
D26RSPHHG0G2P,Cornsnake Tessera Charcoal 100% Diff. 66% het. Striped . 50% het snow,Serpent,250.00,,animal,,Serpent,Mantener,high,,Cornsnake Tessera Charcoal 100% Diff. 66% het. Striped . 50% het snow,"Categoría Clover animal existente — mantener ""Serpent""",Créer Animal (no Product)
D4N64WG0FTHEW,Cornsnake Tessera Striped Snow,Serpent,125.00,,animal,,Serpent,Mantener,high,,Cornsnake Tessera Striped Snow,"Categoría Clover animal existente — mantener ""Serpent""",Créer Animal (no Product)
5ZRJYS7QH005E,Cornsnake okeetee,Serpent,90.00,,animal,,Serpent,Mantener,high,,Cornsnake okeetee,"Categoría Clover animal existente — mantener ""Serpent""",Créer Animal (no Product)
CMGW6MC2GXPCG,Cornsnake sunglow bb DF,Serpent,125.00,,animal,,Serpent,Mantener,high,,Cornsnake sunglow bb DF,"Categoría Clover animal existente — mantener ""Serpent""",Créer Animal (no Product)
B469JJ4FW799R,Cornsnake sunglow mothley,Serpent,150.00,,animal,,Serpent,Mantener,high,,Cornsnake sunglow mothley,"Categoría Clover animal existente — mantener ""Serpent""",Créer Animal (no Product)
KCWDH1GA9BXER,Cornsnake tesera albino,Serpent,150.00,,animal,,Serpent,Mantener,high,,Cornsnake tesera albino,"Categoría Clover animal existente — mantener ""Serpent""",Créer Animal (no Product)
MT4W68Q45HF64,Cprnsnake Salmon Snow Palemetto M BB,Serpent,1500.00,,animal,,Serpent,Mantener,high,,Cprnsnake Salmon Snow Palemetto M BB,"Categoría Clover animal existente — mantener ""Serpent""",Créer Animal (no Product)
MAN91XSG0A8DG,Desert Kingsnake,Serpent,300.00,,animal,,Serpent,Mantener,high,,Desert Kingsnake,"Categoría Clover animal existente — mantener ""Serpent""",Créer Animal (no Product)
AKZMN50P0XJ86,ETB Adulte male,Serpent,1500.00,,animal,,Serpent,Mantener,high,,Adulte male,"Categoría Clover animal existente — mantener ""Serpent""",Créer Animal (no Product)
TMENG4M64T5XG,Egg Eater,Serpent,400.00,,animal,,Serpent,Mantener,high,,Egg Eater,"Categoría Clover animal existente — mantener ""Serpent""",Créer Animal (no Product)
4W4NCG878WHBE,Elaphe anomala,Serpent,250.00,,animal,,Serpent,Mantener,high,,Elaphe anomala,"Categoría Clover animal existente — mantener ""Serpent""",Créer Animal (no Product)
VZGKXEXV76JEG,Enchi Bee Femelle,Serpent,250.00,,animal,,Serpent,Mantener,high,,Enchi Bee Femelle,"Categoría Clover animal existente — mantener ""Serpent""",Créer Animal (no Product)
EMHEACPA169T4,Everglades Ratsnakes,Serpent,40.00,,animal,,Serpent,Mantener,high,,Everglades Ratsnakes,"Categoría Clover animal existente — mantener ""Serpent""",Créer Animal (no Product)
BMWS3W9M8MF6E,File Snake,Serpent,200.00,,animal,,Serpent,Mantener,high,,File Snake,"Categoría Clover animal existente — mantener ""Serpent""",Créer Animal (no Product)
P24VKHM9S88X8,GTP,Serpent,1050.00,,animal,,Serpent,Mantener,high,,GTP,"Categoría Clover animal existente — mantener ""Serpent""",Créer Animal (no Product)
ZQ5GVAE13DAV6,Garter Snake mexican Black Belly,Serpent,450.00,,animal,,Serpent,Mantener,high,,Garter Snake mexican Black Belly,"Categoría Clover animal existente — mantener ""Serpent""",Créer Animal (no Product)
T7MY79BC44RCY,Gopher Het.Albino MM,Serpent,250.00,,animal,,Serpent,Mantener,high,,Gopher Het.Albino MM,"Categoría Clover animal existente — mantener ""Serpent""",Créer Animal (no Product)
0ADJ03A0YPAWE,Hognose Albino,Serpent,400.00,,animal,,Serpent,Mantener,high,,Hognose Albino,"Categoría Clover animal existente — mantener ""Serpent""",Créer Animal (no Product)
922VTJ3XTF7ZC,Hognose Arctic Watermelon male,Serpent,400.00,,animal,,Serpent,Mantener,high,,Hognose Arctic Watermelon male,"Categoría Clover animal existente — mantener ""Serpent""",Créer Animal (no Product)
XS54P24JRMTBW,Hognose water melon red gene male,Serpent,300.00,,animal,,Serpent,Mantener,high,,Hognose water melon red gene male,"Categoría Clover animal existente — mantener ""Serpent""",Créer Animal (no Product)
DQYEKE6YYP61W,Honduras spécial couple male et femelle,Serpent,900.00,,animal,,Serpent,Mantener,high,,Honduras spécial couple male et femelle,"Categoría Clover animal existente — mantener ""Serpent""",Créer Animal (no Product)
8F6T1C8NM9V1Y,Jaguar Jungle Carpet Femelle,Serpent,375.00,,animal,,Serpent,Mantener,high,,Jaguar Jungle Carpet Femelle,"Categoría Clover animal existente — mantener ""Serpent""",Créer Animal (no Product)
EP24WVFRX76AE,Jungle Carpet Python,Serpent,375.00,,animal,,Serpent,Mantener,high,,Jungle Carpet Python,"Categoría Clover animal existente — mantener ""Serpent""",Créer Animal (no Product)
JNRY58188P5DT,Kenyan Sand Boa Anery,Serpent,250.00,,animal,,Serpent,Mantener,high,,Kenyan Sand Boa Anery,"Categoría Clover animal existente — mantener ""Serpent""",Créer Animal (no Product)
X8YWJ2GF52EKW,Kenyan Sand Boa Striped Anery,Serpent,325.00,,animal,,Serpent,Mantener,high,,Kenyan Sand Boa Striped Anery,"Categoría Clover animal existente — mantener ""Serpent""",Créer Animal (no Product)
KQYHZ38M5PNS0,Kenyan Sand Boa adulte,Serpent,300.00,,animal,,Serpent,Mantener,high,,Kenyan Sand Boa adulte,"Categoría Clover animal existente — mantener ""Serpent""",Créer Animal (no Product)
PSS0AZQXGBK0W,King Ratsnake,Serpent,750.00,,animal,,Serpent,Mantener,high,,King Ratsnake,"Categoría Clover animal existente — mantener ""Serpent""",Créer Animal (no Product)
WDEVD2FNSZYST,KingRatsnake Albino BB,Serpent,900.00,,animal,,Serpent,Mantener,high,,KingRatsnake Albino BB,"Categoría Clover animal existente — mantener ""Serpent""",Créer Animal (no Product)
XTR4EB8N6AFFT,Kingratsnake High Yellow BB,Serpent,1000.00,,animal,,Serpent,Mantener,high,,Kingratsnake High Yellow BB,"Categoría Clover animal existente — mantener ""Serpent""",Créer Animal (no Product)
9V52F7SHCA0EC,Kingsnake Florida Erythrique,Serpent,100.00,,animal,,Serpent,Mantener,high,,Kingsnake Florida Erythrique,"Categoría Clover animal existente — mantener ""Serpent""",Créer Animal (no Product)
QNJQ0900MZV8M,Kingsnake california,Serpent,200.00,,animal,,Serpent,Mantener,high,,Kingsnake california,"Categoría Clover animal existente — mantener ""Serpent""",Créer Animal (no Product)
37BQWBP8HHART,Lesser Femeelle AD,Serpent,250.00,,animal,,Serpent,Mantener,high,,Lesser Femeelle AD,"Categoría Clover animal existente — mantener ""Serpent""",Créer Animal (no Product)
XFTBVPQ9NGKBA,Leucistic Texas Scaleless Ratsnake,Serpent,450.00,,animal,,Serpent,Mantener,high,,Leucistic Texas Scaleless Ratsnake,"Categoría Clover animal existente — mantener ""Serpent""",Créer Animal (no Product)
G336QFFEG1S96,Madagascar Cat Eyed Snake BB,Serpent,120.00,,animal,,Serpent,Mantener,high,,Madagascar Cat Eyed Snake BB,"Categoría Clover animal existente — mantener ""Serpent""",Créer Animal (no Product)
W5DHK2V7NW5CW,Mandarin Ratsnake (Red )  BB,Serpent,800.00,,animal,,Serpent,Mantener,high,,Mandarin Ratsnake (Red )  BB,"Categoría Clover animal existente — mantener ""Serpent""",Créer Animal (no Product)
VQSTXATFYE02C,Mandarin Ratsnake AD,Serpent,1000.00,,animal,,Serpent,Mantener,high,,Mandarin Ratsnake AD,"Categoría Clover animal existente — mantener ""Serpent""",Créer Animal (no Product)
6FJ7W6SFBKS5A,Mandarin ratsnake red jeune adulte fem,Serpent,500.00,,animal,,Serpent,Mantener,high,,Mandarin ratsnake red jeune adulte fem,"Categoría Clover animal existente — mantener ""Serpent""",Créer Animal (no Product)
W6JCHHSRHXWTJ,Mex Black King BB,Serpent,250.00,,animal,,Serpent,Mantener,high,,Mex Black King BB,"Categoría Clover animal existente — mantener ""Serpent""",Créer Animal (no Product)
ZZ5GH1DB25X5M,Mexican Black Kingsnake,Serpent,450.00,,animal,,Serpent,Mantener,high,,Mexican Black Kingsnake,"Categoría Clover animal existente — mantener ""Serpent""",Créer Animal (no Product)
B62X51TPHZ54E,Mexican Black Kingsnake AD Fem,Serpent,325.00,,animal,,Serpent,Mantener,high,,Mexican Black Kingsnake AD Fem,"Categoría Clover animal existente — mantener ""Serpent""",Créer Animal (no Product)
N4Z6RCK7W4206,Mexican Kingsnake ( Annulata )  Male et Femelle,Serpent,150.00,,animal,,Serpent,Mantener,high,,Mexican Kingsnake ( Annulata )  Male et Femelle,"Categoría Clover animal existente — mantener ""Serpent""",Créer Animal (no Product)
MN1DCWJXPS22M,Mexmex,Serpent,260.92,,animal,,Serpent,Mantener,high,,Mexmex,"Categoría Clover animal existente — mantener ""Serpent""",Créer Animal (no Product)
QXHTPF7F3PJ6C,Milksnake Alb Ad Male,Serpent,300.00,,animal,,Serpent,Mantener,high,,Milksnake Alb Ad Male,"Categoría Clover animal existente — mantener ""Serpent""",Créer Animal (no Product)
1CXFF71XS21E6,Milksnake Enery 100% Het. Alb. 66% Het Hypo,Serpent,200.00,,animal,,Serpent,Mantener,high,,Milksnake Enery 100% Het. Alb. 66% Het Hypo,"Categoría Clover animal existente — mantener ""Serpent""",Créer Animal (no Product)
D8CT0WHK7R4B6,Milksnake Hondo Alb AD,Serpent,350.00,,animal,,Serpent,Mantener,high,,Milksnake Hondo Alb AD,"Categoría Clover animal existente — mantener ""Serpent""",Créer Animal (no Product)
00Y1EZVP3GJVA,Milksnake Honduras Régulier bb,Serpent,225.00,,animal,,Serpent,Mantener,high,,Milksnake Honduras Régulier bb,"Categoría Clover animal existente — mantener ""Serpent""",Créer Animal (no Product)
H3VS2QFR1BFJ2,Milksnake Nelson Alb.,Serpent,325.00,,animal,,Serpent,Mantener,high,,Milksnake Nelson Alb.,"Categoría Clover animal existente — mantener ""Serpent""",Créer Animal (no Product)
WF62W49YY25HJ,Milksnake Pueblan Halloween M,Serpent,400.00,,animal,,Serpent,Mantener,high,,Milksnake Pueblan Halloween M,"Categoría Clover animal existente — mantener ""Serpent""",Créer Animal (no Product)
7MPKQSG9XZH2J,Milksnake Snow ( Poss Pearl ( hypo ),Serpent,350.00,,animal,,Serpent,Mantener,high,,Milksnake Snow ( Poss Pearl ( hypo ),"Categoría Clover animal existente — mantener ""Serpent""",Créer Animal (no Product)
R5H5DG3VFT362,Milksnake Snow poss. pearl,Serpent,300.00,,animal,,Serpent,Mantener,high,,Milksnake Snow poss. pearl,"Categoría Clover animal existente — mantener ""Serpent""",Créer Animal (no Product)
ZERRW361YJ8JP,Milksnake anery,Serpent,200.00,,animal,,Serpent,Mantener,high,,Milksnake anery,"Categoría Clover animal existente — mantener ""Serpent""",Créer Animal (no Product)
V04MM1AA73C02,Milksnake hypo tong,Serpent,250.00,,animal,,Serpent,Mantener,high,,Milksnake hypo tong,"Categoría Clover animal existente — mantener ""Serpent""",Créer Animal (no Product)
1MN8H6ZDWTD8E,Night Snake,Serpent,350.00,,animal,,Serpent,Mantener,high,,Night Snake,"Categoría Clover animal existente — mantener ""Serpent""",Créer Animal (no Product)
SK23PWPH9VEGM,Normal Peach Honduran Milksnake,Serpent,250.00,,animal,,Serpent,Mantener,high,,Normal Peach Honduran Milksnake,"Categoría Clover animal existente — mantener ""Serpent""",Créer Animal (no Product)
D9KNKKD59ZJKM,Northern Pine Het. Albino Female,Serpent,900.00,,animal,,Serpent,Mantener,high,,Northern Pine Het. Albino Female,"Categoría Clover animal existente — mantener ""Serpent""",Créer Animal (no Product)
VKSBZPY1JREVM,Oreo Pueblan Milksnake,Serpent,300.00,,animal,,Serpent,Mantener,high,,Oreo Pueblan Milksnake,"Categoría Clover animal existente — mantener ""Serpent""",Créer Animal (no Product)
RGFFYZG0V6996,Palmetto anery het salmon snow,Serpent,1000.00,,animal,,Serpent,Mantener,high,,Palmetto anery het salmon snow,"Categoría Clover animal existente — mantener ""Serpent""",Créer Animal (no Product)
EYGC3Z35P3MA2,Pastel Lesser AD Male,Serpent,250.00,,animal,,Serpent,Mantener,high,,Pastel Lesser AD Male,"Categoría Clover animal existente — mantener ""Serpent""",Créer Animal (no Product)
HJJF0GMMB3DJ6,Pastel Lesser BB KJ,Serpent,250.00,,animal,,Serpent,Mantener,high,,Pastel Lesser BB KJ,"Categoría Clover animal existente — mantener ""Serpent""",Créer Animal (no Product)
7TSK2GX84R41Y,Prairie Kingsnake Albino AD,Serpent,100.00,,animal,,Serpent,Mantener,high,,Prairie Kingsnake Albino AD,"Categoría Clover animal existente — mantener ""Serpent""",Créer Animal (no Product)
BG1Y9EPEK8CST,Ptyas Het. Alb BB Male R.E.A.L,Serpent,200.00,,animal,,Serpent,Mantener,high,,Ptyas Het. Alb BB Male R.E.A.L,"Categoría Clover animal existente — mantener ""Serpent""",Créer Animal (no Product)
1R5Z09AETZ340,Pueblan Milksnake AD M,Serpent,250.00,,animal,,Serpent,Mantener,high,,Pueblan Milksnake AD M,"Categoría Clover animal existente — mantener ""Serpent""",Créer Animal (no Product)
9RT4AQYYW7GX6,Pyromelans pyromelana,Serpent,200.00,,animal,,Serpent,Mantener,high,,Pyromelans pyromelana,"Categoría Clover animal existente — mantener ""Serpent""",Créer Animal (no Product)
TJD9876KC82WG,Python Albino Bumblebee Poss Banana Het Clown D.S,Serpent,304.41,,animal,,Serpent,Mantener,high,,Python Albino Bumblebee Poss Banana Het Clown D.S,"Categoría Clover animal existente — mantener ""Serpent""",Créer Animal (no Product)
P9M3JP1PVHGKP,Python Asphalte/yellow Belly Leopard,Serpent,175.00,,animal,,Serpent,Mantener,high,,Python Asphalte/yellow Belly Leopard,"Categoría Clover animal existente — mantener ""Serpent""",Créer Animal (no Product)
WFZV802EVD344,Python Ball Chocolate HRA Pin Het Hypo,Serpent,350.00,,animal,,Serpent,Mantener,high,,Python Ball Chocolate HRA Pin Het Hypo,"Categoría Clover animal existente — mantener ""Serpent""",Créer Animal (no Product)
4T2VYWQXM30T4,Python Birman Demi-Nain / Half-Dwarf Burmese Python,Serpent,700.00,,animal,,Serpent,Mantener,high,,Python Birman Demi-Nain / Half-Dwarf Burmese Python,"Categoría Clover animal existente — mantener ""Serpent""",Créer Animal (no Product)
QM4FC3M18HQX6,Python Bredli AD Male,Serpent,400.00,,animal,,Serpent,Mantener,high,,Python Bredli AD Male,"Categoría Clover animal existente — mantener ""Serpent""",Créer Animal (no Product)
X403BM976GJ8R,Python Carpet 66% Het . Sim,Serpent,200.00,,animal,,Serpent,Mantener,high,,Python Carpet 66% Het . Sim,"Categoría Clover animal existente — mantener ""Serpent""",Créer Animal (no Product)
VFY4TJM13KWQC,"Python Carpet Alb.,",Serpent,1000.00,,animal,,Serpent,Mantener,high,,"Python Carpet Alb.,","Categoría Clover animal existente — mantener ""Serpent""",Créer Animal (no Product)
VG1STVKNFD232,Python Carpet Fem Het . Alb.,Serpent,175.00,,animal,,Serpent,Mantener,high,,Python Carpet Fem Het . Alb.,"Categoría Clover animal existente — mantener ""Serpent""",Créer Animal (no Product)
TBDJF9Y9J966C,Python Carpet Ocelot Favelle Line (mâle / femelle),Serpent,800.00,,animal,,Serpent,Mantener,high,,Python Carpet Ocelot Favelle Line (mâle / femelle),"Categoría Clover animal existente — mantener ""Serpent""",Créer Animal (no Product)
DVWF4T0FQA636,Python Carpet Papouane,Serpent,1000.00,,animal,,Serpent,Mantener,high,,Python Carpet Papouane,"Categoría Clover animal existente — mantener ""Serpent""",Créer Animal (no Product)
A342ZHFW3HHF8,Python Carpet Zebra BB male,Serpent,400.00,,animal,,Serpent,Mantener,high,,Python Carpet Zebra BB male,"Categoría Clover animal existente — mantener ""Serpent""",Créer Animal (no Product)
0VZ4GTZFTV846,Python Chocolate Pinstripe HRA Het Hypo BB M,Serpent,350.00,,animal,,Serpent,Mantener,high,,Python Chocolate Pinstripe HRA Het Hypo BB M,"Categoría Clover animal existente — mantener ""Serpent""",Créer Animal (no Product)
VHQJEPGNA5KER,Python Deep Purple Femelle FQ,Serpent,600.00,,animal,,Serpent,Mantener,high,,Python Deep Purple Femelle FQ,"Categoría Clover animal existente — mantener ""Serpent""",Créer Animal (no Product)
A35RPE09G49XA,Python Enchi HRA YB BB M,Serpent,225.00,,animal,,Serpent,Mantener,high,,Python Enchi HRA YB BB M,"Categoría Clover animal existente — mantener ""Serpent""",Créer Animal (no Product)
B3N0ZTMK0A0B6,Python GHI Lesser Pinstripe BB M,Serpent,525.00,,animal,,Serpent,Mantener,high,,Python GHI Lesser Pinstripe BB M,"Categoría Clover animal existente — mantener ""Serpent""",Créer Animal (no Product)
V4KQAQJ3D1XYC,Python GHI Pastel Het. Clown Male AD ( MB ),Serpent,300.00,0,animal,,Serpent,Mantener,high,,Python GHI Pastel Het. Clown Male AD ( MB ),"Categoría Clover animal existente — mantener ""Serpent""",Créer Animal (no Product)
864NAE6AF5QW0,Python Leopard Het. Clown M,Serpent,350.00,,animal,,Serpent,Mantener,high,,Python Leopard Het. Clown M,"Categoría Clover animal existente — mantener ""Serpent""",Créer Animal (no Product)
PWGEK00T8YSP2,Python Lesser pastel AD male RC,Serpent,200.00,,animal,,Serpent,Mantener,high,,Python Lesser pastel AD male RC,"Categoría Clover animal existente — mantener ""Serpent""",Créer Animal (no Product)
8D72TAHMQA5KG,Python M Ultramel,Serpent,300.00,,animal,,Serpent,Mantener,high,,Python M Ultramel,"Categoría Clover animal existente — mantener ""Serpent""",Créer Animal (no Product)
9YWR0GCD2S5R0,Python OD YB Butter Lucifer,Serpent,400.00,,animal,,Serpent,Mantener,high,,Python OD YB Butter Lucifer,"Categoría Clover animal existente — mantener ""Serpent""",Créer Animal (no Product)
M9W210X1FGQ2G,Python Pastel Clown M,Serpent,650.00,,animal,,Serpent,Mantener,high,,Python Pastel Clown M,"Categoría Clover animal existente — mantener ""Serpent""",Créer Animal (no Product)
JSN0YKWKDX5SG,Python Pastel Enchi poss. Blade Het. Clown AD F,Serpent,450.00,,animal,,Serpent,Mantener,high,,Python Pastel Enchi poss. Blade Het. Clown AD F,"Categoría Clover animal existente — mantener ""Serpent""",Créer Animal (no Product)
10NXK9YM1S9FW,Python Pastel YB/Gravel Het Albino,Serpent,350.00,,animal,,Serpent,Mantener,high,,Python Pastel YB/Gravel Het Albino,"Categoría Clover animal existente — mantener ""Serpent""",Créer Animal (no Product)
VK9SCQHBQWR80,Python Queenbee ALEX,Serpent,250.00,,animal,,Serpent,Mantener,high,,Python Queenbee ALEX,"Categoría Clover animal existente — mantener ""Serpent""",Créer Animal (no Product)
S6ZWGEQ88ATF4,Python Roy . Banana Het. Clown Male ( Dom ),Serpent,250.00,,animal,,Serpent,Mantener,high,,Python Roy . Banana Het. Clown Male ( Dom ),"Categoría Clover animal existente — mantener ""Serpent""",Créer Animal (no Product)
FETGE8Q1C4ET0,Python Roy Ad Banana Enchi Mojave (Tandem),Serpent,400.00,,animal,,Serpent,Mantener,high,,Python Roy Ad Banana Enchi Mojave (Tandem),"Categoría Clover animal existente — mantener ""Serpent""",Créer Animal (no Product)
S7SMBP86F2AYY,Python Roy Albino Poss toffino BB HR,Serpent,300.00,,animal,,Serpent,Mantener,high,,Python Roy Albino Poss toffino BB HR,"Categoría Clover animal existente — mantener ""Serpent""",Créer Animal (no Product)
3W2RDR5J5FGJM,Python Roy Bamboo AD,Serpent,160.00,,animal,,Serpent,Mantener,high,,Python Roy Bamboo AD,"Categoría Clover animal existente — mantener ""Serpent""",Créer Animal (no Product)
SWJAKXXTYFGC0,Python Roy Bamboo pastel,Serpent,250.00,,animal,,Serpent,Mantener,high,,Python Roy Bamboo pastel,"Categoría Clover animal existente — mantener ""Serpent""",Créer Animal (no Product)
WA4CXTGNJB50G,Python Roy Banana Sugar,Serpent,400.00,,animal,,Serpent,Mantener,high,,Python Roy Banana Sugar,"Categoría Clover animal existente — mantener ""Serpent""",Créer Animal (no Product)
DEF0723464WPG,Python Roy Banana YB poss enchi AC,Serpent,450.00,,animal,,Serpent,Mantener,high,,Python Roy Banana YB poss enchi AC,"Categoría Clover animal existente — mantener ""Serpent""",Créer Animal (no Product)
VV3ZVXGX48KGC,Python Roy Bbee D,Serpent,300.00,,animal,,Serpent,Mantener,high,,Python Roy Bbee D,"Categoría Clover animal existente — mantener ""Serpent""",Créer Animal (no Product)
8D5S5Q54RFSHE,Python Roy Blade Clown F BB D.O.M,Serpent,500.00,,animal,,Serpent,Mantener,high,,Python Roy Blade Clown F BB D.O.M,"Categoría Clover animal existente — mantener ""Serpent""",Créer Animal (no Product)
XJKWC68B2TQ5G,Python Roy Butter Pin AD RC,Serpent,300.00,,animal,,Serpent,Mantener,high,,Python Roy Butter Pin AD RC,"Categoría Clover animal existente — mantener ""Serpent""",Créer Animal (no Product)
8GSNNFDHVT4VM,Python Roy Enchi Bee Fem Ad,Serpent,200.00,,animal,,Serpent,Mantener,high,,Python Roy Enchi Bee Fem Ad,"Categoría Clover animal existente — mantener ""Serpent""",Créer Animal (no Product)
A1MR1DKTC7PKP,Python Roy Enchi Pastel 100% Het. Clown bb,Serpent,75.00,,animal,,Serpent,Mantener,high,,Python Roy Enchi Pastel 100% Het. Clown bb,"Categoría Clover animal existente — mantener ""Serpent""",Créer Animal (no Product)
11N5WE3X3HX98,Python Roy Fem AD 66% het. clown,Serpent,150.00,,animal,,Serpent,Mantener,high,,Python Roy Fem AD 66% het. clown,"Categoría Clover animal existente — mantener ""Serpent""",Créer Animal (no Product)
1YB08D6CFEEWG,Python Roy Fem AD Super Enchi Mojave,Serpent,750.00,,animal,,Serpent,Mantener,high,,Python Roy Fem AD Super Enchi Mojave,"Categoría Clover animal existente — mantener ""Serpent""",Créer Animal (no Product)
N66A2DXTJ4W3C,Python Roy Fire AD,Serpent,100.00,,animal,,Serpent,Mantener,high,,Python Roy Fire AD,"Categoría Clover animal existente — mantener ""Serpent""",Créer Animal (no Product)
D187VCZKG9BZJ,Python Roy Firefly Fem,Serpent,500.00,,animal,,Serpent,Mantener,high,,Python Roy Firefly Fem,"Categoría Clover animal existente — mantener ""Serpent""",Créer Animal (no Product)
SQ7VVH3WNQNNR,Python Roy GHI Paradox,Serpent,400.00,,animal,,Serpent,Mantener,high,,Python Roy GHI Paradox,"Categoría Clover animal existente — mantener ""Serpent""",Créer Animal (no Product)
TMQ49GR5CA04R,Python Roy GHI Pin Lesser,Serpent,350.00,,animal,,Serpent,Mantener,high,,Python Roy GHI Pin Lesser,"Categoría Clover animal existente — mantener ""Serpent""",Créer Animal (no Product)
AM4P9Q8APNZ7R,Python Roy Lavender Black Pastel BB JG,Serpent,800.00,,animal,,Serpent,Mantener,high,,Python Roy Lavender Black Pastel BB JG,"Categoría Clover animal existente — mantener ""Serpent""",Créer Animal (no Product)
67F8RXT062DZE,Python Roy Lesser BB,Serpent,100.00,,animal,,Serpent,Mantener,high,,Python Roy Lesser BB,"Categoría Clover animal existente — mantener ""Serpent""",Créer Animal (no Product)
WZFM6XN5RG90A,Python Roy Lesser HRA Don,Serpent,150.00,,animal,,Serpent,Mantener,high,,Python Roy Lesser HRA Don,"Categoría Clover animal existente — mantener ""Serpent""",Créer Animal (no Product)
6P46HY7JBP55T,Python Roy Male AD Pastel,Serpent,200.00,,animal,,Serpent,Mantener,high,,Python Roy Male AD Pastel,"Categoría Clover animal existente — mantener ""Serpent""",Créer Animal (no Product)
S12H1JVMHBPGM,Python Roy Pastel Banana Butter Spider Pin Het. Clown M,Serpent,600.00,,animal,,Serpent,Mantener,high,,Python Roy Pastel Banana Butter Spider Pin Het. Clown M,"Categoría Clover animal existente — mantener ""Serpent""",Créer Animal (no Product)
CJ4KE3000H9ZA,Python Roy Pastel Calico Male AD,Serpent,600.00,,animal,,Serpent,Mantener,high,,Python Roy Pastel Calico Male AD,"Categoría Clover animal existente — mantener ""Serpent""",Créer Animal (no Product)
VJDPAS9D1DWVY,Python Roy Pastel Femelle AD,Serpent,100.00,,animal,,Serpent,Mantener,high,,Python Roy Pastel Femelle AD,"Categoría Clover animal existente — mantener ""Serpent""",Créer Animal (no Product)
KS6ZKJG5YKKFW,Python Roy Pastel Mahogany M AP,Serpent,300.00,,animal,,Serpent,Mantener,high,,Python Roy Pastel Mahogany M AP,"Categoría Clover animal existente — mantener ""Serpent""",Créer Animal (no Product)
Z7XXG6DB7V1DM,Python Roy Pastel het ultramel,Serpent,175.00,,animal,,Serpent,Mantener,high,,Python Roy Pastel het ultramel,"Categoría Clover animal existente — mantener ""Serpent""",Créer Animal (no Product)
0BNAJZCN7PB5T,Python Roy Pewter Champagne BB HR,Serpent,275.00,,animal,,Serpent,Mantener,high,,Python Roy Pewter Champagne BB HR,"Categoría Clover animal existente — mantener ""Serpent""",Créer Animal (no Product)
88Y6W18NK7ARJ,Python Roy Pewterbee AP,Serpent,400.00,,animal,,Serpent,Mantener,high,,Python Roy Pewterbee AP,"Categoría Clover animal existente — mantener ""Serpent""",Créer Animal (no Product)
H9B2JXCGNMKTA,Python Roy Piebald Fem,Serpent,700.00,,animal,,Serpent,Mantener,high,,Python Roy Piebald Fem,"Categoría Clover animal existente — mantener ""Serpent""",Créer Animal (no Product)
9SXCBRVZP1B26,Python Roy Piebald Fem Juv.,Serpent,350.00,,animal,,Serpent,Mantener,high,,Python Roy Piebald Fem Juv.,"Categoría Clover animal existente — mantener ""Serpent""",Créer Animal (no Product)
WGNR1ZG1GKKDR,Python Roy Pin Albino Male RC,Serpent,400.00,,animal,,Serpent,Mantener,high,,Python Roy Pin Albino Male RC,"Categoría Clover animal existente — mantener ""Serpent""",Créer Animal (no Product)
RZF2V7FHF649J,Python Roy Super Pastel Calico M BB,Serpent,450.00,,animal,,Serpent,Mantener,high,,Python Roy Super Pastel Calico M BB,"Categoría Clover animal existente — mantener ""Serpent""",Créer Animal (no Product)
G4RGA897SD34T,Python Roy YB Het Pied Fem. AL,Serpent,225.00,,animal,,Serpent,Mantener,high,,Python Roy YB Het Pied Fem. AL,"Categoría Clover animal existente — mantener ""Serpent""",Créer Animal (no Product)
W6MTHYZX1TY1E,Python Roy orange Dream ST,Serpent,100.00,,animal,,Serpent,Mantener,high,,Python Roy orange Dream ST,"Categoría Clover animal existente — mantener ""Serpent""",Créer Animal (no Product)
RM2Z4KCQT60GC,Python Roy pastel Champagne AD F,Serpent,400.00,,animal,,Serpent,Mantener,high,,Python Roy pastel Champagne AD F,"Categoría Clover animal existente — mantener ""Serpent""",Créer Animal (no Product)
ZCP3H4D554870,Python Roy.  Pastel Enchi,Serpent,150.00,,animal,,Serpent,Mantener,high,,Python Roy.  Pastel Enchi,"Categoría Clover animal existente — mantener ""Serpent""",Créer Animal (no Product)
SEQ7917528DBA,Python Roy. ?T%offee Het Hypo. ( ghost ),Serpent,250.00,,animal,,Serpent,Mantener,high,,Python Roy. ?T%offee Het Hypo. ( ghost ),"Categoría Clover animal existente — mantener ""Serpent""",Créer Animal (no Product)
STXS04VXA5MCC,Python Roy. Banana Enchi OD Piebald M ( DM ),Serpent,1200.00,,animal,,Serpent,Mantener,high,,Python Roy. Banana Enchi OD Piebald M ( DM ),"Categoría Clover animal existente — mantener ""Serpent""",Créer Animal (no Product)
Q58W8CJYWB490,Python Roy. Banana Pin AD MALE,Serpent,275.00,,animal,,Serpent,Mantener,high,,Python Roy. Banana Pin AD MALE,"Categoría Clover animal existente — mantener ""Serpent""",Créer Animal (no Product)
31WJJ2YD7STNA,Python Roy. Butter Leopard Fem ad,Serpent,400.00,,animal,,Serpent,Mantener,high,,Python Roy. Butter Leopard Fem ad,"Categoría Clover animal existente — mantener ""Serpent""",Créer Animal (no Product)
F8DBSWC6B7RAT,Python Roy. Clown Bee F,Serpent,600.00,,animal,,Serpent,Mantener,high,,Python Roy. Clown Bee F,"Categoría Clover animal existente — mantener ""Serpent""",Créer Animal (no Product)
BG4685JJR1YEE,Python Roy. Dinker Fem,Serpent,100.00,,animal,,Serpent,Mantener,high,,Python Roy. Dinker Fem,"Categoría Clover animal existente — mantener ""Serpent""",Créer Animal (no Product)
4JC1SW0MF1ZCA,Python Roy. Enchi Bee AD,Serpent,300.00,,animal,,Serpent,Mantener,high,,Python Roy. Enchi Bee AD,"Categoría Clover animal existente — mantener ""Serpent""",Créer Animal (no Product)
CR257Q29G2M52,Python Roy. Enchi Het Piebald Fem ( DM ),Serpent,100.00,,animal,,Serpent,Mantener,high,,Python Roy. Enchi Het Piebald Fem ( DM ),"Categoría Clover animal existente — mantener ""Serpent""",Créer Animal (no Product)
F9EAECTBEG7BC,Python Roy. Enchi Lemonblast Het.Clown male Juv.,Serpent,250.00,,animal,,Serpent,Mantener,high,,Python Roy. Enchi Lemonblast Het.Clown male Juv.,"Categoría Clover animal existente — mantener ""Serpent""",Créer Animal (no Product)
RXQBAP6FV6PBG,Python Roy. Enchi Pin Het. Clown,Serpent,150.00,,animal,,Serpent,Mantener,high,,Python Roy. Enchi Pin Het. Clown,"Categoría Clover animal existente — mantener ""Serpent""",Créer Animal (no Product)
Q7VT3N569TNVP,Python Roy. Fire OD Male,Serpent,200.00,,animal,,Serpent,Mantener,high,,Python Roy. Fire OD Male,"Categoría Clover animal existente — mantener ""Serpent""",Créer Animal (no Product)
TAKAZ864J5W9A,Python Roy. Ghost Pastel Lesser Jem,Serpent,275.00,,animal,,Serpent,Mantener,high,,Python Roy. Ghost Pastel Lesser Jem,"Categoría Clover animal existente — mantener ""Serpent""",Créer Animal (no Product)
WDG497A53ABFJ,Python Roy. Het Ultramel,Serpent,75.00,,animal,,Serpent,Mantener,high,,Python Roy. Het Ultramel,"Categoría Clover animal existente — mantener ""Serpent""",Créer Animal (no Product)
120S3G97QY8SM,Python Roy. Leucy Black eyed  Male AD,Serpent,400.00,,animal,,Serpent,Mantener,high,,Python Roy. Leucy Black eyed  Male AD,"Categoría Clover animal existente — mantener ""Serpent""",Créer Animal (no Product)
DMMQBW51BA92G,Python Roy. Mjave-YB-Spotnose Male AD,Serpent,200.00,,animal,,Serpent,Mantener,high,,Python Roy. Mjave-YB-Spotnose Male AD,"Categoría Clover animal existente — mantener ""Serpent""",Créer Animal (no Product)
31JY368HNWW4G,Python Roy. Mojave Femelle,Serpent,200.00,0,animal,,Serpent,Mantener,high,,Python Roy. Mojave Femelle,"Categoría Clover animal existente — mantener ""Serpent""",Créer Animal (no Product)
54DP8PNQ7J1FA,Python Roy. Pastel,Serpent,100.00,,animal,,Serpent,Mantener,high,,Python Roy. Pastel,"Categoría Clover animal existente — mantener ""Serpent""",Créer Animal (no Product)
A2SD5T0A66XFC,Python Roy. Pastel Black Pastel ( Black Pewter ) Het. Clown F,Serpent,600.00,,animal,,Serpent,Mantener,high,,Python Roy. Pastel Black Pastel ( Black Pewter ) Het. Clown F,"Categoría Clover animal existente — mantener ""Serpent""",Créer Animal (no Product)
QD03M6174PG56,Python Roy. Pastel Clow Fem AD,Serpent,550.00,,animal,,Serpent,Mantener,high,,Python Roy. Pastel Clow Fem AD,"Categoría Clover animal existente — mantener ""Serpent""",Créer Animal (no Product)
NYCY34A8BR4S8,Python Roy. Pastel Clown AD M,Serpent,650.00,,animal,,Serpent,Mantener,high,,Python Roy. Pastel Clown AD M,"Categoría Clover animal existente — mantener ""Serpent""",Créer Animal (no Product)
Z0KJJS7VDP8NP,Python Roy. Pastel Enchi Leo Juv,Serpent,250.00,,animal,,Serpent,Mantener,high,,Python Roy. Pastel Enchi Leo Juv,"Categoría Clover animal existente — mantener ""Serpent""",Créer Animal (no Product)
V4Q5XP30Z4NN4,Python Roy. Pastel Fem AD,Serpent,250.00,,animal,,Serpent,Mantener,high,,Python Roy. Pastel Fem AD,"Categoría Clover animal existente — mantener ""Serpent""",Créer Animal (no Product)
XA58SQ8D3TWTT,Python Roy. Pastel Spider Pin Het. Clown  F,Serpent,600.00,,animal,,Serpent,Mantener,high,,Python Roy. Pastel Spider Pin Het. Clown  F,"Categoría Clover animal existente — mantener ""Serpent""",Créer Animal (no Product)
5SMJ287QQ86FY,Python Roy. Pewter Fem AD,Serpent,400.00,,animal,,Serpent,Mantener,high,,Python Roy. Pewter Fem AD,"Categoría Clover animal existente — mantener ""Serpent""",Créer Animal (no Product)
C3JBAK448AF5W,Python Roy. Pin AD AL,Serpent,225.00,,animal,,Serpent,Mantener,high,,Python Roy. Pin AD AL,"Categoría Clover animal existente — mantener ""Serpent""",Créer Animal (no Product)
2VRBCAW6DBV6G,Python Roy. Spider Axantic bb Fem,Serpent,250.00,,animal,,Serpent,Mantener,high,,Python Roy. Spider Axantic bb Fem,"Categoría Clover animal existente — mantener ""Serpent""",Créer Animal (no Product)
YVYXNBM8V3450,Python Roy. Super Fire Male Het. Clown,Serpent,400.00,,animal,,Serpent,Mantener,high,,Python Roy. Super Fire Male Het. Clown,"Categoría Clover animal existente — mantener ""Serpent""",Créer Animal (no Product)
HGN9DEQ1PBSB2,Python Roy. Ultramel Mâle ad,Serpent,350.00,,animal,,Serpent,Mantener,high,,Python Roy. Ultramel Mâle ad,"Categoría Clover animal existente — mantener ""Serpent""",Créer Animal (no Product)
VSFARMS3KJWA2,Python Roy. YB,Serpent,75.00,,animal,,Serpent,Mantener,high,,Python Roy. YB,"Categoría Clover animal existente — mantener ""Serpent""",Créer Animal (no Product)
6N9AMFR9XQY02,"Python Roy. YB , Gravel , Pastel Het. Albino Male",Serpent,350.00,,animal,,Serpent,Mantener,high,,"Python Roy. YB , Gravel , Pastel Het. Albino Male","Categoría Clover animal existente — mantener ""Serpent""",Créer Animal (no Product)
S27X7SXYEVQFC,Python Roy. banana petit AC,Serpent,275.00,,animal,,Serpent,Mantener,high,,Python Roy. banana petit AC,"Categoría Clover animal existente — mantener ""Serpent""",Créer Animal (no Product)
52QD8T8N3ZSSE,Python Roy.Banana Fem AC,Serpent,450.00,,animal,,Serpent,Mantener,high,,Python Roy.Banana Fem AC,"Categoría Clover animal existente — mantener ""Serpent""",Créer Animal (no Product)
AK8P88KB8HT6A,Python Royal Axanthic 100% het Pied Femelle,Serpent,700.00,,animal,,Serpent,Mantener,high,,Python Royal Axanthic 100% het Pied Femelle,"Categoría Clover animal existente — mantener ""Serpent""",Créer Animal (no Product)
CFZN77K6YACZA,"Python Royal BH Maho, Leo, Het lavender",Serpent,200.00,,animal,,Serpent,Mantener,high,,"Python Royal BH Maho, Leo, Het lavender","Categoría Clover animal existente — mantener ""Serpent""",Créer Animal (no Product)
ZG1YM6CKSV4BP,Python Royal BH male,Serpent,200.00,,animal,,Serpent,Mantener,high,,Python Royal BH male,"Categoría Clover animal existente — mantener ""Serpent""",Créer Animal (no Product)
4FWVDZPE6DPPJ,Python Royal BL Het.Pied Het.Clown Male AD,Serpent,150.00,,animal,,Serpent,Mantener,high,,Python Royal BL Het.Pied Het.Clown Male AD,"Categoría Clover animal existente — mantener ""Serpent""",Créer Animal (no Product)
KC9SY8P3Z7158,Python Royal Banana Enchi Male,Serpent,300.00,,animal,,Serpent,Mantener,high,,Python Royal Banana Enchi Male,"Categoría Clover animal existente — mantener ""Serpent""",Créer Animal (no Product)
WTBDQNVQFKPD0,Python Royal Black Head,Serpent,400.00,,animal,,Serpent,Mantener,high,,Python Royal Black Head,"Categoría Clover animal existente — mantener ""Serpent""",Créer Animal (no Product)
P8BQPWM4APKFA,Python Royal Black pastel Barnhart YB 100% Het Pied,Serpent,300.00,0,animal,,Serpent,Mantener,high,,Python Royal Black pastel Barnhart YB 100% Het Pied,"Categoría Clover animal existente — mantener ""Serpent""",Créer Animal (no Product)
N7S3DATN59042,Python Royal Blue Eye Lucy Male,Serpent,350.00,,animal,,Serpent,Mantener,high,,Python Royal Blue Eye Lucy Male,"Categoría Clover animal existente — mantener ""Serpent""",Créer Animal (no Product)
QC5QGQEWTPCC6,Python Royal Butter Spotnose Het Clown Femelle,Serpent,300.00,,animal,,Serpent,Mantener,high,,Python Royal Butter Spotnose Het Clown Femelle,"Categoría Clover animal existente — mantener ""Serpent""",Créer Animal (no Product)
MK6Y7PW539166,"Python Royal Cho , HRA , Ghost Lemon blast F Juvie",Serpent,250.00,,animal,,Serpent,Mantener,high,,"Python Royal Cho , HRA , Ghost Lemon blast F Juvie","Categoría Clover animal existente — mantener ""Serpent""",Créer Animal (no Product)
5ADNE01XCM6JJ,Python Royal Clown male,Serpent,200.00,,animal,,Serpent,Mantener,high,,Python Royal Clown male,"Categoría Clover animal existente — mantener ""Serpent""",Créer Animal (no Product)
2TQERQ8CG3GDW,Python Royal Deep Purple Mâle,Serpent,600.00,,animal,,Serpent,Mantener,high,,Python Royal Deep Purple Mâle,"Categoría Clover animal existente — mantener ""Serpent""",Créer Animal (no Product)
G3FN6QS5GZY3E,Python Royal Femelle Bamboo Pinstripe YB het Clown,Serpent,900.00,,animal,,Serpent,Mantener,high,,Python Royal Femelle Bamboo Pinstripe YB het Clown,"Categoría Clover animal existente — mantener ""Serpent""",Créer Animal (no Product)
H6WEVHQWHBN40,Python Royal Fire Spider Femelle,Serpent,175.00,,animal,,Serpent,Mantener,high,,Python Royal Fire Spider Femelle,"Categoría Clover animal existente — mantener ""Serpent""",Créer Animal (no Product)
DQYMYCH93Q1CY,Python Royal Freeway,Serpent,400.00,0,animal,,Serpent,Mantener,high,,Python Royal Freeway,"Categoría Clover animal existente — mantener ""Serpent""",Créer Animal (no Product)
MKHHX36N1PV88,Python Royal Mahogany Lavender Het Pied Fem.,Serpent,400.00,,animal,,Serpent,Mantener,high,,Python Royal Mahogany Lavender Het Pied Fem.,"Categoría Clover animal existente — mantener ""Serpent""",Créer Animal (no Product)
YGT6ZCFNJAWYJ,Python Royal Male Piebald - Asphalte - YB,Serpent,350.00,,animal,,Serpent,Mantener,high,,Python Royal Male Piebald - Asphalte - YB,"Categoría Clover animal existente — mantener ""Serpent""",Créer Animal (no Product)
QKDFW86JE4D8E,Python Royal Mojave Spider Fem,Serpent,400.00,,animal,,Serpent,Mantener,high,,Python Royal Mojave Spider Fem,"Categoría Clover animal existente — mantener ""Serpent""",Créer Animal (no Product)
3E7BJ9CA04PBJ,Python Royal Moyave,Serpent,125.00,,animal,,Serpent,Mantener,high,,Python Royal Moyave,"Categoría Clover animal existente — mantener ""Serpent""",Créer Animal (no Product)
HS8FW8SATKVDY,Python Royal OD YB Butter Lucifer Femelle,Serpent,400.00,,animal,,Serpent,Mantener,high,,Python Royal OD YB Butter Lucifer Femelle,"Categoría Clover animal existente — mantener ""Serpent""",Créer Animal (no Product)
Y7W6Q9WKCN0W8,Python Royal Pastel AD Male,Serpent,125.00,,animal,,Serpent,Mantener,high,,Python Royal Pastel AD Male,"Categoría Clover animal existente — mantener ""Serpent""",Créer Animal (no Product)
RQWCNJW48W6EP,Python Royal Pastel Champagne mâle,Serpent,250.00,,animal,,Serpent,Mantener,high,,Python Royal Pastel Champagne mâle,"Categoría Clover animal existente — mantener ""Serpent""",Créer Animal (no Product)
3WKPFFEDWX422,Python Royal Pastel Femelle,Serpent,225.00,,animal,,Serpent,Mantener,high,,Python Royal Pastel Femelle,"Categoría Clover animal existente — mantener ""Serpent""",Créer Animal (no Product)
922DN158K10BA,Python Royal Pastel Mohogany M BB AP,Serpent,275.00,,animal,,Serpent,Mantener,high,,Python Royal Pastel Mohogany M BB AP,"Categoría Clover animal existente — mantener ""Serpent""",Créer Animal (no Product)
04Q3PDYFGS32G,Python Royal Pastel YB mâle,Serpent,175.00,,animal,,Serpent,Mantener,high,,Python Royal Pastel YB mâle,"Categoría Clover animal existente — mantener ""Serpent""",Créer Animal (no Product)
N09D1KBS39J1W,Python Royal Régulier,Serpent,75.00,,animal,,Serpent,Mantener,high,,Python Royal Régulier,"Categoría Clover animal existente — mantener ""Serpent""",Créer Animal (no Product)
PHERTBD6CJB6W,Python Royal Spider Adulte,Serpent,50.00,,animal,,Serpent,Mantener,high,,Python Royal Spider Adulte,"Categoría Clover animal existente — mantener ""Serpent""",Créer Animal (no Product)
C9YSB1SSJMW6Y,Python Royal Spider Banana Special Male AD,Serpent,150.00,,animal,,Serpent,Mantener,high,,Python Royal Spider Banana Special Male AD,"Categoría Clover animal existente — mantener ""Serpent""",Créer Animal (no Product)
0CKA2TCNZ9BXP,Python Royal Super Pastel Enchi Spector Male,Serpent,350.00,,animal,,Serpent,Mantener,high,,Python Royal Super Pastel Enchi Spector Male,"Categoría Clover animal existente — mantener ""Serpent""",Créer Animal (no Product)
WCQTXA497SYNG,Python Royal YB Het. Pied F,Serpent,200.00,,animal,,Serpent,Mantener,high,,Python Royal YB Het. Pied F,"Categoría Clover animal existente — mantener ""Serpent""",Créer Animal (no Product)
28DAW53YESAAT,Python Royale Albino (Francis),Serpent,200.00,,animal,,Serpent,Mantener,high,,Python Royale Albino (Francis),"Categoría Clover animal existente — mantener ""Serpent""",Créer Animal (no Product)
3CZ59D2402WXJ,Python Royale Bamboo Het Pied (YB)  (Black Pastel),Serpent,350.00,,animal,,Serpent,Mantener,high,,Python Royale Bamboo Het Pied (YB)  (Black Pastel),"Categoría Clover animal existente — mantener ""Serpent""",Créer Animal (no Product)
5ENPT840QK1X6,Python Royale Black Pastel Barnhart YB het Pied,Serpent,300.00,,animal,,Serpent,Mantener,high,,Python Royale Black Pastel Barnhart YB het Pied,"Categoría Clover animal existente — mantener ""Serpent""",Créer Animal (no Product)
R839YB815NQF8,Python Royale Black Pastel Pied femelle,Serpent,400.00,,animal,,Serpent,Mantener,high,,Python Royale Black Pastel Pied femelle,"Categoría Clover animal existente — mantener ""Serpent""",Créer Animal (no Product)
N12VG784W0GHY,Python Royale Cinamon femelle,Serpent,150.00,,animal,,Serpent,Mantener,high,,Python Royale Cinamon femelle,"Categoría Clover animal existente — mantener ""Serpent""",Créer Animal (no Product)
3HHRXAJS6Z4WW,Python Royale Freeway Pastel Het Pied Femelle,Serpent,700.00,,animal,,Serpent,Mantener,high,,Python Royale Freeway Pastel Het Pied Femelle,"Categoría Clover animal existente — mantener ""Serpent""",Créer Animal (no Product)
AAJNRC9ZW16E4,Python Royale Ivory Pied het Hypo mâle,Serpent,399.99,,animal,,Serpent,Mantener,high,,Python Royale Ivory Pied het Hypo mâle,"Categoría Clover animal existente — mantener ""Serpent""",Créer Animal (no Product)
477V86GW482JJ,Python Royale Pastel Pied Mâle,Serpent,400.00,,animal,,Serpent,Mantener,high,,Python Royale Pastel Pied Mâle,"Categoría Clover animal existente — mantener ""Serpent""",Créer Animal (no Product)
CRWP6W5KW1G0R,Python Royale Toffino mâle,Serpent,300.00,,animal,,Serpent,Mantener,high,,Python Royale Toffino mâle,"Categoría Clover animal existente — mantener ""Serpent""",Créer Animal (no Product)
V8RKM0VCCK896,Python Rpy. AD F Pewter Fader,Serpent,300.00,,animal,,Serpent,Mantener,high,,Python Rpy. AD F Pewter Fader,"Categoría Clover animal existente — mantener ""Serpent""",Créer Animal (no Product)
JQ0EF8276D7CP,Python Super Pastel Enchi Spector BB M,Serpent,350.00,,animal,,Serpent,Mantener,high,,Python Super Pastel Enchi Spector BB M,"Categoría Clover animal existente — mantener ""Serpent""",Créer Animal (no Product)
FGZVE53QPNTXA,Python banana enchi clown YB male,Serpent,600.00,,animal,,Serpent,Mantener,high,,Python banana enchi clown YB male,"Categoría Clover animal existente — mantener ""Serpent""",Créer Animal (no Product)
MRBQ2SC1KNFC8,Python pastel mahogany Al. BB,Serpent,150.00,,animal,,Serpent,Mantener,high,,Python pastel mahogany Al. BB,"Categoría Clover animal existente — mantener ""Serpent""",Créer Animal (no Product)
GRQ6DSHDWT9RP,Python pinstripe femelle AD,Serpent,150.00,,animal,,Serpent,Mantener,high,,Python pinstripe femelle AD,"Categoría Clover animal existente — mantener ""Serpent""",Créer Animal (no Product)
VR6DNK3YV6RXC,Python roy black eyed lucy male ad,Serpent,400.00,,animal,,Serpent,Mantener,high,,Python roy black eyed lucy male ad,"Categoría Clover animal existente — mantener ""Serpent""",Créer Animal (no Product)
VR8KCD494XRX2,Python roy pastel AD,Serpent,125.00,,animal,,Serpent,Mantener,high,,Python roy pastel AD,"Categoría Clover animal existente — mantener ""Serpent""",Créer Animal (no Product)
D84JKPHDBH536,Python roy. Blue Eyed Lucy Real,Serpent,500.00,,animal,,Serpent,Mantener,high,,Python roy. Blue Eyed Lucy Real,"Categoría Clover animal existente — mantener ""Serpent""",Créer Animal (no Product)
9R0WF7E95Q55M,Python royal Enchi Fire YB het. Clown,Serpent,200.00,,animal,,Serpent,Mantener,high,,Python royal Enchi Fire YB het. Clown,"Categoría Clover animal existente — mantener ""Serpent""",Créer Animal (no Product)
RP3VXFD026YTJ,Python royale Black Pastel Bamboo (yb) het Pied Barnhart mâle,Serpent,350.00,,animal,,Serpent,Mantener,high,,Python royale Black Pastel Bamboo (yb) het Pied Barnhart mâle,"Categoría Clover animal existente — mantener ""Serpent""",Créer Animal (no Product)
S8EVMWY95VVR8,RC Bresilian Rainbow Boa mâle,Serpent,350.00,,animal,,Serpent,Mantener,high,,Bresilian Rainbow Boa mâle,"Categoría Clover animal existente — mantener ""Serpent""",Créer Animal (no Product)
Y39Y0EDKGKTQ8,RC Cornsnake Creamcicle Tessera mâle,Serpent,200.00,,animal,,Serpent,Mantener,high,,Cornsnake Creamcicle Tessera mâle,"Categoría Clover animal existente — mantener ""Serpent""",Créer Animal (no Product)
0NQ257JK5P608,Rainbow Boa BB,Serpent,400.00,,animal,,Serpent,Mantener,high,,Rainbow Boa BB,"Categoría Clover animal existente — mantener ""Serpent""",Créer Animal (no Product)
JTPKX9KRZDC56,Rainbow Boa Fem AD D.O.M,Serpent,290.00,,animal,,Serpent,Mantener,high,,Rainbow Boa Fem AD D.O.M,"Categoría Clover animal existente — mantener ""Serpent""",Créer Animal (no Product)
RJK564FZPR45A,Rainbow Boa Male AD,Serpent,350.00,,animal,,Serpent,Mantener,high,,Rainbow Boa Male AD,"Categoría Clover animal existente — mantener ""Serpent""",Créer Animal (no Product)
YDG0WC1ENSTC4,Rhino Ratsnake BB Green,Serpent,800.00,,animal,,Serpent,Mantener,high,,Rhino Ratsnake BB Green,"Categoría Clover animal existente — mantener ""Serpent""",Créer Animal (no Product)
SNX4A7WNS6XX0,Sand Boa 100% Het Paradox Alb 66% het anery BB MAT,Serpent,150.00,,animal,,Serpent,Mantener,high,,Sand Boa 100% Het Paradox Alb 66% het anery BB MAT,"Categoría Clover animal existente — mantener ""Serpent""",Créer Animal (no Product)
R23RA342YG11C,Sand Boa Anery BB,Serpent,225.00,,animal,,Serpent,Mantener,high,,Sand Boa Anery BB,"Categoría Clover animal existente — mantener ""Serpent""",Créer Animal (no Product)
YZQWJWKNVED52,Sand Boa Anery Pepered BB,Serpent,400.00,,animal,,Serpent,Mantener,high,,Sand Boa Anery Pepered BB,"Categoría Clover animal existente — mantener ""Serpent""",Créer Animal (no Product)
A7N3HAY4A0EVY,Sand Boa Pepered BB,Serpent,250.00,,animal,,Serpent,Mantener,high,,Sand Boa Pepered BB,"Categoría Clover animal existente — mantener ""Serpent""",Créer Animal (no Product)
E96B91QDJ5G72,Sand Boa Rough Scaled,Serpent,200.00,,animal,,Serpent,Mantener,high,,Sand Boa Rough Scaled,"Categoría Clover animal existente — mantener ""Serpent""",Créer Animal (no Product)
Q27QQ040CGDFE,Sand Boa Saharan Femelle,Serpent,225.00,,animal,,Serpent,Mantener,high,,Sand Boa Saharan Femelle,"Categoría Clover animal existente — mantener ""Serpent""",Créer Animal (no Product)
H4SCN6XXQ2A1T,Sand Boa Striped MV Male,Serpent,250.00,,animal,,Serpent,Mantener,high,,Sand Boa Striped MV Male,"Categoría Clover animal existente — mantener ""Serpent""",Créer Animal (no Product)
4W4GDZKWBDCMW,Sand Boa Striped bb,Serpent,225.00,,animal,,Serpent,Mantener,high,,Sand Boa Striped bb,"Categoría Clover animal existente — mantener ""Serpent""",Créer Animal (no Product)
X8SW8R7FJ9DXR,Scaleless Everglades Fem AD,Serpent,300.00,,animal,,Serpent,Mantener,high,,Scaleless Everglades Fem AD,"Categoría Clover animal existente — mantener ""Serpent""",Créer Animal (no Product)
SS8PSZJ71GMH0,Schrenkii (Male black russian ratsnake),Serpent,250.00,,animal,,Serpent,Mantener,high,,Schrenkii (Male black russian ratsnake),"Categoría Clover animal existente — mantener ""Serpent""",Créer Animal (no Product)
7M3EYGBN4JN8J,Snow Pine,Serpent,600.00,,animal,,Serpent,Mantener,high,,Snow Pine,"Categoría Clover animal existente — mantener ""Serpent""",Créer Animal (no Product)
19P5B8X2JHMDY,Speckled Kingsnake Femelle,Serpent,200.00,,animal,,Serpent,Mantener,high,,Speckled Kingsnake Femelle,"Categoría Clover animal existente — mantener ""Serpent""",Créer Animal (no Product)
314XY9173HJZG,Speckled Kingsnake Male,Serpent,200.00,,animal,,Serpent,Mantener,high,,Speckled Kingsnake Male,"Categoría Clover animal existente — mantener ""Serpent""",Créer Animal (no Product)
RD40WBQRCV8B2,Spotted Pyhton Male AD,Serpent,350.00,,animal,,Serpent,Mantener,high,,Spotted Pyhton Male AD,"Categoría Clover animal existente — mantener ""Serpent""",Créer Animal (no Product)
4J5D5Z2EBJ300,Taiwan Beauty Snake AD,Serpent,200.00,,animal,,Serpent,Mantener,high,,Taiwan Beauty Snake AD,"Categoría Clover animal existente — mantener ""Serpent""",Créer Animal (no Product)
K171EPA5JCZY8,Taiwan Beauty Snake BB,Serpent,350.00,,animal,,Serpent,Mantener,high,,Taiwan Beauty Snake BB,"Categoría Clover animal existente — mantener ""Serpent""",Créer Animal (no Product)
STGBNF1SSAV42,Tessera Scaleless bb male,Serpent,600.00,,animal,,Serpent,Mantener,high,,Tessera Scaleless bb male,"Categoría Clover animal existente — mantener ""Serpent""",Créer Animal (no Product)
SSZT133VF4F9Y,Texas Lucy Het Scaleless Fem AD,Serpent,500.00,,animal,,Serpent,Mantener,high,,Texas Lucy Het Scaleless Fem AD,"Categoría Clover animal existente — mantener ""Serpent""",Créer Animal (no Product)
WA90HSBECD9P2,Texas het Lucy Het scaleless Male AD,Serpent,125.00,,animal,,Serpent,Mantener,high,,Texas het Lucy Het scaleless Male AD,"Categoría Clover animal existente — mantener ""Serpent""",Créer Animal (no Product)
8G2PSQVACR35G,Vietnamese Blue Beauty BB RC,Serpent,475.00,,animal,,Serpent,Mantener,high,,Vietnamese Blue Beauty BB RC,"Categoría Clover animal existente — mantener ""Serpent""",Créer Animal (no Product)
W7F2GQSNXVR2A,Water Snake,Serpent,100.00,,animal,,Serpent,Mantener,high,,Water Snake,"Categoría Clover animal existente — mantener ""Serpent""",Créer Animal (no Product)
GBSXK2CKAYRCG,Watermelon femelle,Serpent,400.00,,animal,,Serpent,Mantener,high,,Watermelon femelle,"Categoría Clover animal existente — mantener ""Serpent""",Créer Animal (no Product)
DP0MX0E9QDA58,White Sided Bullsnake,Serpent,450.00,,animal,,Serpent,Mantener,high,,White Sided Bullsnake,"Categoría Clover animal existente — mantener ""Serpent""",Créer Animal (no Product)
DYG05SK6RNV04,Yellow Tail Cribo Adult Male,Serpent,2400.00,,animal,,Serpent,Mantener,high,,Yellow Tail Cribo Adult Male,"Categoría Clover animal existente — mantener ""Serpent""",Créer Animal (no Product)
1EEJ4ME2SWH42,cornsnake Sunglow Tess M AD,Serpent,250.00,,animal,,Serpent,Mantener,high,,cornsnake Sunglow Tess M AD,"Categoría Clover animal existente — mantener ""Serpent""",Créer Animal (no Product)
DD361YYGW1ZXP,cornsnake scaleless striped fem . Juvi,Serpent,450.00,,animal,,Serpent,Mantener,high,,cornsnake scaleless striped fem . Juvi,"Categoría Clover animal existente — mantener ""Serpent""",Créer Animal (no Product)
KN4AEKFRC7Q7T,cornsnake striped F Juv,Serpent,125.00,,animal,,Serpent,Mantener,high,,cornsnake striped F Juv,"Categoría Clover animal existente — mantener ""Serpent""",Créer Animal (no Product)
V28SA9B9TSS5R,hognose reg p.w.  femelle,Serpent,200.00,,animal,,Serpent,Mantener,high,,hognose reg p.w.  femelle,"Categoría Clover animal existente — mantener ""Serpent""",Créer Animal (no Product)
KMT398DSYDYYP,japanese rat snake blue,Serpent,300.00,,animal,,Serpent,Mantener,high,,japanese rat snake blue,"Categoría Clover animal existente — mantener ""Serpent""",Créer Animal (no Product)
6X75NJZ1A7KMJ,milksnake hypo Tong AH,Serpent,250.00,,animal,,Serpent,Mantener,high,,milksnake hypo Tong AH,"Categoría Clover animal existente — mantener ""Serpent""",Créer Animal (no Product)
P8NG6PY8DQH8T,python Lesser Paradox femelle,Serpent,300.00,,animal,,Serpent,Mantener,high,,python Lesser Paradox femelle,"Categoría Clover animal existente — mantener ""Serpent""",Créer Animal (no Product)
R6WPBRDSHDDX8,python macklot grg,Serpent,500.00,,animal,,Serpent,Mantener,high,,python macklot grg,"Categoría Clover animal existente — mantener ""Serpent""",Créer Animal (no Product)
ZASPES8QX486G,02110 Collemboles blanc / White Springtails (Folsomia Candida),(sans catégorie),15.00,0,product,food_live,Insecte Vivant,"Asignar ""Insecte Vivant"" en Clover",high,La Swamp / misc SKU,Collemboles blanc / White Springtails (Folsomia Candida),"Patrón nombre → Clover ""Insecte Vivant"" / sitio ""food_live""",Bulk create Product
WCPGA0F7EFE1T,02113 Collemboles tropicaux rose / Tropical Pink Springtails (Sinella curviseta),(sans catégorie),16.00,0,product,food_live,Insecte Vivant,"Asignar ""Insecte Vivant"" en Clover",high,La Swamp / misc SKU,Collemboles tropicaux rose / Tropical Pink Springtails (Sinella curviseta),"Patrón nombre → Clover ""Insecte Vivant"" / sitio ""food_live""",Bulk create Product
TYD7ZZ14E0TM2,10160 La Swamp Bruche du haricot,(sans catégorie),12.00,0,product,food_live,Insecte Vivant,"Asignar ""Insecte Vivant"" en Clover",high,La Swamp / misc SKU,La Swamp Bruche du haricot,"Patrón nombre → Clover ""Insecte Vivant"" / sitio ""food_live""",Bulk create Product
XMSMJ1MFY1YMW,12640 Atasuki 12x12x18,(sans catégorie),105.00,0,product,terrarium,Habitat,"Asignar ""Habitat"" en Clover",high,La Swamp / misc SKU,Atasuki 12x12x18,"Patrón nombre → Clover ""Habitat"" / sitio ""terrarium""",Bulk create Product
CXGJ0N19T5QXG,13731 Zilla Floating Turtle Trunk,(sans catégorie),79.99,,product,decor,Decoration,"Asignar ""Decoration"" en Clover",medium,La Swamp / misc SKU,Zilla Floating Turtle Trunk,"Patrón nombre → Clover ""Decoration"" / sitio ""decor""",Bulk create Product
VQNSHDMCX3ZQC,21979 Jurassic Fiber 5kg,(sans catégorie),35.00,0,product,substrate,Substrat,"Asignar ""Substrat"" en Clover",high,La Swamp / misc SKU,Jurassic Fiber 5kg,"Patrón nombre → Clover ""Substrat"" / sitio ""substrate""",Bulk create Product
Z7ZCDKMJ4HPRE,3RML Feuille de Magnolia,(sans catégorie),12.99,0,product,decor,Decoration,"Asignar ""Decoration"" en Clover",medium,,Feuille de Magnolia,"Patrón nombre → Clover ""Decoration"" / sitio ""decor""",Bulk create Product
GRETBAYZCV108,48401 Fond d'aquarium (prix au pied),(sans catégorie),3.50,,product,terrarium,Habitat,"Asignar ""Habitat"" en Clover",high,La Swamp / misc SKU,Fond d'aquarium (prix au pied),"Patrón nombre → Clover ""Habitat"" / sitio ""terrarium""",Bulk create Product
BR3526Y95RMT8,5TNL  Mazuri Carnivorous Reptile Meal KG,(sans catégorie),70.99,,product,food_packaged,Nourriture,"Asignar ""Nourriture"" en Clover",high,Mazuri,Mazuri Carnivorous Reptile Meal KG,"Patrón nombre → Clover ""Nourriture"" / sitio ""food_packaged""",Bulk create Product
E9FVJZCPAJBR0,65404 Botanicals Botte de Foin des Prés + Fleurs,(sans catégorie),15.00,,product,decor,Decoration,"Asignar ""Decoration"" en Clover",medium,La Swamp / misc SKU,Botanicals Botte de Foin des Prés + Fleurs,"Patrón nombre → Clover ""Decoration"" / sitio ""decor""",Bulk create Product
72KBS20S2C944,76997 Basking Hut 8'',(sans catégorie),21.99,0,product,decor,Decoration,"Asignar ""Decoration"" en Clover",medium,La Swamp / misc SKU,Basking Hut 8'',"Patrón nombre → Clover ""Decoration"" / sitio ""decor""",Bulk create Product
7W847VZHF8XTP,ASF Adulte vivant,(sans catégorie),3.50,,product,food_live,Insecte Vivant,"Asignar ""Insecte Vivant"" en Clover",high,,Adulte vivant,"Patrón nombre → Clover ""Insecte Vivant"" / sitio ""food_live""",Bulk create Product
EAZCRB78RN5Z6,Acanthosaura Capra,(sans catégorie),100.00,0,animal,,Lezard,"Asignar ""Lezard"" en Clover",medium,,Acanthosaura Capra,"Nombre sugiere animal vivo → categoría Clover existente ""Lezard""",Créer Animal (no Product)
VKE8BSE2S8VJJ,Acanthosaura Lepidogaster,(sans catégorie),300.00,0,animal,,Lezard,"Asignar ""Lezard"" en Clover",medium,,Acanthosaura Lepidogaster,"Nombre sugiere animal vivo → categoría Clover existente ""Lezard""",Créer Animal (no Product)
CBWSB7Q5JGMQC,Acanthoscurria Geniculato,(sans catégorie),100.00,0,animal,,Isopod et Araignee et Fourmis,"Asignar ""Isopod et Araignee et Fourmis"" en Clover",medium,,Acanthoscurria Geniculato,"Nombre sugiere animal vivo → categoría Clover existente ""Isopod et Araignee et Fourmis""",Créer Animal (no Product)
W0A3TM297N9EY,Arachnid Biobedding / Substrat Araignée,(sans catégorie),18.50,0,product,substrate,Substrat,"Asignar ""Substrat"" en Clover",high,,Arachnid Biobedding / Substrat Araignée,"Patrón nombre → Clover ""Substrat"" / sitio ""substrate""",Bulk create Product
D74AJRJ2ZDZR0,Betta Catappa Leaf,(sans catégorie),3.99,0,product,decor,Decoration,"Asignar ""Decoration"" en Clover",medium,,Betta Catappa Leaf,"Patrón nombre → Clover ""Decoration"" / sitio ""decor""",Bulk create Product
VH472Z5X04F34,Blate Discoid,(sans catégorie),2.00,0,review,,,Revisar manual,low,,Blate Discoid,Sin categoría Clover y sin patrón reconocido — revisión manual,Revisión manual
HE4VXWH8JNYZM,Boa Male Napalm,(sans catégorie),175.00,0,animal,,Serpent,"Asignar ""Serpent"" en Clover",medium,,Boa Male Napalm,"Nombre sugiere animal vivo → categoría Clover existente ""Serpent""",Créer Animal (no Product)
VMXQFXDSSRJ08,Boa Poss Super Ghost Het VPI Femelle,(sans catégorie),450.00,0,animal,,Serpent,"Asignar ""Serpent"" en Clover",medium,,Boa Poss Super Ghost Het VPI Femelle,"Nombre sugiere animal vivo → categoría Clover existente ""Serpent""",Créer Animal (no Product)
R18X0M3GJG02P,Calypso Misting Intelligent Automatic System,(sans catégorie),80.00,,product,equipment,Piece Remplacement/ Electronique,"Asignar ""Piece Remplacement/ Electronique"" en Clover",medium,,Calypso Misting Intelligent Automatic System,"Patrón nombre → Clover ""Piece Remplacement/ Electronique"" / sitio ""equipment""",Bulk create Product
FHY2YQPR7VGMR,Carnivorous Plant Soil,(sans catégorie),37.00,0,product,substrate,Substrat,"Asignar ""Substrat"" en Clover",high,,Carnivorous Plant Soil,"Patrón nombre → Clover ""Substrat"" / sitio ""substrate""",Bulk create Product
BADJW56GNJHFG,Ceramc Cave Hide Large Cachette,(sans catégorie),40.99,0,product,decor,Decoration,"Asignar ""Decoration"" en Clover",medium,,Ceramc Cave Hide Large Cachette,"Patrón nombre → Clover ""Decoration"" / sitio ""decor""",Bulk create Product
5BJ7MN930ESR2,Ceramic Cave Hide Medium Cachette,(sans catégorie),25.99,0,product,decor,Decoration,"Asignar ""Decoration"" en Clover",medium,,Ceramic Cave Hide Medium Cachette,"Patrón nombre → Clover ""Decoration"" / sitio ""decor""",Bulk create Product
8MBN9NEX4NWF0,Certificat Cadeau/ Gift Certificate,(sans catégorie),86.98,,ignore,,,Revisar manual,high,,Certificat Cadeau/ Gift Certificate,Certificat / frais / service — no publicar en boutique,Ignorer / no publicar
DMRC79PCC27MY,Cricket 150,(sans catégorie),12.00,0,product,food_live,Insecte Vivant,"Asignar ""Insecte Vivant"" en Clover",high,,Cricket 150,"Patrón nombre → Clover ""Insecte Vivant"" / sitio ""food_live""",Bulk create Product
XXCQQ29C1DJY2,Cricket 6,(sans catégorie),1.25,0,product,food_live,Insecte Vivant,"Asignar ""Insecte Vivant"" en Clover",high,,Cricket 6,"Patrón nombre → Clover ""Insecte Vivant"" / sitio ""food_live""",Bulk create Product
01TFHG0Z3P1RM,Crocodile Skink Red Eyes (couple),(sans catégorie),800.00,0,animal,,Lezard,"Asignar ""Lezard"" en Clover",medium,,Crocodile Skink Red Eyes (couple),"Nombre sugiere animal vivo → categoría Clover existente ""Lezard""",Créer Animal (no Product)
8T10TRKYCJW2W,DR001,(sans catégorie),21.99,,product,food_packaged,Nourriture,"Asignar ""Nourriture"" en Clover",high,Repashy,DR001,"Patrón nombre → Clover ""Nourriture"" / sitio ""food_packaged""",Bulk create Product
2JNPK2PQQ2ZK2,DR002,(sans catégorie),32.99,,product,food_packaged,Nourriture,"Asignar ""Nourriture"" en Clover",high,Repashy,DR002,"Patrón nombre → Clover ""Nourriture"" / sitio ""food_packaged""",Bulk create Product
RBVN0JH8SDDN6,DR011 Mulberry Madness Crested Gecko Diet 3 oz,(sans catégorie),26.99,0,animal,,Lezard,"Asignar ""Lezard"" en Clover",medium,Repashy,Mulberry Madness Crested Gecko Diet 3 oz,"Nombre sugiere animal vivo → categoría Clover existente ""Lezard""",Créer Animal (no Product)
PG2PRHXZNDPVJ,DR012,(sans catégorie),35.99,,product,food_packaged,Nourriture,"Asignar ""Nourriture"" en Clover",high,Repashy,DR012,"Patrón nombre → Clover ""Nourriture"" / sitio ""food_packaged""",Bulk create Product
XKPB0WSX2BDDC,DR046 Repashy Cherry Bomb 3oz,(sans catégorie),26.99,0,product,food_packaged,Nourriture,"Asignar ""Nourriture"" en Clover",high,Repashy,Repashy Cherry Bomb 3oz,"Patrón nombre → Clover ""Nourriture"" / sitio ""food_packaged""",Bulk create Product
WEK9K65G9DWQJ,DR047 Repashy Cherry Bomb 6oz,(sans catégorie),40.99,0,product,food_packaged,Nourriture,"Asignar ""Nourriture"" en Clover",high,Repashy,Repashy Cherry Bomb 6oz,"Patrón nombre → Clover ""Nourriture"" / sitio ""food_packaged""",Bulk create Product
EQYYWMVQFY024,DR067  Beardie Buffet 6oz,(sans catégorie),31.99,0,product,food_packaged,Nourriture,"Asignar ""Nourriture"" en Clover",high,Repashy,Beardie Buffet 6oz,"Patrón nombre → Clover ""Nourriture"" / sitio ""food_packaged""",Bulk create Product
BV9QZ9XXCSASP,DR071,(sans catégorie),26.99,0,product,food_packaged,Nourriture,"Asignar ""Nourriture"" en Clover",high,Repashy,DR071,"Patrón nombre → Clover ""Nourriture"" / sitio ""food_packaged""",Bulk create Product
8BZZV2XBTHEW2,DR072 Repashy Pineapple Express Gecko Diet 6 oz,(sans catégorie),35.99,0,animal,,Lezard,"Asignar ""Lezard"" en Clover",medium,Repashy,Repashy Pineapple Express Gecko Diet 6 oz,"Nombre sugiere animal vivo → categoría Clover existente ""Lezard""",Créer Animal (no Product)
FW9A6QT9DYR9J,DR111 Repashy Calcium plus Lo D 3oz,(sans catégorie),22.99,0,product,food_packaged,Nourriture,"Asignar ""Nourriture"" en Clover",high,Repashy,Repashy Calcium plus Lo D 3oz,"Patrón nombre → Clover ""Nourriture"" / sitio ""food_packaged""",Bulk create Product
MNPHS9YAVFA1G,DR191 Repashy Vitamine A Plus 3oz,(sans catégorie),23.99,0,product,food_packaged,Nourriture,"Asignar ""Nourriture"" en Clover",high,Repashy,Repashy Vitamine A Plus 3oz,"Patrón nombre → Clover ""Nourriture"" / sitio ""food_packaged""",Bulk create Product
4WZDJZNW0W0N6,DR217 Repashy Mango Tango Crested Gecko Diet 6oz,(sans catégorie),40.99,0,animal,,Lezard,"Asignar ""Lezard"" en Clover",medium,Repashy,Repashy Mango Tango Crested Gecko Diet 6oz,"Nombre sugiere animal vivo → categoría Clover existente ""Lezard""",Créer Animal (no Product)
9HNGDSQ46FVEJ,DR221   Repashy Meat Pie 3oz,(sans catégorie),21.99,0,product,food_packaged,Nourriture,"Asignar ""Nourriture"" en Clover",high,Repashy,Repashy Meat Pie 3oz,"Patrón nombre → Clover ""Nourriture"" / sitio ""food_packaged""",Bulk create Product
G8506RZ21Y6VG,DR301 Repashy Bug Burger 3oz,(sans catégorie),19.50,,product,food_packaged,Nourriture,"Asignar ""Nourriture"" en Clover",high,Repashy,Repashy Bug Burger 3oz,"Patrón nombre → Clover ""Nourriture"" / sitio ""food_packaged""",Bulk create Product
2SXW9KR7MAD62,DR307 Repashy Superhorn 6oz,(sans catégorie),27.99,,product,food_packaged,Nourriture,"Asignar ""Nourriture"" en Clover",high,Repashy,Repashy Superhorn 6oz,"Patrón nombre → Clover ""Nourriture"" / sitio ""food_packaged""",Bulk create Product
16JPW62V823EG,DR325 Repashy Superfly,(sans catégorie),70.00,,product,food_packaged,Nourriture,"Asignar ""Nourriture"" en Clover",high,Repashy,Repashy Superfly,"Patrón nombre → Clover ""Nourriture"" / sitio ""food_packaged""",Bulk create Product
HFKJ3QXQ46NVJ,DR402 Repashy Super Hatch Incubation 6 oz,(sans catégorie),14.99,,animal,,Serpent,"Asignar ""Serpent"" en Clover",medium,Repashy,Repashy Super Hatch Incubation 6 oz,"Nombre sugiere animal vivo → categoría Clover existente ""Serpent""",Créer Animal (no Product)
09HGCMHXSKMT4,DR565 Repashy Morning Wood 70.4 oz,(sans catégorie),243.00,,product,food_packaged,Nourriture,"Asignar ""Nourriture"" en Clover",high,Repashy,Repashy Morning Wood 70.4 oz,"Patrón nombre → Clover ""Nourriture"" / sitio ""food_packaged""",Bulk create Product
BMZ574WDZKEE0,Dendrobates Oophaga Paru (Couple),(sans catégorie),1200.00,0,review,,,Revisar manual,low,,Dendrobates Oophaga Paru (Couple),Sin categoría Clover y sin patrón reconocido — revisión manual,Revisión manual
XYVJX8V6ZKQAM,EXS-12,(sans catégorie),44.99,,review,,,Revisar manual,low,,EXS-12,Sin categoría Clover y sin patrón reconocido — revisión manual,Revisión manual
ZHFE5CT7NDTRW,EXS23,(sans catégorie),37.99,,review,,,Revisar manual,low,,EXS23,Sin categoría Clover y sin patrón reconocido — revisión manual,Revisión manual
Y0BQF8A01PMW0,Eastern Black Neck Garter Snake ( Thamnophis cyrtopsis ocellatus,(sans catégorie),240.00,,review,,,Revisar manual,low,,Eastern Black Neck Garter Snake ( Thamnophis cyrtopsis ocellatus,Sin categoría Clover y sin patrón reconocido — revisión manual,Revisión manual
RVNB4VCYKG3KM,FF2200 Gentle Giants DOG Chicken - Kibble 3lb,(sans catégorie),19.99,,review,,,Revisar manual,low,,Gentle Giants DOG Chicken - Kibble 3lb,Sin categoría Clover y sin patrón reconocido — revisión manual,Revisión manual
84Y48BQ6QN4CY,FF2205 Gentle Giants DOG Chicken- Kibble 30lbs,(sans catégorie),89.99,,review,,,Revisar manual,low,,Gentle Giants DOG Chicken- Kibble 30lbs,Sin categoría Clover y sin patrón reconocido — revisión manual,Revisión manual
FX9WNHK6MQXT8,FF2220 Gentle Giants DOG Beef with Bacon - Kibble 3 lbs,(sans catégorie),25.99,,review,,,Revisar manual,low,,Gentle Giants DOG Beef with Bacon - Kibble 3 lbs,Sin categoría Clover y sin patrón reconocido — revisión manual,Revisión manual
B7D77YECZ5KGP,FF2224 Gentle Giants DOG Beef with Bacon - Kibble 24 lbs,(sans catégorie),89.99,,review,,,Revisar manual,low,,Gentle Giants DOG Beef with Bacon - Kibble 24 lbs,Sin categoría Clover y sin patrón reconocido — revisión manual,Revisión manual
S7P3P5CC2WZMG,FF2240 Gentle Giants DOG 90% Chicken - Can 13oz,(sans catégorie),5.99,,review,,,Revisar manual,low,,Gentle Giants DOG 90% Chicken - Can 13oz,Sin categoría Clover y sin patrón reconocido — revisión manual,Revisión manual
1M23YPN69R49T,FF2242 Gentle Giants DOG 90% Beef - Can 13oz,(sans catégorie),5.99,,review,,,Revisar manual,low,,Gentle Giants DOG 90% Beef - Can 13oz,Sin categoría Clover y sin patrón reconocido — revisión manual,Revisión manual
CR4T5EFVBH6X2,G146 Reptile Hide Box XXL,(sans catégorie),39.99,,product,decor,Decoration,"Asignar ""Decoration"" en Clover",medium,,Reptile Hide Box XXL,"Patrón nombre → Clover ""Decoration"" / sitio ""decor""",Bulk create Product
EZ020SA0X5CQ0,Gardiennage Semaine,(sans catégorie),100.00,0,review,,,Revisar manual,low,,Gardiennage Semaine,Sin categoría Clover y sin patrón reconocido — revisión manual,Revisión manual
70BMBYV6392VA,Gardiennage par jour,(sans catégorie),15.00,,review,,,Revisar manual,low,,Gardiennage par jour,Sin categoría Clover y sin patrón reconocido — revisión manual,Revisión manual
6ZHFTA1WD2A6E,Gardiennage par mois,(sans catégorie),150.00,,review,,,Revisar manual,low,,Gardiennage par mois,Sin categoría Clover y sin patrón reconocido — revisión manual,Revisión manual
KWFQ57BVQJAK8,Gecko A Crete,(sans catégorie),250.00,0,animal,,Lezard,"Asignar ""Lezard"" en Clover",medium,,Gecko A Crete,"Nombre sugiere animal vivo → categoría Clover existente ""Lezard""",Créer Animal (no Product)
S50826PZ3F12C,Gecko à Crête Lily White,(sans catégorie),250.00,0,animal,,Lezard,"Asignar ""Lezard"" en Clover",medium,,Gecko à Crête Lily White,"Nombre sugiere animal vivo → categoría Clover existente ""Lezard""",Créer Animal (no Product)
4F12690QXFMVA,Gerbille / Rat natal vivant/ ASF,(sans catégorie),10.25,0,animal,,Rongeur,"Asignar ""Rongeur"" en Clover",medium,,Gerbille / Rat natal vivant/ ASF,"Nombre sugiere animal vivo → categoría Clover existente ""Rongeur""",Créer Animal (no Product)
S3BJAWBE7EX48,Gift card,(sans catégorie),0.00,,review,,,Revisar manual,low,,Gift card,Sin categoría Clover y sin patrón reconocido — revisión manual,Revisión manual
XHN7NCG58SKQW,Guppies,(sans catégorie),6.00,,review,,,Revisar manual,low,,Guppies,Sin categoría Clover y sin patrón reconocido — revisión manual,Revisión manual
D71Y46XZGFH38,Guyana Leaf,(sans catégorie),11.99,,product,decor,Decoration,"Asignar ""Decoration"" en Clover",medium,,Guyana Leaf,"Patrón nombre → Clover ""Decoration"" / sitio ""decor""",Bulk create Product
ZFRSB9YEVMPTP,H20631 Hikari Mulberific Delite 7.7oz,(sans catégorie),31.99,0,review,,,Revisar manual,low,,Hikari Mulberific Delite 7.7oz,Sin categoría Clover y sin patrón reconocido — revisión manual,Revisión manual
GG6PTXA35D9J8,H20633 Hikari Mulberific Delite 22.9 oz,(sans catégorie),60.99,0,review,,,Revisar manual,low,,Hikari Mulberific Delite 22.9 oz,Sin categoría Clover y sin patrón reconocido — revisión manual,Revisión manual
76JNCZY75VN6Y,H96155 Hikari Mossy Skull 4.1 Resin Ornament,(sans catégorie),26.99,,product,substrate,Substrat,"Asignar ""Substrat"" en Clover",high,,Hikari Mossy Skull 4.1 Resin Ornament,"Patrón nombre → Clover ""Substrat"" / sitio ""substrate""",Bulk create Product
XT4V5HW1DPV6P,HF30104 Mini Bloodworms 1.58oz,(sans catégorie),6.99,0,product,food_live,Insecte Vivant,"Asignar ""Insecte Vivant"" en Clover",high,,HF30104 Mini Bloodworms 1.58oz,"Patrón nombre → Clover ""Insecte Vivant"" / sitio ""food_live""",Bulk create Product
2XFTWKTNA2GSR,HF30120 / 15234 Frozen Bloodworms 100gr (3.5oz),(sans catégorie),9.99,0,product,food_live,Insecte Vivant,"Asignar ""Insecte Vivant"" en Clover",high,,HF30120 / 15234 Frozen Bloodworms 100gr (3.5oz),"Patrón nombre → Clover ""Insecte Vivant"" / sitio ""food_live""",Bulk create Product
PB0DW30ZV1YHP,HF30250 Hikari Jumbo Blood Worm,(sans catégorie),42.99,,product,food_live,Insecte Vivant,"Asignar ""Insecte Vivant"" en Clover",high,,HF30250 Hikari Jumbo Blood Worm,"Patrón nombre → Clover ""Insecte Vivant"" / sitio ""food_live""",Bulk create Product
VJJT8FRXSFCZT,HH0232 Pet's Pick Aspen 41L,(sans catégorie),17.99,0,review,,,Revisar manual,low,,Pet's Pick Aspen 41L,Sin categoría Clover y sin patrón reconocido — revisión manual,Revisión manual
87K6PZDYA1NYC,HH1666 Mazuri Hamster et Gerbil Diet,(sans catégorie),7.00,0,animal,,Rongeur,"Asignar ""Rongeur"" en Clover",medium,Mazuri,Mazuri Hamster et Gerbil Diet,"Nombre sugiere animal vivo → categoría Clover existente ""Rongeur""",Créer Animal (no Product)
1X3TKWVGQY7AY,HH1672 Mazuri Rat & Mouse Diet 2lb,(sans catégorie),14.00,0,animal,,Rongeur,"Asignar ""Rongeur"" en Clover",medium,Mazuri,Mazuri Rat & Mouse Diet 2lb,"Nombre sugiere animal vivo → categoría Clover existente ""Rongeur""",Créer Animal (no Product)
A94PEAV9QRG2T,HK30240 Jumbo Bloodworms Flat Pack 16oz,(sans catégorie),42.99,,product,food_live,Insecte Vivant,"Asignar ""Insecte Vivant"" en Clover",high,,HK30240 Jumbo Bloodworms Flat Pack 16oz,"Patrón nombre → Clover ""Insecte Vivant"" / sitio ""food_live""",Bulk create Product
NBHKCD4FEQY7Y,HK30920 Hikari Frozen Okanagan FW Mysis 3.5 oz Cubes,(sans catégorie),11.99,,product,food_frozen,Nourriture,"Asignar ""Nourriture"" en Clover",medium,,HK30920 Hikari Frozen Okanagan FW Mysis 3.5 oz Cubes,"Patrón nombre → Clover ""Nourriture"" / sitio ""food_frozen""",Bulk create Product
01ACQ8T64A1QC,HK31027 Hikari Frozen Okanagan FW Mysis 8 oz,(sans catégorie),23.99,,product,food_frozen,Nourriture,"Asignar ""Nourriture"" en Clover",medium,,HK31027 Hikari Frozen Okanagan FW Mysis 8 oz,"Patrón nombre → Clover ""Nourriture"" / sitio ""food_frozen""",Bulk create Product
8H6WSWAQP9D7W,Hamster Syrian Assorted,(sans catégorie),18.00,,animal,,Rongeur,"Asignar ""Rongeur"" en Clover",medium,,Hamster Syrian Assorted,"Nombre sugiere animal vivo → categoría Clover existente ""Rongeur""",Créer Animal (no Product)
5ZDKJR4D8BWZR,Hikari Dragon Delite,(sans catégorie),24.00,0,animal,,Lezard,"Asignar ""Lezard"" en Clover",medium,,Hikari Dragon Delite,"Nombre sugiere animal vivo → categoría Clover existente ""Lezard""",Créer Animal (no Product)
97N5TP1GB54CC,Hydroball 50L,(sans catégorie),40.00,,review,,,Revisar manual,low,,Hydroball 50L,Sin categoría Clover y sin patrón reconocido — revisión manual,Revisión manual
8XPB9KNXX7V6G,ITEM CORRECTIF,(sans catégorie),1.00,,review,,,Revisar manual,low,,CORRECTIF,Sin categoría Clover y sin patrón reconocido — revisión manual,Revisión manual
ZVZJXV7G4CCTA,Imprime 3D,(sans catégorie),15.00,,review,,,Revisar manual,low,,Imprime 3D,Sin categoría Clover y sin patrón reconocido — revisión manual,Revisión manual
X9GFZ01YNAEFG,Intérêt,(sans catégorie),1.00,,review,,,Revisar manual,low,,Intérêt,Sin categoría Clover y sin patrón reconocido — revisión manual,Revisión manual
943E0J3E1FHA6,Isopod Armadillidum nasatum Gold Flake Jelly Bean,(sans catégorie),40.00,,animal,,Isopod et Araignee et Fourmis,"Asignar ""Isopod et Araignee et Fourmis"" en Clover",medium,,Isopod Armadillidum nasatum Gold Flake Jelly Bean,"Nombre sugiere animal vivo → categoría Clover existente ""Isopod et Araignee et Fourmis""",Créer Animal (no Product)
8BTZ7ZYN6B37C,Isopod Cubaris Murina Glacier,(sans catégorie),40.00,,animal,,Isopod et Araignee et Fourmis,"Asignar ""Isopod et Araignee et Fourmis"" en Clover",medium,,Isopod Cubaris Murina Glacier,"Nombre sugiere animal vivo → categoría Clover existente ""Isopod et Araignee et Fourmis""",Créer Animal (no Product)
53J0P0P33KRYT,Isopod Cubaris Sp. ''Cappuccino'',(sans catégorie),250.00,,animal,,Isopod et Araignee et Fourmis,"Asignar ""Isopod et Araignee et Fourmis"" en Clover",medium,,Isopod Cubaris Sp. ''Cappuccino'',"Nombre sugiere animal vivo → categoría Clover existente ""Isopod et Araignee et Fourmis""",Créer Animal (no Product)
538CBJW0FHXSR,Isopod Cubaris sp. ''Soil'',(sans catégorie),100.00,,animal,,Isopod et Araignee et Fourmis,"Asignar ""Isopod et Araignee et Fourmis"" en Clover",medium,,Isopod Cubaris sp. ''Soil'',"Nombre sugiere animal vivo → categoría Clover existente ""Isopod et Araignee et Fourmis""",Créer Animal (no Product)
2BT19C1JN4MDJ,Isopod Nesodillo Arcangelii ''Shiro Utsuri'',(sans catégorie),55.00,,animal,,Isopod et Araignee et Fourmis,"Asignar ""Isopod et Araignee et Fourmis"" en Clover",medium,,Isopod Nesodillo Arcangelii ''Shiro Utsuri'',"Nombre sugiere animal vivo → categoría Clover existente ""Isopod et Araignee et Fourmis""",Créer Animal (no Product)
0MCFKYCRV2BY8,Isopod Porcellio Scaber Calico,(sans catégorie),20.00,,animal,,Isopod et Araignee et Fourmis,"Asignar ""Isopod et Araignee et Fourmis"" en Clover",medium,,Isopod Porcellio Scaber Calico,"Nombre sugiere animal vivo → categoría Clover existente ""Isopod et Araignee et Fourmis""",Créer Animal (no Product)
4F5R0KADF9PW0,Isopods P. Scaber Koi 15+,(sans catégorie),30.00,,review,,,Revisar manual,low,,Isopods P. Scaber Koi 15+,Sin categoría Clover y sin patrón reconocido — revisión manual,Revisión manual
3FQ6HAWKZ30SG,JSK Zoomed Creatures Jumping Spider Kit,(sans catégorie),35.00,0,review,,,Revisar manual,low,Zoo Med,Zoomed Creatures Jumping Spider Kit,Sin categoría Clover y sin patrón reconocido — revisión manual,Revisión manual
8BCVTTFF9Z058,Jumping Spider / Araignée Sauteuse,(sans catégorie),70.00,0,review,,,Revisar manual,low,,Jumping Spider / Araignée Sauteuse,Sin categoría Clover y sin patrón reconocido — revisión manual,Revisión manual
FT71J2G672G18,La Swamp - Feuilles de Logan,(sans catégorie),4.99,,product,decor,Decoration,"Asignar ""Decoration"" en Clover",medium,,La Swamp - Feuilles de Logan,"Patrón nombre → Clover ""Decoration"" / sitio ""decor""",Bulk create Product
GC19P69AX61WM,La Swamp - Nourriture Isopods 16oz,(sans catégorie),29.99,,review,,,Revisar manual,low,,La Swamp - Nourriture Isopods 16oz,Sin categoría Clover y sin patrón reconocido — revisión manual,Revisión manual
GAC6WTJHY8868,La Swamp - Nourriture Isopods 4oz,(sans catégorie),9.99,,review,,,Revisar manual,low,,La Swamp - Nourriture Isopods 4oz,Sin categoría Clover y sin patrón reconocido — revisión manual,Revisión manual
F02DMHZ94M6J8,La Swamp Feuilles de Catappa,(sans catégorie),2.99,,product,decor,Decoration,"Asignar ""Decoration"" en Clover",medium,,La Swamp Feuilles de Catappa,"Patrón nombre → Clover ""Decoration"" / sitio ""decor""",Bulk create Product
EYSF77KNHSYTR,"La Swamp Feuilles de Kumbuk 0,5 oz",(sans catégorie),6.99,,product,decor,Decoration,"Asignar ""Decoration"" en Clover",medium,,"La Swamp Feuilles de Kumbuk 0,5 oz","Patrón nombre → Clover ""Decoration"" / sitio ""decor""",Bulk create Product
6VQTZNWKAAVVR,La Swamp Écorce Mixte de l'Est,(sans catégorie),5.99,,review,,,Revisar manual,low,,La Swamp Écorce Mixte de l'Est,Sin categoría Clover y sin patrón reconocido — revisión manual,Revisión manual
PX5RB8SG7A8M0,Lacerta Mélanique BB,(sans catégorie),500.00,,review,,,Revisar manual,low,,Lacerta Mélanique BB,Sin categoría Clover y sin patrón reconocido — revisión manual,Revisión manual
8RHMC24WV2ZQG,Lapin / Cochon d'Inde 150-300 gr.,(sans catégorie),9.50,,review,,,Revisar manual,low,,Lapin / Cochon d'Inde 150-300 gr.,Sin categoría Clover y sin patrón reconocido — revisión manual,Revisión manual
22QSETH9T3BDE,Lapin / Cochon d'Inde 300-500 gr,(sans catégorie),13.99,,review,,,Revisar manual,low,,Lapin / Cochon d'Inde 300-500 gr,Sin categoría Clover y sin patrón reconocido — revisión manual,Revisión manual
R2J52T2V10WX6,Lapin / Cochon d'Inde 500-800gr,(sans catégorie),19.99,0,review,,,Revisar manual,low,,Lapin / Cochon d'Inde 500-800gr,Sin categoría Clover y sin patrón reconocido — revisión manual,Revisión manual
5VSK859K7423W,Lapin / Cochon d'Inde 800-1000 gr.,(sans catégorie),23.99,0,review,,,Revisar manual,low,,Lapin / Cochon d'Inde 800-1000 gr.,Sin categoría Clover y sin patrón reconocido — revisión manual,Revisión manual
EY9N8WTF4ZNW8,Lapin 1001-2000 gr.,(sans catégorie),30.00,0,review,,,Revisar manual,low,,Lapin 1001-2000 gr.,Sin categoría Clover y sin patrón reconocido — revisión manual,Revisión manual
ZEHYW34YCJ79M,Leachieanus bb,(sans catégorie),600.00,,review,,,Revisar manual,low,,Leachieanus bb,Sin categoría Clover y sin patrón reconocido — revisión manual,Revisión manual
GC5XQMA31AEV0,MBCL Cashew Leaf Litter,(sans catégorie),13.99,,product,decor,Decoration,"Asignar ""Decoration"" en Clover",medium,,Cashew Leaf Litter,"Patrón nombre → Clover ""Decoration"" / sitio ""decor""",Bulk create Product
K3RQKWMNVS8JR,MBEX,(sans catégorie),10.99,0,review,,,Revisar manual,low,,MBEX,Sin categoría Clover y sin patrón reconocido — revisión manual,Revisión manual
6Z6FJHMXFSJCG,MBOL Oak Leaf Litter 1 oz,(sans catégorie),15.99,0,product,decor,Decoration,"Asignar ""Decoration"" en Clover",medium,,Oak Leaf Litter 1 oz,"Patrón nombre → Clover ""Decoration"" / sitio ""decor""",Bulk create Product
6J67AD8JMBW7A,MBPL Maple Leaf Litter 1oz,(sans catégorie),14.99,,product,decor,Decoration,"Asignar ""Decoration"" en Clover",medium,,Maple Leaf Litter 1oz,"Patrón nombre → Clover ""Decoration"" / sitio ""decor""",Bulk create Product
JAFRJVERV6FZE,MZF RC Nourriture à crickets 1.8 kg,(sans catégorie),21.99,,product,food_live,Insecte Vivant,"Asignar ""Insecte Vivant"" en Clover",high,,RC Nourriture à crickets 1.8 kg,"Patrón nombre → Clover ""Insecte Vivant"" / sitio ""food_live""",Bulk create Product
X9DM8PK3YVH2P,MZF08 Cricket Food 8oz,(sans catégorie),4.50,0,product,food_live,Insecte Vivant,"Asignar ""Insecte Vivant"" en Clover",high,,Cricket Food 8oz,"Patrón nombre → Clover ""Insecte Vivant"" / sitio ""food_live""",Bulk create Product
46AFY8E4FN88C,MZF16 RC Nourriture à crickets 300g,(sans catégorie),8.49,0,product,food_live,Insecte Vivant,"Asignar ""Insecte Vivant"" en Clover",high,,RC Nourriture à crickets 300g,"Patrón nombre → Clover ""Insecte Vivant"" / sitio ""food_live""",Bulk create Product
E4KSQRESVN8A0,MZF32 RC Nourriture à crickets 600g,(sans catégorie),14.99,,product,food_live,Insecte Vivant,"Asignar ""Insecte Vivant"" en Clover",high,,RC Nourriture à crickets 600g,"Patrón nombre → Clover ""Insecte Vivant"" / sitio ""food_live""",Bulk create Product
SZYJ7NDW4GKKC,MZM livre,(sans catégorie),60.00,0,review,,,Revisar manual,low,,livre,Sin categoría Clover y sin patrón reconocido — revisión manual,Revisión manual
T1RHDV6MFJPFY,MZM08,(sans catégorie),4.99,0,review,,,Revisar manual,low,,MZM08,Sin categoría Clover y sin patrón reconocido — revisión manual,Revisión manual
VZR335FPA92WW,MZM16,(sans catégorie),8.49,0,review,,,Revisar manual,low,,MZM16,Sin categoría Clover y sin patrón reconocido — revisión manual,Revisión manual
CQ176FV5RDQ3A,MZM32,(sans catégorie),14.99,,review,,,Revisar manual,low,,MZM32,Sin categoría Clover y sin patrón reconocido — revisión manual,Revisión manual
V33VGKVBYRSBG,MZSM Mousse de Sphaigne 240L / Sphagnum Moss,(sans catégorie),339.99,,product,substrate,Substrat,"Asignar ""Substrat"" en Clover",high,,Mousse de Sphaigne 240L / Sphagnum Moss,"Patrón nombre → Clover ""Substrat"" / sitio ""substrate""",Bulk create Product
QRAA8ZTQ99VD0,Madagascar Spiny,(sans catégorie),250.00,,review,,,Revisar manual,low,,Madagascar Spiny,Sin categoría Clover y sin patrón reconocido — revisión manual,Revisión manual
HYVCVB91010RY,Mango Leaf (1.5oz),(sans catégorie),16.99,,product,decor,Decoration,"Asignar ""Decoration"" en Clover",medium,,Mango Leaf (1.5oz),"Patrón nombre → Clover ""Decoration"" / sitio ""decor""",Bulk create Product
FFGREXTGPR6JT,Mante Religieuse,(sans catégorie),35.00,0,review,,,Revisar manual,low,,Mante Religieuse,Sin categoría Clover y sin patrón reconocido — revisión manual,Revisión manual
T03VKECNNV4N6,Marginated Tortoise,(sans catégorie),600.00,,review,,,Revisar manual,low,,Marginated Tortoise,Sin categoría Clover y sin patrón reconocido — revisión manual,Revisión manual
SECEG51Z44P7Y,Mazouri Herbivore,(sans catégorie),149.99,,review,,,Revisar manual,low,,Mazouri Herbivore,Sin categoría Clover y sin patrón reconocido — revisión manual,Revisión manual
VH2N0YQ1BZ29E,Mazuri 5E5M Herb. Repti. Diet,(sans catégorie),204.00,,product,food_packaged,Nourriture,"Asignar ""Nourriture"" en Clover",high,Mazuri,Mazuri 5E5M Herb. Repti. Diet,"Patrón nombre → Clover ""Nourriture"" / sitio ""food_packaged""",Bulk create Product
G9N9EPD45SW8E,Mazuri 5M87 100g,(sans catégorie),10.00,,product,food_packaged,Nourriture,"Asignar ""Nourriture"" en Clover",high,Mazuri,Mazuri 5M87 100g,"Patrón nombre → Clover ""Nourriture"" / sitio ""food_packaged""",Bulk create Product
RFXMQYK00S6P0,Mazuri Sac En Vrac,(sans catégorie),39.99,,product,food_packaged,Nourriture,"Asignar ""Nourriture"" en Clover",high,Mazuri,Mazuri Sac En Vrac,"Patrón nombre → Clover ""Nourriture"" / sitio ""food_packaged""",Bulk create Product
9BCD1WRJ5PY7J,Mazuri Tortoise Food Sac Cricket,(sans catégorie),45.00,,product,food_packaged,Nourriture,"Asignar ""Nourriture"" en Clover",high,Mazuri,Mazuri Tortoise Food Sac Cricket,"Patrón nombre → Clover ""Nourriture"" / sitio ""food_packaged""",Bulk create Product
0FH64PW6Z3KTM,Medium Bromelads/Bromelia,(sans catégorie),40.00,,review,,,Revisar manual,low,,Medium Bromelads/Bromelia,Sin categoría Clover y sin patrón reconocido — revisión manual,Revisión manual
4BJ38JXD7R99A,Mini Bromelads / Bromelia,(sans catégorie),26.00,,review,,,Revisar manual,low,,Mini Bromelads / Bromelia,Sin categoría Clover y sin patrón reconocido — revisión manual,Revisión manual
5HDTGDFV2ZCG6,Mood Ring / Bague,(sans catégorie),5.99,,review,,,Revisar manual,low,,Mood Ring / Bague,Sin categoría Clover y sin patrón reconocido — revisión manual,Revisión manual
0KKAR5RN14JYM,Mousse De Java,(sans catégorie),9.99,,review,,,Revisar manual,low,,Mousse De Java,Sin categoría Clover y sin patrón reconocido — revisión manual,Revisión manual
4DFK1F127QE2J,Mousse Sphaigne Vrak 200g,(sans catégorie),25.99,,review,,,Revisar manual,low,,Mousse Sphaigne Vrak 200g,Sin categoría Clover y sin patrón reconocido — revisión manual,Revisión manual
SSCPSCQZC55WE,Mousse Vivante Grosse,(sans catégorie),20.00,0,review,,,Revisar manual,low,,Mousse Vivante Grosse,Sin categoría Clover y sin patrón reconocido — revisión manual,Revisión manual
0SC7E2J9V4466,Mushroom naturel Champignon,(sans catégorie),3.00,0,review,,,Revisar manual,low,,Mushroom naturel Champignon,Sin categoría Clover y sin patrón reconocido — revisión manual,Revisión manual
TNHCA8R4V5F0C,NC014,(sans catégorie),39.99,,review,,,Revisar manual,low,,NC014,Sin categoría Clover y sin patrón reconocido — revisión manual,Revisión manual
CX5Q1N6H2RK7Y,NC101 Newcal Pet Live Oak Leaf Litter 0.5oz,(sans catégorie),10.00,,product,decor,Decoration,"Asignar ""Decoration"" en Clover",medium,,Newcal Pet Live Oak Leaf Litter 0.5oz,"Patrón nombre → Clover ""Decoration"" / sitio ""decor""",Bulk create Product
CPPJY7Q862FS0,NC221 Newcal Pet Coconut Half Bowl 8 app,(sans catégorie),9.75,,review,,,Revisar manual,low,,Newcal Pet Coconut Half Bowl 8 app,Sin categoría Clover y sin patrón reconocido — revisión manual,Revisión manual
3J470PW04K8H4,NC239 Lotus Pods (3-pack),(sans catégorie),11.00,0,review,,,Revisar manual,low,,Lotus Pods (3-pack),Sin categoría Clover y sin patrón reconocido — revisión manual,Revisión manual
MHZ8GH32X1EPC,NC403 Newcal Pet Galho Estrela Natural Cork Branch 36'',(sans catégorie),22.00,,product,decor,Decoration,"Asignar ""Decoration"" en Clover",medium,,Newcal Pet Galho Estrela Natural Cork Branch 36'',"Patrón nombre → Clover ""Decoration"" / sitio ""decor""",Bulk create Product
GV8RZ1RS07FKR,NC431 Newcal Pet Birch Tree Pole 12'',(sans catégorie),13.00,0,review,,,Revisar manual,low,,Newcal Pet Birch Tree Pole 12'',Sin categoría Clover y sin patrón reconocido — revisión manual,Revisión manual
VF5SPSPZ9YPQ0,NC432 Newcal Pet Birch Tree Pole 18'',(sans catégorie),16.50,0,review,,,Revisar manual,low,,Newcal Pet Birch Tree Pole 18'',Sin categoría Clover y sin patrón reconocido — revisión manual,Revisión manual
BN8HWFCSY6FE6,NC433 Newcal Pet Birch Tree Pole 24'',(sans catégorie),20.50,0,review,,,Revisar manual,low,,Newcal Pet Birch Tree Pole 24'',Sin categoría Clover y sin patrón reconocido — revisión manual,Revisión manual
CNJRNMB9NCPQJ,NC434 Newcal Pet Birch Tree Pole 36'',(sans catégorie),28.00,0,review,,,Revisar manual,low,,Newcal Pet Birch Tree Pole 36'',Sin categoría Clover y sin patrón reconocido — revisión manual,Revisión manual
3HZB8BDHDDZGJ,NC446 Newcal Pet Curry Tree Branch 10-13,(sans catégorie),15.00,,product,decor,Decoration,"Asignar ""Decoration"" en Clover",medium,,Newcal Pet Curry Tree Branch 10-13,"Patrón nombre → Clover ""Decoration"" / sitio ""decor""",Bulk create Product
KWBA6843AC96G,NC471 Newcal Pet Liana Vine Rosca 12'',(sans catégorie),24.00,,review,,,Revisar manual,low,,Newcal Pet Liana Vine Rosca 12'',Sin categoría Clover y sin patrón reconocido — revisión manual,Revisión manual
43QHGDVAFG4AY,NC496 Newcal Pet Nerve Wood 14-18,(sans catégorie),11.00,0,review,,,Revisar manual,low,,Newcal Pet Nerve Wood 14-18,Sin categoría Clover y sin patrón reconocido — revisión manual,Revisión manual
2P8ZBNH47ADMT,Neon LED x2 used 36 pouces & 30``,(sans catégorie),300.00,,review,,,Revisar manual,low,,Neon LED x2 used 36 pouces & 30``,Sin categoría Clover y sin patrón reconocido — revisión manual,Revisión manual
TZSSFE8FYRCDP,Night Crawlers / Vers de Terre,(sans catégorie),9.99,0,review,,,Revisar manual,low,,Night Crawlers / Vers de Terre,Sin categoría Clover y sin patrón reconocido — revisión manual,Revisión manual
A9X0MYBRGFGC2,Nourriture Vers à Soie,(sans catégorie),100.00,,review,,,Revisar manual,low,,Nourriture Vers à Soie,Sin categoría Clover y sin patrón reconocido — revisión manual,Revisión manual
0KNYQ7RS1V602,Nourriture Vers à Soie OZ,(sans catégorie),6.25,0,review,,,Revisar manual,low,,Nourriture Vers à Soie OZ,Sin categoría Clover y sin patrón reconocido — revisión manual,Revisión manual
01P2VXNSY5P48,Oeuf de caille 12 oeuf,(sans catégorie),8.00,,review,,,Revisar manual,low,,Oeuf de caille 12 oeuf,Sin categoría Clover y sin patrón reconocido — revisión manual,Revisión manual
SMFF0TTMC40AW,Oniscus Asellus 15+,(sans catégorie),14.99,,review,,,Revisar manual,low,,Oniscus Asellus 15+,Sin categoría Clover y sin patrón reconocido — revisión manual,Revisión manual
VV21MZAXEW8D4,P. Leavis Dairy Cow 15+,(sans catégorie),25.00,0,review,,,Revisar manual,low,,P. Leavis Dairy Cow 15+,Sin categoría Clover y sin patrón reconocido — revisión manual,Revisión manual
0R71QGHYYSXR8,P. Scaber Lava 15+,(sans catégorie),54.99,,review,,,Revisar manual,low,,P. Scaber Lava 15+,Sin categoría Clover y sin patrón reconocido — revisión manual,Revisión manual
W00YE71YYRH2E,P. Scaber Orange Dalmatian 15+,(sans catégorie),29.99,,review,,,Revisar manual,low,,P. Scaber Orange Dalmatian 15+,Sin categoría Clover y sin patrón reconocido — revisión manual,Revisión manual
SKNKK4K9F03D6,P. Spinicornis 15+,(sans catégorie),14.99,,review,,,Revisar manual,low,,P. Spinicornis 15+,Sin categoría Clover y sin patrón reconocido — revisión manual,Revisión manual
RPYWX1CE9Q1SG,PB005 Probugs Dubia Coakroaches - Large 150 gr,(sans catégorie),45.00,0,product,food_live,Insecte Vivant,"Asignar ""Insecte Vivant"" en Clover",high,,Probugs Dubia Coakroaches - Large 150 gr,"Patrón nombre → Clover ""Insecte Vivant"" / sitio ""food_live""",Bulk create Product
V6BZNAYVQ8K04,PGD Pangea Insect Complete Gecko Diet,(sans catégorie),63.49,,animal,,Lezard,"Asignar ""Lezard"" en Clover",medium,,Pangea Insect Complete Gecko Diet,"Nombre sugiere animal vivo → categoría Clover existente ""Lezard""",Créer Animal (no Product)
9AAY30QJFVJ2E,PP1642 petit Helxine 8po,(sans catégorie),14.99,,review,,,Revisar manual,low,,petit Helxine 8po,Sin categoría Clover y sin patrón reconocido — revisión manual,Revisión manual
R2ZF0ZQJMQCP0,PP1701 Ornement Aponogeton crispe,(sans catégorie),23.99,,review,,,Revisar manual,low,,Ornement Aponogeton crispe,Sin categoría Clover y sin patrón reconocido — revisión manual,Revisión manual
RTMR52XN37XBW,PP1703 Ornement Lycopode obscur,(sans catégorie),23.99,,review,,,Revisar manual,low,,Ornement Lycopode obscur,Sin categoría Clover y sin patrón reconocido — revisión manual,Revisión manual
DD2RC92032PEE,PP1734 Ludwigia a pointe blanches 14po,(sans catégorie),19.99,,review,,,Revisar manual,low,,Ludwigia a pointe blanches 14po,Sin categoría Clover y sin patrón reconocido — revisión manual,Revisión manual
976K3HZ5BHBGW,PT1973 Exo Terra Supplément Liquide de Calcium 4oz / 120 ml,(sans catégorie),8.50,,product,terrarium,Habitat,"Asignar ""Habitat"" en Clover",high,Exo Terra,Exo Terra Supplément Liquide de Calcium 4oz / 120 ml,"Patrón nombre → Clover ""Habitat"" / sitio ""terrarium""",Bulk create Product
1KJCW5CMQJ3PC,PT1979 Traitement de l'eau Aquatize 120ml,(sans catégorie),10.49,,product,terrarium,Habitat,"Asignar ""Habitat"" en Clover",high,Exo Terra,Traitement de l'eau Aquatize 120ml,"Patrón nombre → Clover ""Habitat"" / sitio ""terrarium""",Bulk create Product
3Z4AJXVBVNPK2,PT1993 Exo Terra Supplément Liquide d'Électrolytes 4oz / 120 ml,(sans catégorie),8.50,0,product,terrarium,Habitat,"Asignar ""Habitat"" en Clover",high,Exo Terra,Exo Terra Supplément Liquide d'Électrolytes 4oz / 120 ml,"Patrón nombre → Clover ""Habitat"" / sitio ""terrarium""",Bulk create Product
3A5SMY36J4DR8,PT2062 Lampe a pince en Porcelaine,(sans catégorie),64.99,,product,terrarium,Habitat,"Asignar ""Habitat"" en Clover",high,Exo Terra,Lampe a pince en Porcelaine,"Patrón nombre → Clover ""Habitat"" / sitio ""terrarium""",Bulk create Product
153DAQAWMH88W,PT2076,(sans catégorie),7.49,,product,terrarium,Habitat,"Asignar ""Habitat"" en Clover",high,Exo Terra,PT2076,"Patrón nombre → Clover ""Habitat"" / sitio ""terrarium""",Bulk create Product
PEAYHGNR6PHH2,PT2081  ExoTerra Générateur de Brouillard Ultrasonique,(sans catégorie),119.99,,product,terrarium,Habitat,"Asignar ""Habitat"" en Clover",high,Exo Terra,ExoTerra Générateur de Brouillard Ultrasonique,"Patrón nombre → Clover ""Habitat"" / sitio ""terrarium""",Bulk create Product
SV6AYTPT02DQE,PT2192 Ampoule Solar Glo ET 125w,(sans catégorie),75.99,,product,terrarium,Habitat,"Asignar ""Habitat"" en Clover",high,Exo Terra,Ampoule Solar Glo ET 125w,"Patrón nombre → Clover ""Habitat"" / sitio ""terrarium""",Bulk create Product
PCBPB6JG1G8ZG,PT2193 Ampoule Solar Glo ET 160w,(sans catégorie),79.99,,product,terrarium,Habitat,"Asignar ""Habitat"" en Clover",high,Exo Terra,Ampoule Solar Glo ET 160w,"Patrón nombre → Clover ""Habitat"" / sitio ""terrarium""",Bulk create Product
6ZKNSTM6VJBG8,PT2223 ExoTerra Support pour dôme d'éclairage,(sans catégorie),25.00,,product,terrarium,Habitat,"Asignar ""Habitat"" en Clover",high,Exo Terra,ExoTerra Support pour dôme d'éclairage,"Patrón nombre → Clover ""Habitat"" / sitio ""terrarium""",Bulk create Product
Q9DRMZJW7611Y,PT2280 Exo Terra Boite de Reproduction Grand,(sans catégorie),34.99,,product,terrarium,Habitat,"Asignar ""Habitat"" en Clover",high,Exo Terra,Exo Terra Boite de Reproduction Grand,"Patrón nombre → Clover ""Habitat"" / sitio ""terrarium""",Bulk create Product
EN6F0QHZTEJ9C,PT2285 Habitat pour Grillon (petit),(sans catégorie),18.99,,product,terrarium,Habitat,"Asignar ""Habitat"" en Clover",high,Exo Terra,Habitat pour Grillon (petit),"Patrón nombre → Clover ""Habitat"" / sitio ""terrarium""",Bulk create Product
FVBTV5MT0F7QR,PT2301,(sans catégorie),29.70,,product,terrarium,Habitat,"Asignar ""Habitat"" en Clover",high,Exo Terra,PT2301,"Patrón nombre → Clover ""Habitat"" / sitio ""terrarium""",Bulk create Product
BVJ8Z8938RQK2,PT2334 ExoTerra Solar Glo 80W,(sans catégorie),72.00,,product,terrarium,Habitat,"Asignar ""Habitat"" en Clover",high,Exo Terra,ExoTerra Solar Glo 80W,"Patrón nombre → Clover ""Habitat"" / sitio ""terrarium""",Bulk create Product
ZD65986PXPWJG,"PT2365 Apareil d'éclairage, scorpions 15 DEL",(sans catégorie),30.49,,product,terrarium,Habitat,"Asignar ""Habitat"" en Clover",high,Exo Terra,"Apareil d'éclairage, scorpions 15 DEL","Patrón nombre → Clover ""Habitat"" / sitio ""terrarium""",Bulk create Product
PW0H92VPS9J18,PT2414 Terrasky Exoterra Led & control,(sans catégorie),239.99,,product,terrarium,Habitat,"Asignar ""Habitat"" en Clover",high,Exo Terra,Terrasky Exoterra Led & control,"Patrón nombre → Clover ""Habitat"" / sitio ""terrarium""",Bulk create Product
0M32GZK3ZH3YT,PT2443 Exo Terra Incubation Box,(sans catégorie),14.99,,product,terrarium,Habitat,"Asignar ""Habitat"" en Clover",high,Exo Terra,Exo Terra Incubation Box,"Patrón nombre → Clover ""Habitat"" / sitio ""terrarium""",Bulk create Product
CWWKQATY01MST,PT2444 Exo Terra Tabletop Incubator,(sans catégorie),359.99,,product,terrarium,Habitat,"Asignar ""Habitat"" en Clover",high,Exo Terra,Exo Terra Tabletop Incubator,"Patrón nombre → Clover ""Habitat"" / sitio ""terrarium""",Bulk create Product
DY77NH4KYF1XJ,PT2464  Ther. et 600w hygro.100w et minut,(sans catégorie),234.99,,product,terrarium,Habitat,"Asignar ""Habitat"" en Clover",high,Exo Terra,Ther. et 600w hygro.100w et minut,"Patrón nombre → Clover ""Habitat"" / sitio ""terrarium""",Bulk create Product
J0VJZQ4GTT08M,PT2468 Exo Terra Ramasse-Selles en acier,(sans catégorie),16.99,,product,terrarium,Habitat,"Asignar ""Habitat"" en Clover",high,Exo Terra,Exo Terra Ramasse-Selles en acier,"Patrón nombre → Clover ""Habitat"" / sitio ""terrarium""",Bulk create Product
SV4V4W7K1VR04,PT2478 ExoTerra Boule de Mousse,(sans catégorie),12.49,,product,terrarium,Habitat,"Asignar ""Habitat"" en Clover",high,Exo Terra,ExoTerra Boule de Mousse,"Patrón nombre → Clover ""Habitat"" / sitio ""terrarium""",Bulk create Product
T0Y561J3VTTW6,PT2482 Tapis  de Mousse Exo Terra 45x45 cm,(sans catégorie),17.99,,product,terrarium,Habitat,"Asignar ""Habitat"" en Clover",high,Exo Terra,Tapis  de Mousse Exo Terra 45x45 cm,"Patrón nombre → Clover ""Habitat"" / sitio ""terrarium""",Bulk create Product
DGQ2M3ZHJMN4A,PT2490 ExoTerra Plante à ruissellement Petit,(sans catégorie),54.99,,product,terrarium,Habitat,"Asignar ""Habitat"" en Clover",high,Exo Terra,ExoTerra Plante à ruissellement Petit,"Patrón nombre → Clover ""Habitat"" / sitio ""terrarium""",Bulk create Product
TRW60RMNWADQW,PT2561 Tapis de Sable Exo Terra (mini),(sans catégorie),13.99,,product,terrarium,Habitat,"Asignar ""Habitat"" en Clover",high,Exo Terra,Tapis de Sable Exo Terra (mini),"Patrón nombre → Clover ""Habitat"" / sitio ""terrarium""",Bulk create Product
ERDQF3ZDAKH9W,PT2562 Tapis de Sable (petit),(sans catégorie),20.99,,product,terrarium,Habitat,"Asignar ""Habitat"" en Clover",high,Exo Terra,Tapis de Sable (petit),"Patrón nombre → Clover ""Habitat"" / sitio ""terrarium""",Bulk create Product
TKGBHTTVB809P,PT2563 Tapis de Sable Exo Terra (moyen),(sans catégorie),23.99,,product,terrarium,Habitat,"Asignar ""Habitat"" en Clover",high,Exo Terra,Tapis de Sable Exo Terra (moyen),"Patrón nombre → Clover ""Habitat"" / sitio ""terrarium""",Bulk create Product
49AH9VGKX0JM8,PT2589 ExoTerra Vista 120 48x24x24,(sans catégorie),650.00,,product,terrarium,Habitat,"Asignar ""Habitat"" en Clover",high,Exo Terra,ExoTerra Vista 120 48x24x24,"Patrón nombre → Clover ""Habitat"" / sitio ""terrarium""",Bulk create Product
PC5V6T70YFGGG,"PT2595 Paludarium Naturel et mini , très haut",(sans catégorie),191.99,,product,terrarium,Habitat,"Asignar ""Habitat"" en Clover",high,Exo Terra,"Paludarium Naturel et mini , très haut","Patrón nombre → Clover ""Habitat"" / sitio ""terrarium""",Bulk create Product
CM153SVXXEAJ4,PT2600 Terrarium 30*30*30,(sans catégorie),119.99,,product,terrarium,Habitat,"Asignar ""Habitat"" en Clover",high,Exo Terra,Terrarium 30*30*30,"Patrón nombre → Clover ""Habitat"" / sitio ""terrarium""",Bulk create Product
55ATW5P3G04PJ,PT2601 Terrarium nano 20*20*30,(sans catégorie),95.99,,product,terrarium,Habitat,"Asignar ""Habitat"" en Clover",high,Exo Terra,Terrarium nano 20*20*30,"Patrón nombre → Clover ""Habitat"" / sitio ""terrarium""",Bulk create Product
NDM3CFYZSCYBE,PT2607 ExoTerra Terrarium 18 x 18 x 24,(sans catégorie),259.99,,product,terrarium,Habitat,"Asignar ""Habitat"" en Clover",high,Exo Terra,ExoTerra Terrarium 18 x 18 x 24,"Patrón nombre → Clover ""Habitat"" / sitio ""terrarium""",Bulk create Product
7J56HCCC2XX7Y,PT2614 ExoTerra Terrarium en verre (90*45*60cm),(sans catégorie),500.00,,product,terrarium,Habitat,"Asignar ""Habitat"" en Clover",high,Exo Terra,ExoTerra Terrarium en verre (90*45*60cm),"Patrón nombre → Clover ""Habitat"" / sitio ""terrarium""",Bulk create Product
0HFMDE2X5CP0Y,PT2668 Nettoyant Vitre 250mL,(sans catégorie),9.99,,product,terrarium,Habitat,"Asignar ""Habitat"" en Clover",high,Exo Terra,Nettoyant Vitre 250mL,"Patrón nombre → Clover ""Habitat"" / sitio ""terrarium""",Bulk create Product
Q6J294S8FM9M6,PT2745 Exo Terra Dart Frog Terrarium EN RÉDUCTION,(sans catégorie),200.00,0,animal,,Amphibien,"Asignar ""Amphibien"" en Clover",medium,Exo Terra,Exo Terra Dart Frog Terrarium EN RÉDUCTION,"Nombre sugiere animal vivo → categoría Clover existente ""Amphibien""",Créer Animal (no Product)
74EHS92GPG06W,PT2754 ExoTerra Ecorce/Reptiles 27.26L,(sans catégorie),59.99,,product,terrarium,Habitat,"Asignar ""Habitat"" en Clover",high,Exo Terra,ExoTerra Ecorce/Reptiles 27.26L,"Patrón nombre → Clover ""Habitat"" / sitio ""terrarium""",Bulk create Product
950C55JAK2G64,PT2770,(sans catégorie),6.99,,product,terrarium,Habitat,"Asignar ""Habitat"" en Clover",high,Exo Terra,PT2770,"Patrón nombre → Clover ""Habitat"" / sitio ""terrarium""",Bulk create Product
1SS0XDAT1G4ZC,PT2771,(sans catégorie),15.49,,product,terrarium,Habitat,"Asignar ""Habitat"" en Clover",high,Exo Terra,PT2771,"Patrón nombre → Clover ""Habitat"" / sitio ""terrarium""",Bulk create Product
HESPKE2DS3PZP,PT2776 Substrat Tropical Coco Husk 3 x 8.8L,(sans catégorie),15.99,,product,terrarium,Habitat,"Asignar ""Habitat"" en Clover",high,Exo Terra,Substrat Tropical Coco Husk 3 x 8.8L,"Patrón nombre → Clover ""Habitat"" / sitio ""terrarium""",Bulk create Product
Y0M573EAB016G,PT2787 ExoTerra Substrat Coque de Noix de Coco 26.4L,(sans catégorie),37.99,,product,terrarium,Habitat,"Asignar ""Habitat"" en Clover",high,Exo Terra,ExoTerra Substrat Coque de Noix de Coco 26.4L,"Patrón nombre → Clover ""Habitat"" / sitio ""terrarium""",Bulk create Product
GDV72WND3DQ58,PT2801 Bol Eau Exo Terra Petit,(sans catégorie),12.99,,product,terrarium,Habitat,"Asignar ""Habitat"" en Clover",high,Exo Terra,Bol Eau Exo Terra Petit,"Patrón nombre → Clover ""Habitat"" / sitio ""terrarium""",Bulk create Product
4SD6JC22VZRKC,PT2802 Bol Eau Exo Terra Moyen,(sans catégorie),13.99,0,product,terrarium,Habitat,"Asignar ""Habitat"" en Clover",high,Exo Terra,Bol Eau Exo Terra Moyen,"Patrón nombre → Clover ""Habitat"" / sitio ""terrarium""",Bulk create Product
4JPHDCNBH89T4,PT2803 Bol Eau Exo Terra Grand,(sans catégorie),19.99,0,product,terrarium,Habitat,"Asignar ""Habitat"" en Clover",high,Exo Terra,Bol Eau Exo Terra Grand,"Patrón nombre → Clover ""Habitat"" / sitio ""terrarium""",Bulk create Product
AKZRX19ETTQYY,PT2804 Bol Eau Exo Terra Grand,(sans catégorie),26.99,,product,terrarium,Habitat,"Asignar ""Habitat"" en Clover",high,Exo Terra,Bol Eau Exo Terra Grand,"Patrón nombre → Clover ""Habitat"" / sitio ""terrarium""",Bulk create Product
7AQS6CMRMK2N4,PT2808 Distr. de Petits Vers de Farine ExoTerra,(sans catégorie),16.99,0,product,terrarium,Habitat,"Asignar ""Habitat"" en Clover",high,Exo Terra,Distr. de Petits Vers de Farine ExoTerra,"Patrón nombre → Clover ""Habitat"" / sitio ""terrarium""",Bulk create Product
A6QMPTYJ1CQ3W,PT2809 Bol Eau X-Small,(sans catégorie),9.49,,product,terrarium,Habitat,"Asignar ""Habitat"" en Clover",high,Exo Terra,Bol Eau X-Small,"Patrón nombre → Clover ""Habitat"" / sitio ""terrarium""",Bulk create Product
PW2QQPTFY2FDJ,PT2810 Bol Gecko Exo Terra,(sans catégorie),15.99,,animal,,Lezard,"Asignar ""Lezard"" en Clover",medium,Exo Terra,Bol Gecko Exo Terra,"Nombre sugiere animal vivo → categoría Clover existente ""Lezard""",Créer Animal (no Product)
Z1BPSGW33Y7J0,PT2811 Bol Nourriture Exo Petit,(sans catégorie),12.99,0,product,terrarium,Habitat,"Asignar ""Habitat"" en Clover",high,Exo Terra,Bol Nourriture Exo Petit,"Patrón nombre → Clover ""Habitat"" / sitio ""terrarium""",Bulk create Product
1WZ27T69MK6CT,PT2812 Bol Nourriture Exo Moyen,(sans catégorie),18.99,0,product,terrarium,Habitat,"Asignar ""Habitat"" en Clover",high,Exo Terra,Bol Nourriture Exo Moyen,"Patrón nombre → Clover ""Habitat"" / sitio ""terrarium""",Bulk create Product
A6T4KTGKXH5CP,PT2813 Bol Nourriture  Exo Grand,(sans catégorie),26.49,,product,terrarium,Habitat,"Asignar ""Habitat"" en Clover",high,Exo Terra,Bol Nourriture  Exo Grand,"Patrón nombre → Clover ""Habitat"" / sitio ""terrarium""",Bulk create Product
NQD1DXGE298GJ,PT2816 Distributeur Vers Farine Exo,(sans catégorie),17.99,,product,terrarium,Habitat,"Asignar ""Habitat"" en Clover",high,Exo Terra,Distributeur Vers Farine Exo,"Patrón nombre → Clover ""Habitat"" / sitio ""terrarium""",Bulk create Product
59D1TWM4BBXG4,PT2821 Exo Terra Distributeur de Grillons-V,(sans catégorie),18.99,,product,terrarium,Habitat,"Asignar ""Habitat"" en Clover",high,Exo Terra,Exo Terra Distributeur de Grillons-V,"Patrón nombre → Clover ""Habitat"" / sitio ""terrarium""",Bulk create Product
70HSEJNJT0Y76,PT2827 Bol Eau de Coin Exo medium,(sans catégorie),24.99,,product,terrarium,Habitat,"Asignar ""Habitat"" en Clover",high,Exo Terra,Bol Eau de Coin Exo medium,"Patrón nombre → Clover ""Habitat"" / sitio ""terrarium""",Bulk create Product
1XRSB2G7SX3W2,PT2828 Bol Eau en Coin Exo Terra Grand,(sans catégorie),38.49,,product,terrarium,Habitat,"Asignar ""Habitat"" en Clover",high,Exo Terra,Bol Eau en Coin Exo Terra Grand,"Patrón nombre → Clover ""Habitat"" / sitio ""terrarium""",Bulk create Product
8W2YZYJ804CHE,PT2829 Bol Eau en Coin Exo Terra Très Grand,(sans catégorie),44.99,,product,terrarium,Habitat,"Asignar ""Habitat"" en Clover",high,Exo Terra,Bol Eau en Coin Exo Terra Très Grand,"Patrón nombre → Clover ""Habitat"" / sitio ""terrarium""",Bulk create Product
MBRBSSGW6ZQKG,PT2841 Exo Terra Oeufs Dinosaure,(sans catégorie),29.99,,product,terrarium,Habitat,"Asignar ""Habitat"" en Clover",high,Exo Terra,Exo Terra Oeufs Dinosaure,"Patrón nombre → Clover ""Habitat"" / sitio ""terrarium""",Bulk create Product
3A0XHNDH35ZYJ,PT2852 Grotte Moyenne Exo Terra,(sans catégorie),12.99,,product,terrarium,Habitat,"Asignar ""Habitat"" en Clover",high,Exo Terra,Grotte Moyenne Exo Terra,"Patrón nombre → Clover ""Habitat"" / sitio ""terrarium""",Bulk create Product
V1ETM4Q4SH48A,PT2855 Crâne de Primate Exo Terra,(sans catégorie),29.99,,product,terrarium,Habitat,"Asignar ""Habitat"" en Clover",high,Exo Terra,Crâne de Primate Exo Terra,"Patrón nombre → Clover ""Habitat"" / sitio ""terrarium""",Bulk create Product
97CMAE475EC6J,PT2856 Crâne de Crocodile Exo Terra,(sans catégorie),27.99,,product,terrarium,Habitat,"Asignar ""Habitat"" en Clover",high,Exo Terra,Crâne de Crocodile Exo Terra,"Patrón nombre → Clover ""Habitat"" / sitio ""terrarium""",Bulk create Product
Y9ZW8586S9W5A,PT2857 Crâne de Bison Exo Terra,(sans catégorie),31.99,0,product,terrarium,Habitat,"Asignar ""Habitat"" en Clover",high,Exo Terra,Crâne de Bison Exo Terra,"Patrón nombre → Clover ""Habitat"" / sitio ""terrarium""",Bulk create Product
FXSXN4AGTQN02,PT2865 Grotte pour Gecko Exo Terra Medium,(sans catégorie),34.99,,animal,,Lezard,"Asignar ""Lezard"" en Clover",medium,Exo Terra,Grotte pour Gecko Exo Terra Medium,"Nombre sugiere animal vivo → categoría Clover existente ""Lezard""",Créer Animal (no Product)
NHB58PRYQ7T6C,PT2866 Grotte pour Gecko Exo Terra Grand,(sans catégorie),42.99,,animal,,Lezard,"Asignar ""Lezard"" en Clover",medium,Exo Terra,Grotte pour Gecko Exo Terra Grand,"Nombre sugiere animal vivo → categoría Clover existente ""Lezard""",Créer Animal (no Product)
9ERAN85ZSHKM8,PT2876 Exo Terra Coconut Cave,(sans catégorie),23.99,,product,terrarium,Habitat,"Asignar ""Habitat"" en Clover",high,Exo Terra,Exo Terra Coconut Cave,"Patrón nombre → Clover ""Habitat"" / sitio ""terrarium""",Bulk create Product
PD9TKSJKC0R2G,PT2910,(sans catégorie),67.99,,product,terrarium,Habitat,"Asignar ""Habitat"" en Clover",high,Exo Terra,PT2910,"Patrón nombre → Clover ""Habitat"" / sitio ""terrarium""",Bulk create Product
RJDDKK0BM3KV0,PT2912,(sans catégorie),77.99,,product,terrarium,Habitat,"Asignar ""Habitat"" en Clover",high,Exo Terra,PT2912,"Patrón nombre → Clover ""Habitat"" / sitio ""terrarium""",Bulk create Product
V66QQ8H2GWKXW,PT2914 Cascade Exo Terra Pour Reptiles Large,(sans catégorie),94.99,,product,terrarium,Habitat,"Asignar ""Habitat"" en Clover",high,Exo Terra,Cascade Exo Terra Pour Reptiles Large,"Patrón nombre → Clover ""Habitat"" / sitio ""terrarium""",Bulk create Product
Z12618SFAXVFG,PT2922 Grotte pour Tortues Terrestres Exo Terra,(sans catégorie),79.99,,product,terrarium,Habitat,"Asignar ""Habitat"" en Clover",high,Exo Terra,Grotte pour Tortues Terrestres Exo Terra,"Patrón nombre → Clover ""Habitat"" / sitio ""terrarium""",Bulk create Product
KAJ84RFX19Y7T,PT2930 Grotte Exo terra petite,(sans catégorie),10.99,,product,terrarium,Habitat,"Asignar ""Habitat"" en Clover",high,Exo Terra,Grotte Exo terra petite,"Patrón nombre → Clover ""Habitat"" / sitio ""terrarium""",Bulk create Product
CPBR8Z58DNXTT,PT2931 Grotte Exo Terra Moyenne,(sans catégorie),16.99,,product,terrarium,Habitat,"Asignar ""Habitat"" en Clover",high,Exo Terra,Grotte Exo Terra Moyenne,"Patrón nombre → Clover ""Habitat"" / sitio ""terrarium""",Bulk create Product
17WJG0DH7K25J,PT2932 Grotte Exo Terra Grande,(sans catégorie),24.49,,product,terrarium,Habitat,"Asignar ""Habitat"" en Clover",high,Exo Terra,Grotte Exo Terra Grande,"Patrón nombre → Clover ""Habitat"" / sitio ""terrarium""",Bulk create Product
BRP7G81V0WX8T,PT2933 Grotte Exo Terra Tres Grande,(sans catégorie),35.99,0,product,terrarium,Habitat,"Asignar ""Habitat"" en Clover",high,Exo Terra,Grotte Exo Terra Tres Grande,"Patrón nombre → Clover ""Habitat"" / sitio ""terrarium""",Bulk create Product
H5XMSWXMR0NYP,PT2934 Grotte Exo Terra TTGrande,(sans catégorie),59.99,0,product,terrarium,Habitat,"Asignar ""Habitat"" en Clover",high,Exo Terra,Grotte Exo Terra TTGrande,"Patrón nombre → Clover ""Habitat"" / sitio ""terrarium""",Bulk create Product
CJ9X81QRYMRRG,PT2966 Arriere plan EX roche 36'',(sans catégorie),39.99,0,product,terrarium,Habitat,"Asignar ""Habitat"" en Clover",high,Exo Terra,Arriere plan EX roche 36'',"Patrón nombre → Clover ""Habitat"" / sitio ""terrarium""",Bulk create Product
M8HC843J0ZC86,PT3010 Plante Croton MOYEN,(sans catégorie),11.99,,product,terrarium,Habitat,"Asignar ""Habitat"" en Clover",high,Exo Terra,Plante Croton MOYEN,"Patrón nombre → Clover ""Habitat"" / sitio ""terrarium""",Bulk create Product
6FPDK2MWXQWZA,PT3020 Plante Croton Exo Terra Grand,(sans catégorie),16.99,,product,terrarium,Habitat,"Asignar ""Habitat"" en Clover",high,Exo Terra,Plante Croton Exo Terra Grand,"Patrón nombre → Clover ""Habitat"" / sitio ""terrarium""",Bulk create Product
C9VEHD226KW6Y,PT3061 Lentilles d'eau Flottantes Exo Terra,(sans catégorie),6.99,0,product,terrarium,Habitat,"Asignar ""Habitat"" en Clover",high,Exo Terra,Lentilles d'eau Flottantes Exo Terra,"Patrón nombre → Clover ""Habitat"" / sitio ""terrarium""",Bulk create Product
JVRZZJE0QM3MR,PT3083 Liane de Mousse Souple Petit,(sans catégorie),19.99,,product,terrarium,Habitat,"Asignar ""Habitat"" en Clover",high,Exo Terra,Liane de Mousse Souple Petit,"Patrón nombre → Clover ""Habitat"" / sitio ""terrarium""",Bulk create Product
XAP3GBSRGC0NY,PT3084 Liane de Mousse  Souple Grand,(sans catégorie),27.99,,product,terrarium,Habitat,"Asignar ""Habitat"" en Clover",high,Exo Terra,Liane de Mousse  Souple Grand,"Patrón nombre → Clover ""Habitat"" / sitio ""terrarium""",Bulk create Product
30RZZX5YGTN50,PT3085 Liane Pliable 6pi Petit,(sans catégorie),16.99,,product,terrarium,Habitat,"Asignar ""Habitat"" en Clover",high,Exo Terra,Liane Pliable 6pi Petit,"Patrón nombre → Clover ""Habitat"" / sitio ""terrarium""",Bulk create Product
CDKTT6NNEPZ66,PT3086 Liane Pliable 6pi Grand,(sans catégorie),23.99,,product,terrarium,Habitat,"Asignar ""Habitat"" en Clover",high,Exo Terra,Liane Pliable 6pi Grand,"Patrón nombre → Clover ""Habitat"" / sitio ""terrarium""",Bulk create Product
981YWJWFHKSWY,"PT3095 Mousse de Forêt, 500 g-V",(sans catégorie),15.99,,product,terrarium,Habitat,"Asignar ""Habitat"" en Clover",high,Exo Terra,"Mousse de Forêt, 500 g-V","Patrón nombre → Clover ""Habitat"" / sitio ""terrarium""",Bulk create Product
EFCZXYBTCFC92,PT3107 Sable de Lit Exo Terra Brun 4.5kg,(sans catégorie),22.99,,product,terrarium,Habitat,"Asignar ""Habitat"" en Clover",high,Exo Terra,Sable de Lit Exo Terra Brun 4.5kg,"Patrón nombre → Clover ""Habitat"" / sitio ""terrarium""",Bulk create Product
GGJY95MDPTYV8,PT3115 Exo Terra Substrat de drainage BioDrain,(sans catégorie),17.99,,product,terrarium,Habitat,"Asignar ""Habitat"" en Clover",high,Exo Terra,Exo Terra Substrat de drainage BioDrain,"Patrón nombre → Clover ""Habitat"" / sitio ""terrarium""",Bulk create Product
KHRGN09W020MT,PT3131 Exo Terra BioDrain Terrarium Draining Mesh 30x30 cm,(sans catégorie),5.29,,product,terrarium,Habitat,"Asignar ""Habitat"" en Clover",high,Exo Terra,Exo Terra BioDrain Terrarium Draining Mesh 30x30 cm,"Patrón nombre → Clover ""Habitat"" / sitio ""terrarium""",Bulk create Product
2V07JF75VSEY0,PT3135 Subs.Désert et Arrière-pays Rouge 5kg,(sans catégorie),18.99,0,product,terrarium,Habitat,"Asignar ""Habitat"" en Clover",high,Exo Terra,Subs.Désert et Arrière-pays Rouge 5kg,"Patrón nombre → Clover ""Habitat"" / sitio ""terrarium""",Bulk create Product
4AM91WRN2MYPC,PT3136,(sans catégorie),31.99,,product,terrarium,Habitat,"Asignar ""Habitat"" en Clover",high,Exo Terra,PT3136,"Patrón nombre → Clover ""Habitat"" / sitio ""terrarium""",Bulk create Product
CQV31KBQQR81Y,"PT3138 Subs.Désert et Sonora,Ocre 5kg",(sans catégorie),18.99,0,product,terrarium,Habitat,"Asignar ""Habitat"" en Clover",high,Exo Terra,"Subs.Désert et Sonora,Ocre 5kg","Patrón nombre → Clover ""Habitat"" / sitio ""terrarium""",Bulk create Product
FM1Q0Z15VCYAM,PT3147 Subs.Désert et Oasis Bahariya 5kg,(sans catégorie),18.99,0,product,terrarium,Habitat,"Asignar ""Habitat"" en Clover",high,Exo Terra,Subs.Désert et Oasis Bahariya 5kg,"Patrón nombre → Clover ""Habitat"" / sitio ""terrarium""",Bulk create Product
5CCXM6MMHM2MY,PT3149 Subs.Désert et Oasis Bahariya 20kg,(sans catégorie),51.99,,product,terrarium,Habitat,"Asignar ""Habitat"" en Clover",high,Exo Terra,Subs.Désert et Oasis Bahariya 20kg,"Patrón nombre → Clover ""Habitat"" / sitio ""terrarium""",Bulk create Product
BTYGWM7881F7M,PT3159 Exo Terra Cachette bol d'eau noix de coco,(sans catégorie),16.99,,product,terrarium,Habitat,"Asignar ""Habitat"" en Clover",high,Exo Terra,Exo Terra Cachette bol d'eau noix de coco,"Patrón nombre → Clover ""Habitat"" / sitio ""terrarium""",Bulk create Product
KXHW4SEN9DKRE,PT3169  Bol a eau aztèque petit,(sans catégorie),5.99,,product,terrarium,Habitat,"Asignar ""Habitat"" en Clover",high,Exo Terra,Bol a eau aztèque petit,"Patrón nombre → Clover ""Habitat"" / sitio ""terrarium""",Bulk create Product
WJY5S750GJ0C4,PT3170  Bol a eau aztèque medium,(sans catégorie),11.99,,product,terrarium,Habitat,"Asignar ""Habitat"" en Clover",high,Exo Terra,Bol a eau aztèque medium,"Patrón nombre → Clover ""Habitat"" / sitio ""terrarium""",Bulk create Product
CYKNRYW89FA1M,PT3172 Rocher Humide Exo Terra MOYEN,(sans catégorie),11.50,,product,terrarium,Habitat,"Asignar ""Habitat"" en Clover",high,Exo Terra,Rocher Humide Exo Terra MOYEN,"Patrón nombre → Clover ""Habitat"" / sitio ""terrarium""",Bulk create Product
H8ZNTSAN45C7G,PT3173 Rocher Humide Exo Terra GRAND,(sans catégorie),17.99,,product,terrarium,Habitat,"Asignar ""Habitat"" en Clover",high,Exo Terra,Rocher Humide Exo Terra GRAND,"Patrón nombre → Clover ""Habitat"" / sitio ""terrarium""",Bulk create Product
RP24Z18RJGW92,PT3174 Exo Terra Frog Pond Large,(sans catégorie),24.49,,animal,,Amphibien,"Asignar ""Amphibien"" en Clover",medium,Exo Terra,Exo Terra Frog Pond Large,"Nombre sugiere animal vivo → categoría Clover existente ""Amphibien""",Créer Animal (no Product)
XMHRP0ADRKK6P,PT3175 Exo Terra Frog Pond Small,(sans catégorie),17.99,,animal,,Amphibien,"Asignar ""Amphibien"" en Clover",medium,Exo Terra,Exo Terra Frog Pond Small,"Nombre sugiere animal vivo → categoría Clover existente ""Amphibien""",Créer Animal (no Product)
8B474CCZP1Y0E,PT3178 Cachette et Hygroscopique bûche GRAND,(sans catégorie),39.99,,product,terrarium,Habitat,"Asignar ""Habitat"" en Clover",high,Exo Terra,Cachette et Hygroscopique bûche GRAND,"Patrón nombre → Clover ""Habitat"" / sitio ""terrarium""",Bulk create Product
AN5F5B0145AAP,PT3183  Exo Terra Bioactive Volcanic Substratum 2kg,(sans catégorie),24.99,,product,terrarium,Habitat,"Asignar ""Habitat"" en Clover",high,Exo Terra,Exo Terra Bioactive Volcanic Substratum 2kg,"Patrón nombre → Clover ""Habitat"" / sitio ""terrarium""",Bulk create Product
D3GNBWSEFBKBM,PT3184 Exo Terra Bioactive Volcanic Substratum 4kg,(sans catégorie),37.99,,product,terrarium,Habitat,"Asignar ""Habitat"" en Clover",high,Exo Terra,Exo Terra Bioactive Volcanic Substratum 4kg,"Patrón nombre → Clover ""Habitat"" / sitio ""terrarium""",Bulk create Product
AHZBBD83625Z8,PT3259 Exo Terra Support Pour Coupe Aliment (PT3260-PT3261),(sans catégorie),1.79,,product,terrarium,Habitat,"Asignar ""Habitat"" en Clover",high,Exo Terra,Exo Terra Support Pour Coupe Aliment (PT3260-PT3261),"Patrón nombre → Clover ""Habitat"" / sitio ""terrarium""",Bulk create Product
9BW6S8ZBRAG6T,PT3261 Exo Terra Aliment Pour Geckos Diurnes,(sans catégorie),10.99,,product,terrarium,Habitat,"Asignar ""Habitat"" en Clover",high,Exo Terra,Exo Terra Aliment Pour Geckos Diurnes,"Patrón nombre → Clover ""Habitat"" / sitio ""terrarium""",Bulk create Product
GYX33YJKX3GSP,PT3265  Gran. DGrub et p. ag. barbus juv. 125g,(sans catégorie),8.50,,product,terrarium,Habitat,"Asignar ""Habitat"" en Clover",high,Exo Terra,Gran. DGrub et p. ag. barbus juv. 125g,"Patrón nombre → Clover ""Habitat"" / sitio ""terrarium""",Bulk create Product
JAE8FVF75KGR0,PT3550 ExoTerra Os de Seiche pour Tortues,(sans catégorie),12.99,,product,terrarium,Habitat,"Asignar ""Habitat"" en Clover",high,Exo Terra,ExoTerra Os de Seiche pour Tortues,"Patrón nombre → Clover ""Habitat"" / sitio ""terrarium""",Bulk create Product
WCNCQJCW3DNCJ,"PT3778  Terrarium équipé Exo Terra pour gecko à crête, petit, L. 30 x l. 30 x H. 45 cm",(sans catégorie),239.99,,animal,,Lezard,"Asignar ""Lezard"" en Clover",medium,Exo Terra,"Terrarium équipé Exo Terra pour gecko à crête, petit, L. 30 x l. 30 x H. 45 cm","Nombre sugiere animal vivo → categoría Clover existente ""Lezard""",Créer Animal (no Product)
JC1Q1GW2W2J40,PT3801,(sans catégorie),47.99,,product,terrarium,Habitat,"Asignar ""Habitat"" en Clover",high,Exo Terra,PT3801,"Patrón nombre → Clover ""Habitat"" / sitio ""terrarium""",Bulk create Product
06QSW7R20DXMM,PT3833 Cailloux Turtle Pebbl 10-20mm  4.5kg,(sans catégorie),25.99,,product,terrarium,Habitat,"Asignar ""Habitat"" en Clover",high,Exo Terra,Cailloux Turtle Pebbl 10-20mm  4.5kg,"Patrón nombre → Clover ""Habitat"" / sitio ""terrarium""",Bulk create Product
HQ4TEMATXYWA6,PT4255 Rampe Haut rendement T5 UVB 8W,(sans catégorie),69.99,0,product,terrarium,Habitat,"Asignar ""Habitat"" en Clover",high,Exo Terra,Rampe Haut rendement T5 UVB 8W,"Patrón nombre → Clover ""Habitat"" / sitio ""terrarium""",Bulk create Product
214TEYK35Q6GC,PT4256 Rampe Haut rendement T5 UVB 24W,(sans catégorie),99.99,,product,terrarium,Habitat,"Asignar ""Habitat"" en Clover",high,Exo Terra,Rampe Haut rendement T5 UVB 24W,"Patrón nombre → Clover ""Habitat"" / sitio ""terrarium""",Bulk create Product
524ARK03JF9M2,PT4257 Rampe Haut rendement T5 UVB 39W,(sans catégorie),109.99,,product,terrarium,Habitat,"Asignar ""Habitat"" en Clover",high,Exo Terra,Rampe Haut rendement T5 UVB 39W,"Patrón nombre → Clover ""Habitat"" / sitio ""terrarium""",Bulk create Product
RK8QWT2KYARQY,PT4258 Rampe Haut rendement T5 UVB 54W,(sans catégorie),129.99,,product,terrarium,Habitat,"Asignar ""Habitat"" en Clover",high,Exo Terra,Rampe Haut rendement T5 UVB 54W,"Patrón nombre → Clover ""Habitat"" / sitio ""terrarium""",Bulk create Product
YBB41V768DXT6,"PT4406 Pro Paludarium, S/X-Tall 45x45x90cm",(sans catégorie),359.99,,product,terrarium,Habitat,"Asignar ""Habitat"" en Clover",high,Exo Terra,"Pro Paludarium, S/X-Tall 45x45x90cm","Patrón nombre → Clover ""Habitat"" / sitio ""terrarium""",Bulk create Product
81HEFAT4FGFBP,PT4410 Paludarium M/X-tall 60*45*90 (24''*18''*36''),(sans catégorie),499.99,,product,terrarium,Habitat,"Asignar ""Habitat"" en Clover",high,Exo Terra,Paludarium M/X-tall 60*45*90 (24''*18''*36''),"Patrón nombre → Clover ""Habitat"" / sitio ""terrarium""",Bulk create Product
TZ048SW49XERT,Paille,(sans catégorie),32.99,0,review,,,Revisar manual,low,,Paille,Sin categoría Clover y sin patrón reconocido — revisión manual,Revisión manual
62V7DS7RVB6T4,Panneau Cork 3X1,(sans catégorie),24.99,,product,decor,Decoration,"Asignar ""Decoration"" en Clover",medium,,Panneau Cork 3X1,"Patrón nombre → Clover ""Decoration"" / sitio ""decor""",Bulk create Product
A61A90YMHA4R0,Party Mix Isopod Leavis Feeder (50+QTY),(sans catégorie),30.00,,animal,,Isopod et Araignee et Fourmis,"Asignar ""Isopod et Araignee et Fourmis"" en Clover",medium,,Party Mix Isopod Leavis Feeder (50+QTY),"Nombre sugiere animal vivo → categoría Clover existente ""Isopod et Araignee et Fourmis""",Créer Animal (no Product)
QR6C0ADSEWK5C,Party Mix Isopod Leavis Orange/Milkback/Dairy Cow (15+QTY),(sans catégorie),16.00,0,animal,,Isopod et Araignee et Fourmis,"Asignar ""Isopod et Araignee et Fourmis"" en Clover",medium,,Party Mix Isopod Leavis Orange/Milkback/Dairy Cow (15+QTY),"Nombre sugiere animal vivo → categoría Clover existente ""Isopod et Araignee et Fourmis""",Créer Animal (no Product)
Q4F3QN8W873A2,Party Mix Isopod Pruinosus Blue Powder/Orange  (QTY15+),(sans catégorie),12.00,0,animal,,Isopod et Araignee et Fourmis,"Asignar ""Isopod et Araignee et Fourmis"" en Clover",medium,,Party Mix Isopod Pruinosus Blue Powder/Orange  (QTY15+),"Nombre sugiere animal vivo → categoría Clover existente ""Isopod et Araignee et Fourmis""",Créer Animal (no Product)
1RTNHHQ0ZWT8J,Party Mix Isopod Pruinosus Feeder (QTY 50),(sans catégorie),36.00,,animal,,Isopod et Araignee et Fourmis,"Asignar ""Isopod et Araignee et Fourmis"" en Clover",medium,,Party Mix Isopod Pruinosus Feeder (QTY 50),"Nombre sugiere animal vivo → categoría Clover existente ""Isopod et Araignee et Fourmis""",Créer Animal (no Product)
WXG7R1XF2Q374,Party Mix Isopod Scaber (QTY 12),(sans catégorie),16.00,,animal,,Isopod et Araignee et Fourmis,"Asignar ""Isopod et Araignee et Fourmis"" en Clover",medium,,Party Mix Isopod Scaber (QTY 12),"Nombre sugiere animal vivo → categoría Clover existente ""Isopod et Araignee et Fourmis""",Créer Animal (no Product)
E081FK0PCR82J,Pinguicula Agnata x Ping Debbertiana 'Johanna',(sans catégorie),25.00,0,review,,,Revisar manual,low,,Pinguicula Agnata x Ping Debbertiana 'Johanna',Sin categoría Clover y sin patrón reconocido — revisión manual,Revisión manual
CWZJRZ18WJMAM,Pinguicula Ehlersiae 'Victoria',(sans catégorie),25.00,,review,,,Revisar manual,low,,Pinguicula Ehlersiae 'Victoria',Sin categoría Clover y sin patrón reconocido — revisión manual,Revisión manual
C2PGT5YAW4SC6,Pinguicula Jauvamensis x Emarginata (Red Rosette),(sans catégorie),25.00,,review,,,Revisar manual,low,,Pinguicula Jauvamensis x Emarginata (Red Rosette),Sin categoría Clover y sin patrón reconocido — revisión manual,Revisión manual
K96QMA1AJMX7C,Pinky Pump & Probes,(sans catégorie),95.00,,product,equipment,Piece Remplacement/ Electronique,"Asignar ""Piece Remplacement/ Electronique"" en Clover",medium,,Pinky Pump & Probes,"Patrón nombre → Clover ""Piece Remplacement/ Electronique"" / sitio ""equipment""",Bulk create Product
1XQ427H1PQD04,Plante Aquatique,(sans catégorie),8.99,,review,,,Revisar manual,low,,Plante Aquatique,Sin categoría Clover y sin patrón reconocido — revisión manual,Revisión manual
S77Z4F2H7SGPW,Plante Pot Bleu,(sans catégorie),30.00,,review,,,Revisar manual,low,,Plante Pot Bleu,Sin categoría Clover y sin patrón reconocido — revisión manual,Revisión manual
5PDQ3ZGTEWD5G,Plante Pot Gros Noir,(sans catégorie),15.00,0,review,,,Revisar manual,low,,Plante Pot Gros Noir,Sin categoría Clover y sin patrón reconocido — revisión manual,Revisión manual
9CNF9QV2GFP6A,Plante Pot Jaune,(sans catégorie),25.00,0,review,,,Revisar manual,low,,Plante Pot Jaune,Sin categoría Clover y sin patrón reconocido — revisión manual,Revisión manual
HRM1PEA1THB04,Plante Pot Petit Noir,(sans catégorie),10.00,0,review,,,Revisar manual,low,,Plante Pot Petit Noir,Sin categoría Clover y sin patrón reconocido — revisión manual,Revisión manual
ZCVMQ2VJE0SSR,Plante Pot Rouge,(sans catégorie),20.00,0,review,,,Revisar manual,low,,Plante Pot Rouge,Sin categoría Clover y sin patrón reconocido — revisión manual,Revisión manual
JVH0RS9ZTBZTC,Plante Pot Vert,(sans catégorie),35.00,0,review,,,Revisar manual,low,,Plante Pot Vert,Sin categoría Clover y sin patrón reconocido — revisión manual,Revisión manual
M24QHHD5SR44E,Plante Pothos,(sans catégorie),7.99,0,review,,,Revisar manual,low,,Plante Pothos,Sin categoría Clover y sin patrón reconocido — revisión manual,Revisión manual
T3FYR4JMM8EM2,Plante grasse / plant succulent 2 inch,(sans catégorie),10.00,,review,,,Revisar manual,low,,Plante grasse / plant succulent 2 inch,Sin categoría Clover y sin patrón reconocido — revisión manual,Revisión manual
KE1Z443S3K3RY,Plugs Pour Calypso Nozzles,(sans catégorie),1.00,,review,,,Revisar manual,low,,Plugs Pour Calypso Nozzles,Sin categoría Clover y sin patrón reconocido — revisión manual,Revisión manual
P0Q45MQ2QHGBE,Pollen d'abeille,(sans catégorie),4.25,0,review,,,Revisar manual,low,,Pollen d'abeille,Sin categoría Clover y sin patrón reconocido — revisión manual,Revisión manual
R0ZRQSTJZ5CM4,Porcellio Haasi Light Form,(sans catégorie),50.00,,review,,,Revisar manual,low,,Porcellio Haasi Light Form,Sin categoría Clover y sin patrón reconocido — revisión manual,Revisión manual
ZV6EGSH8FHNH0,Poussin Poulet 1 Jour,(sans catégorie),2.99,0,review,,,Revisar manual,low,,Poussin Poulet 1 Jour,Sin categoría Clover y sin patrón reconocido — revisión manual,Revisión manual
TRMAKWK388512,Probe Zoomed,(sans catégorie),5.00,,review,,,Revisar manual,low,Zoo Med,Probe Zoomed,Sin categoría Clover y sin patrón reconocido — revisión manual,Revisión manual
SZPDS7H2VYFPC,Python Royale Banana Het Pied Femelle (Asphalt/Yb),(sans catégorie),350.00,0,animal,,Serpent,"Asignar ""Serpent"" en Clover",medium,,Python Royale Banana Het Pied Femelle (Asphalt/Yb),"Nombre sugiere animal vivo → categoría Clover existente ""Serpent""",Créer Animal (no Product)
89NVQFHG174DA,RAREPIF250 Arcadia EarthPro InsectFuel Insect Feed 250g,(sans catégorie),29.99,,review,,,Revisar manual,low,,RAREPIF250 Arcadia EarthPro InsectFuel Insect Feed 250g,Sin categoría Clover y sin patrón reconocido — revisión manual,Revisión manual
S5BMC34BADJ24,"RARLZ24FZ Arcadia LumenIZE Pro T5 UVB Kit, D3 Forest, 6% UV-B, 24 Watt",(sans catégorie),174.99,,product,lighting,Lumiere,"Asignar ""Lumiere"" en Clover",high,,"RARLZ24FZ Arcadia LumenIZE Pro T5 UVB Kit, D3 Forest, 6% UV-B, 24 Watt","Patrón nombre → Clover ""Lumiere"" / sitio ""lighting""",Bulk create Product
CPF8ZMC58XW8E,"RARLZ24RZ Arcadia LumenIZE Pro T5 UVB Kit, D3+ Desert, 12% UV-B, 24 Watt",(sans catégorie),174.99,,product,lighting,Lumiere,"Asignar ""Lumiere"" en Clover",high,,"RARLZ24RZ Arcadia LumenIZE Pro T5 UVB Kit, D3+ Desert, 12% UV-B, 24 Watt","Patrón nombre → Clover ""Lumiere"" / sitio ""lighting""",Bulk create Product
FWEFRT6F5TR4A,"RARLZ39FZ Arcadia LumenIZE Pro T5 UVB Kit, D3 Forest, 6% UV-B, 39 Watt",(sans catégorie),189.99,,product,lighting,Lumiere,"Asignar ""Lumiere"" en Clover",high,,"RARLZ39FZ Arcadia LumenIZE Pro T5 UVB Kit, D3 Forest, 6% UV-B, 39 Watt","Patrón nombre → Clover ""Lumiere"" / sitio ""lighting""",Bulk create Product
F5Q6WK14NC3N8,"RARLZ39RZ Arcadia LumenIZE Pro T5 UVB Kit, D3+ Desert, 12% UV-B, 39 Watt",(sans catégorie),189.99,,product,lighting,Lumiere,"Asignar ""Lumiere"" en Clover",high,,"RARLZ39RZ Arcadia LumenIZE Pro T5 UVB Kit, D3+ Desert, 12% UV-B, 39 Watt","Patrón nombre → Clover ""Lumiere"" / sitio ""lighting""",Bulk create Product
D8ZQMSRA15BCE,"RARLZ54FZ Arcadia LumenIZE Pro T5 UVB Kit, D3 Forest, 6% UV-B, 54 Watt",(sans catégorie),199.99,,product,lighting,Lumiere,"Asignar ""Lumiere"" en Clover",high,,"RARLZ54FZ Arcadia LumenIZE Pro T5 UVB Kit, D3 Forest, 6% UV-B, 54 Watt","Patrón nombre → Clover ""Lumiere"" / sitio ""lighting""",Bulk create Product
ZSVV2SSGYP1RY,"RARLZ54RZ Arcadia LumenIZE Pro T5 UVB Kit, D3+ Desert, 12% UV-B, 54 Watt",(sans catégorie),199.99,,product,lighting,Lumiere,"Asignar ""Lumiere"" en Clover",high,,"RARLZ54RZ Arcadia LumenIZE Pro T5 UVB Kit, D3+ Desert, 12% UV-B, 54 Watt","Patrón nombre → Clover ""Lumiere"" / sitio ""lighting""",Bulk create Product
EGERSCPWZAN08,RARTP54RZ Arcadia Pro T5 UVB Kit 12% 54W,(sans catégorie),182.99,,product,lighting,Lumiere,"Asignar ""Lumiere"" en Clover",high,,RARTP54RZ Arcadia Pro T5 UVB Kit 12% 54W,"Patrón nombre → Clover ""Lumiere"" / sitio ""lighting""",Bulk create Product
Z4TJKDZ2T799M,RC Billes d'Argile 2.5 lbs,(sans catégorie),9.99,0,review,,,Revisar manual,low,,Billes d'Argile 2.5 lbs,Sin categoría Clover y sin patrón reconocido — revisión manual,Revisión manual
44XKSQGPEDK5J,RC Bois Platte 10$/Pied,(sans catégorie),10.00,0,product,decor,Decoration,"Asignar ""Decoration"" en Clover",medium,,Bois Platte 10$/Pied,"Patrón nombre → Clover ""Decoration"" / sitio ""decor""",Bulk create Product
XSP91SMVS9TY4,RC Bouffe Maison Insectivore,(sans catégorie),10.00,,product,food_packaged,Nourriture,"Asignar ""Nourriture"" en Clover",high,,Bouffe Maison Insectivore,"Patrón nombre → Clover ""Nourriture"" / sitio ""food_packaged""",Bulk create Product
HHSFMS5YD1PB6,RC Branches Plattes 5$ Du Pied,(sans catégorie),4.99,,product,decor,Decoration,"Asignar ""Decoration"" en Clover",medium,,Branches Plattes 5$ Du Pied,"Patrón nombre → Clover ""Decoration"" / sitio ""decor""",Bulk create Product
0DPRQJQ7RA1S8,RC Ceramic Heater 100W,(sans catégorie),29.99,0,product,lighting,Lumiere,"Asignar ""Lumiere"" en Clover",high,,Ceramic Heater 100W,"Patrón nombre → Clover ""Lumiere"" / sitio ""lighting""",Bulk create Product
EKGBMGJ6DA9FE,RC Ceramic Heater 150W,(sans catégorie),34.99,0,product,lighting,Lumiere,"Asignar ""Lumiere"" en Clover",high,,Ceramic Heater 150W,"Patrón nombre → Clover ""Lumiere"" / sitio ""lighting""",Bulk create Product
YQNVATZ3WHXV2,RC Ceramic Heater 250W,(sans catégorie),44.99,,product,lighting,Lumiere,"Asignar ""Lumiere"" en Clover",high,,Ceramic Heater 250W,"Patrón nombre → Clover ""Lumiere"" / sitio ""lighting""",Bulk create Product
3PHVVV59K9SBY,RC Ceramic Heater 25W,(sans catégorie),19.99,,product,lighting,Lumiere,"Asignar ""Lumiere"" en Clover",high,,Ceramic Heater 25W,"Patrón nombre → Clover ""Lumiere"" / sitio ""lighting""",Bulk create Product
2TKJBMR1JWT40,RC Ceramic Heater 50W,(sans catégorie),22.99,0,product,lighting,Lumiere,"Asignar ""Lumiere"" en Clover",high,,Ceramic Heater 50W,"Patrón nombre → Clover ""Lumiere"" / sitio ""lighting""",Bulk create Product
N47APX1D9EVAW,RC Ceramic Heater 75W,(sans catégorie),24.99,0,product,lighting,Lumiere,"Asignar ""Lumiere"" en Clover",high,,Ceramic Heater 75W,"Patrón nombre → Clover ""Lumiere"" / sitio ""lighting""",Bulk create Product
DTA37T9XT9WJA,RC Charbon (250 gr),(sans catégorie),3.99,,review,,,Revisar manual,low,,Charbon (250 gr),Sin categoría Clover y sin patrón reconocido — revisión manual,Revisión manual
51NQ4DT839E08,RC Pierre Décorative (1KG),(sans catégorie),5.99,,review,,,Revisar manual,low,,Pierre Décorative (1KG),Sin categoría Clover y sin patrón reconocido — revisión manual,Revisión manual
WJSV0QQ01FW4R,RC Pierre Volcanique Noire (2lbs),(sans catégorie),5.99,,review,,,Revisar manual,low,,Pierre Volcanique Noire (2lbs),Sin categoría Clover y sin patrón reconocido — revisión manual,Revisión manual
WE9KBMTX32PGY,RC Repti Mélange 24 Qt,(sans catégorie),32.99,,review,,,Revisar manual,low,,Repti Mélange 24 Qt,Sin categoría Clover y sin patrón reconocido — revisión manual,Revisión manual
1G5Y4S6APTPPG,RC Roche Platte,(sans catégorie),9.99,,product,decor,Decoration,"Asignar ""Decoration"" en Clover",medium,,Roche Platte,"Patrón nombre → Clover ""Decoration"" / sitio ""decor""",Bulk create Product
B12DD4Y6CCTT4,RFD3SD14 Arcadia ShadeDweller Max Replacement Lamp (110V),(sans catégorie),38.99,,review,,,Revisar manual,low,,RFD3SD14 Arcadia ShadeDweller Max Replacement Lamp (110V),Sin categoría Clover y sin patrón reconocido — revisión manual,Revisión manual
J368QJ8AYM48R,RR1022 Omega One Frog and Tadpole pellets 1.2oz,(sans catégorie),5.99,,animal,,Amphibien,"Asignar ""Amphibien"" en Clover",medium,,Omega One Frog and Tadpole pellets 1.2oz,"Nombre sugiere animal vivo → categoría Clover existente ""Amphibien""",Créer Animal (no Product)
EZTSDSGMVXPSM,RR4116 Mazuri Tortoise LS Diet 12oz,(sans catégorie),21.99,0,product,food_packaged,Nourriture,"Asignar ""Nourriture"" en Clover",high,Mazuri,Mazuri Tortoise LS Diet 12oz,"Patrón nombre → Clover ""Nourriture"" / sitio ""food_packaged""",Bulk create Product
2B2TG1F2XY8ER,RR4117 Mazuri 5E5L Tortoise Diet LS,(sans catégorie),185.00,0,product,food_packaged,Nourriture,"Asignar ""Nourriture"" en Clover",high,Mazuri,Mazuri 5E5L Tortoise Diet LS,"Patrón nombre → Clover ""Nourriture"" / sitio ""food_packaged""",Bulk create Product
347AHF9JT3RD8,RR4138 Komodo Tortoise Hay 24oz,(sans catégorie),15.50,,review,,,Revisar manual,low,,Komodo Tortoise Hay 24oz,Sin categoría Clover y sin patrón reconocido — revisión manual,Revisión manual
0ZDXD2YCTR446,RR4201 Komodo Twin Jelly Pot Holder,(sans catégorie),9.99,,review,,,Revisar manual,low,,Komodo Twin Jelly Pot Holder,Sin categoría Clover y sin patrón reconocido — revisión manual,Revisión manual
YNKVQ7BKPCVC4,RR4214 Komodo Mealworm Dish,(sans catégorie),5.99,0,product,food_live,Insecte Vivant,"Asignar ""Insecte Vivant"" en Clover",high,,Komodo Mealworm Dish,"Patrón nombre → Clover ""Insecte Vivant"" / sitio ""food_live""",Bulk create Product
ZNAFPK2K9HPFR,Ranarium Carotenoid plus 2oz,(sans catégorie),46.99,,review,,,Revisar manual,low,,Ranarium Carotenoid plus 2oz,Sin categoría Clover y sin patrón reconocido — revisión manual,Revisión manual
KPR1F9EFH9R4E,Rat Chow,(sans catégorie),69.99,,animal,,Rongeur,"Asignar ""Rongeur"" en Clover",medium,,Rat Chow,"Nombre sugiere animal vivo → categoría Clover existente ""Rongeur""",Créer Animal (no Product)
4JNE76PSYZC0A,Rat Natal Fuzzy Vivant,(sans catégorie),4.00,,animal,,Rongeur,"Asignar ""Rongeur"" en Clover",medium,,Rat Natal Fuzzy Vivant,"Nombre sugiere animal vivo → categoría Clover existente ""Rongeur""",Créer Animal (no Product)
Q3SN3DCPEPKHR,Rats Colossal,(sans catégorie),8.50,0,review,,,Revisar manual,low,,Rats Colossal,Sin categoría Clover y sin patrón reconocido — revisión manual,Revisión manual
9Q0WCSBKF9J0R,Red Wiggler / Vers de Terre Rouge,(sans catégorie),13.59,0,review,,,Revisar manual,low,,Red Wiggler / Vers de Terre Rouge,Sin categoría Clover y sin patrón reconocido — revisión manual,Revisión manual
47GN9V4RV0TNW,S086  Bedding Sani Chip Bulk,(sans catégorie),80.00,,product,substrate,Substrat,"Asignar ""Substrat"" en Clover",high,,Bedding Sani Chip Bulk,"Patrón nombre → Clover ""Substrat"" / sitio ""substrate""",Bulk create Product
V3EVD44M8268A,S089 Bedding Paper Shavings 2.8 CU.FT,(sans catégorie),19.99,,product,substrate,Substrat,"Asignar ""Substrat"" en Clover",high,,Bedding Paper Shavings 2.8 CU.FT,"Patrón nombre → Clover ""Substrat"" / sitio ""substrate""",Bulk create Product
1YJRNHCMQGCRJ,"SBG SunBlaster Mini Greenhouse Kit - 18"" LED",(sans catégorie),109.99,,review,,,Revisar manual,low,,"SunBlaster Mini Greenhouse Kit - 18"" LED",Sin categoría Clover y sin patrón reconocido — revisión manual,Revisión manual
J7SY3V6Y9W064,SCA Salvinia cullculata  Aquatic,(sans catégorie),3.99,,review,,,Revisar manual,low,,Salvinia cullculata  Aquatic,Sin categoría Clover y sin patrón reconocido — revisión manual,Revisión manual
P54MQ5WEQSVV8,SMAC Aspen Chips Nepco 8 Cu Ft,(sans catégorie),148.99,0,review,,,Revisar manual,low,,Aspen Chips Nepco 8 Cu Ft,Sin categoría Clover y sin patrón reconocido — revisión manual,Revisión manual
TFP3R0N09KE8E,Shiping Corn scaleless Okeetee BB,(sans catégorie),73.94,,review,,,Revisar manual,low,,Shiping Corn scaleless Okeetee BB,Sin categoría Clover y sin patrón reconocido — revisión manual,Revisión manual
KTJ890M3XVE0J,Sprayer 1.5L,(sans catégorie),5.00,,review,,,Revisar manual,low,,Sprayer 1.5L,Sin categoría Clover y sin patrón reconocido — revisión manual,Revisión manual
11X1RNP987A1E,Sunburst Ant Nectar (by Formica) 120ml,(sans catégorie),28.99,,review,,,Revisar manual,low,,Sunburst Ant Nectar (by Formica) 120ml,Sin categoría Clover y sin patrón reconocido — revisión manual,Revisión manual
2SZNG6KAM106P,Sunburst Ant Nectar (by Formica) 240ml,(sans catégorie),35.99,,review,,,Revisar manual,low,,Sunburst Ant Nectar (by Formica) 240ml,Sin categoría Clover y sin patrón reconocido — revisión manual,Revisión manual
CXHB1CD45DWVJ,Sunburst Ant Nectar (by Formica) 60 ml,(sans catégorie),21.99,,review,,,Revisar manual,low,,Sunburst Ant Nectar (by Formica) 60 ml,Sin categoría Clover y sin patrón reconocido — revisión manual,Revisión manual
0RNQM7GYNZNC2,T. Tomentosa Dwarf White 20+,(sans catégorie),9.99,,review,,,Revisar manual,low,,T. Tomentosa Dwarf White 20+,Sin categoría Clover y sin patrón reconocido — revisión manual,Revisión manual
FKWXE3FB1X6XJ,TC Magnet Nest / Nid,(sans catégorie),15.99,,review,,,Revisar manual,low,,Magnet Nest / Nid,Sin categoría Clover y sin patrón reconocido — revisión manual,Revisión manual
MP2Y86JVTCV9C,TC Magnet Water Vial / Flacon d'eau,(sans catégorie),13.99,,review,,,Revisar manual,low,,Magnet Water Vial / Flacon d'eau,Sin categoría Clover y sin patrón reconocido — revisión manual,Revisión manual
RF1Y82JBECHYY,TC1 Berceaux Mygale - Casket mini 6''x3''x3'',(sans catégorie),59.99,,review,,,Revisar manual,low,,Berceaux Mygale - Casket mini 6''x3''x3'',Sin categoría Clover y sin patrón reconocido — revisión manual,Revisión manual
S7MTTBJXSZ1V8,TC10 Tarantula Cribs Coffin Large,(sans catégorie),249.99,,animal,,Isopod et Araignee et Fourmis,"Asignar ""Isopod et Araignee et Fourmis"" en Clover",medium,,Tarantula Cribs Coffin Large,"Nombre sugiere animal vivo → categoría Clover existente ""Isopod et Araignee et Fourmis""",Créer Animal (no Product)
ZRAFNQ15X8MVG,TC2 Cube 4 x 4x 4,(sans catégorie),36.50,,review,,,Revisar manual,low,,Cube 4 x 4x 4,Sin categoría Clover y sin patrón reconocido — revisión manual,Revisión manual
KS3D9339GHAP8,"TC3 Berceaux Mygale - Canopy Mini 3""",(sans catégorie),31.50,,review,,,Revisar manual,low,,"Berceaux Mygale - Canopy Mini 3""",Sin categoría Clover y sin patrón reconocido — revisión manual,Revisión manual
7SA02XTPM008A,TC4 Berceaux Mygale - Small Treehouse Switch- Clear Back,(sans catégorie),62.99,,review,,,Revisar manual,low,,Berceaux Mygale - Small Treehouse Switch- Clear Back,Sin categoría Clover y sin patrón reconocido — revisión manual,Revisión manual
XBPRJB18X7KDW,TC5 Berceaux Mygale - Canopy - Understory 3x3x6,(sans catégorie),41.99,,review,,,Revisar manual,low,,Berceaux Mygale - Canopy - Understory 3x3x6,Sin categoría Clover y sin patrón reconocido — revisión manual,Revisión manual
7DYDRRTFQPY48,TC6 Berceaux Mygale - Canopy - Flat top 3x3x6,(sans catégorie),41.99,,review,,,Revisar manual,low,,Berceaux Mygale - Canopy - Flat top 3x3x6,Sin categoría Clover y sin patrón reconocido — revisión manual,Revisión manual
92G345GWVXBNA,"TC7 Tarantula Cribs - Treehouse Mini 2""x2""x3""",(sans catégorie),26.25,,animal,,Isopod et Araignee et Fourmis,"Asignar ""Isopod et Araignee et Fourmis"" en Clover",medium,,"Tarantula Cribs - Treehouse Mini 2""x2""x3""","Nombre sugiere animal vivo → categoría Clover existente ""Isopod et Araignee et Fourmis""",Créer Animal (no Product)
FHSM0RWWW5NN0,TC8 Medium Coffin Green Glitter 10''x5''x5'',(sans catégorie),89.99,,review,,,Revisar manual,low,,Medium Coffin Green Glitter 10''x5''x5'',Sin categoría Clover y sin patrón reconocido — revisión manual,Revisión manual
WCQE5STSQNB96,TC9 Tarantula Kat Sweet Dreams Blue,(sans catégorie),52.49,,animal,,Isopod et Araignee et Fourmis,"Asignar ""Isopod et Araignee et Fourmis"" en Clover",medium,,Tarantula Kat Sweet Dreams Blue,"Nombre sugiere animal vivo → categoría Clover existente ""Isopod et Araignee et Fourmis""",Créer Animal (no Product)
Z42B7NN4AQ0QA,Tad-Pool mix color,(sans catégorie),21.99,0,review,,,Revisar manual,low,,Tad-Pool mix color,Sin categoría Clover y sin patrón reconocido — revisión manual,Revisión manual
Y61MF6NKB3802,Tinctorius Yellow Back,(sans catégorie),130.00,,review,,,Revisar manual,low,,Tinctorius Yellow Back,Sin categoría Clover y sin patrón reconocido — revisión manual,Revisión manual
TD964NGT5C7CJ,Tliltocatl Kahlenbetgi,(sans catégorie),75.00,0,review,,,Revisar manual,low,,Tliltocatl Kahlenbetgi,Sin categoría Clover y sin patrón reconocido — revisión manual,Revisión manual
3GWR32DR0YRT6,Tortue Chinese Godentred Yearling,(sans catégorie),200.00,,animal,,Serpent,"Asignar ""Serpent"" en Clover",medium,,Tortue Chinese Godentred Yearling,"Nombre sugiere animal vivo → categoría Clover existente ""Serpent""",Créer Animal (no Product)
Q8583YKPS060G,Tortue Chinese Yellowthread,(sans catégorie),200.00,,animal,,Serpent,"Asignar ""Serpent"" en Clover",medium,,Tortue Chinese Yellowthread,"Nombre sugiere animal vivo → categoría Clover existente ""Serpent""",Créer Animal (no Product)
N3J94N65DER60,Tortue Costa rican Ornate,(sans catégorie),200.00,,animal,,Serpent,"Asignar ""Serpent"" en Clover",medium,,Tortue Costa rican Ornate,"Nombre sugiere animal vivo → categoría Clover existente ""Serpent""",Créer Animal (no Product)
DQ2ZD86SH0G5W,Tortue Grecque,(sans catégorie),500.00,,animal,,Serpent,"Asignar ""Serpent"" en Clover",medium,,Tortue Grecque,"Nombre sugiere animal vivo → categoría Clover existente ""Serpent""",Créer Animal (no Product)
CEEA2VTCA8WBW,Tortue Herman BB,(sans catégorie),700.00,,animal,,Serpent,"Asignar ""Serpent"" en Clover",medium,,Tortue Herman BB,"Nombre sugiere animal vivo → categoría Clover existente ""Serpent""",Créer Animal (no Product)
Y1SKBZNNCFKVR,Tortue Hermann Male,(sans catégorie),600.00,,animal,,Serpent,"Asignar ""Serpent"" en Clover",medium,,Tortue Hermann Male,"Nombre sugiere animal vivo → categoría Clover existente ""Serpent""",Créer Animal (no Product)
ZHJD1AM3MAAPA,Tortue Mississippi Map Turtle,(sans catégorie),250.00,,animal,,Serpent,"Asignar ""Serpent"" en Clover",medium,,Tortue Mississippi Map Turtle,"Nombre sugiere animal vivo → categoría Clover existente ""Serpent""",Créer Animal (no Product)
F8Q8QD8NBXPE8,Tortue Ornata Ornata Western,(sans catégorie),700.00,,animal,,Serpent,"Asignar ""Serpent"" en Clover",medium,,Tortue Ornata Ornata Western,"Nombre sugiere animal vivo → categoría Clover existente ""Serpent""",Créer Animal (no Product)
NRDZDRY5KKNWC,Tortue Ornata Wood,(sans catégorie),400.00,,animal,,Serpent,"Asignar ""Serpent"" en Clover",medium,,Tortue Ornata Wood,"Nombre sugiere animal vivo → categoría Clover existente ""Serpent""",Créer Animal (no Product)
STJMNGRKK8PS8,Tortue Redfooted BB,(sans catégorie),600.00,0,animal,,Serpent,"Asignar ""Serpent"" en Clover",medium,,Tortue Redfooted BB,"Nombre sugiere animal vivo → categoría Clover existente ""Serpent""",Créer Animal (no Product)
7K72K60FPSWN2,Tortue Reeve's,(sans catégorie),275.00,0,animal,,Serpent,"Asignar ""Serpent"" en Clover",medium,,Tortue Reeve's,"Nombre sugiere animal vivo → categoría Clover existente ""Serpent""",Créer Animal (no Product)
P0P6QDD4TA81W,Tortue Russe,(sans catégorie),600.00,,animal,,Serpent,"Asignar ""Serpent"" en Clover",medium,,Tortue Russe,"Nombre sugiere animal vivo → categoría Clover existente ""Serpent""",Créer Animal (no Product)
Y6NEJBVG9A9KP,Tortue Sulcata,(sans catégorie),600.00,,animal,,Serpent,"Asignar ""Serpent"" en Clover",medium,,Tortue Sulcata,"Nombre sugiere animal vivo → categoría Clover existente ""Serpent""",Créer Animal (no Product)
4MEQB8PV83SBE,Tortue Yellow Bellied BB,(sans catégorie),200.00,,animal,,Serpent,"Asignar ""Serpent"" en Clover",medium,,Tortue Yellow Bellied BB,"Nombre sugiere animal vivo → categoría Clover existente ""Serpent""",Créer Animal (no Product)
8ANXRAE44K5E4,Trichoniscus Sp. Dwarf Purple 20+,(sans catégorie),12.00,,review,,,Revisar manual,low,,Trichoniscus Sp. Dwarf Purple 20+,Sin categoría Clover y sin patrón reconocido — revisión manual,Revisión manual
N4EJTY26KTH5Y,Trout Chow,(sans catégorie),65.00,,review,,,Revisar manual,low,,Trout Chow,Sin categoría Clover y sin patrón reconocido — revisión manual,Revisión manual
0EDSTDSRRW1GA,V-Beurre / Butter 10,(sans catégorie),10.00,,review,,,Revisar manual,low,,V-Beurre / Butter 10,Sin categoría Clover y sin patrón reconocido — revisión manual,Revisión manual
168AA2GMK10C2,V-Beurre / Butter 100,(sans catégorie),100.00,,review,,,Revisar manual,low,,V-Beurre / Butter 100,Sin categoría Clover y sin patrón reconocido — revisión manual,Revisión manual
WWHEJ3GYTQNDY,V-Beurre / Butter 25,(sans catégorie),25.00,,review,,,Revisar manual,low,,V-Beurre / Butter 25,Sin categoría Clover y sin patrón reconocido — revisión manual,Revisión manual
T4GXEVFTDJWM6,V-Beurre / Butter 50,(sans catégorie),50.00,,review,,,Revisar manual,low,,V-Beurre / Butter 50,Sin categoría Clover y sin patrón reconocido — revisión manual,Revisión manual
7GW5P5F4TPW0E,WPGD Pangea Watermelon Complete Gecko Diet,(sans catégorie),62.99,,animal,,Lezard,"Asignar ""Lezard"" en Clover",medium,,Pangea Watermelon Complete Gecko Diet,"Nombre sugiere animal vivo → categoría Clover existente ""Lezard""",Créer Animal (no Product)
NPVQXS759DS50,WSG-2 Pangea Succulent Garden #2,(sans catégorie),28.99,0,review,,,Revisar manual,low,,WSG-2 Pangea Succulent Garden #2,Sin categoría Clover y sin patrón reconocido — revisión manual,Revisión manual
H124565THTE8M,X46025 Oase Cleaner Pump,(sans catégorie),23.99,,product,equipment,Piece Remplacement/ Electronique,"Asignar ""Piece Remplacement/ Electronique"" en Clover",medium,,Oase Cleaner Pump,"Patrón nombre → Clover ""Piece Remplacement/ Electronique"" / sitio ""equipment""",Bulk create Product
XM35WG7M22TGT,Z112E Mini Tropical UVB Lighting Combo,(sans catégorie),46.99,,product,lighting,Lumiere,"Asignar ""Lumiere"" en Clover",high,,Mini Tropical UVB Lighting Combo,"Patrón nombre → Clover ""Lumiere"" / sitio ""lighting""",Bulk create Product
2X7ZHM22N6912,Z112F Aquatic Turtle Lighting Combo,(sans catégorie),57.99,,review,,,Revisar manual,low,,Aquatic Turtle Lighting Combo,Sin categoría Clover y sin patrón reconocido — revisión manual,Revisión manual
1G1005ZDGYNPT,Z112J Aquatic Turtle UVB & Heat Lighting Combo,(sans catégorie),84.99,,product,lighting,Lumiere,"Asignar ""Lumiere"" en Clover",high,,Aquatic Turtle UVB & Heat Lighting Combo,"Patrón nombre → Clover ""Lumiere"" / sitio ""lighting""",Bulk create Product
Z88DWD2FHKW28,Z114 Zoomed Wire Cage Clamp Lamp,(sans catégorie),32.99,,review,,,Revisar manual,low,Zoo Med,Zoomed Wire Cage Clamp Lamp,Sin categoría Clover y sin patrón reconocido — revisión manual,Revisión manual
9GVSZ4TNY070G,Z115,(sans catégorie),48.99,,review,,,Revisar manual,low,,Z115,Sin categoría Clover y sin patrón reconocido — revisión manual,Revisión manual
8SYHEZN6J5DZA,Z115M,(sans catégorie),38.99,0,review,,,Revisar manual,low,,Z115M,Sin categoría Clover y sin patrón reconocido — revisión manual,Revisión manual
2XH3N9VPFCNEM,Z115O,(sans catégorie),51.99,0,review,,,Revisar manual,low,,Z115O,Sin categoría Clover y sin patrón reconocido — revisión manual,Revisión manual
35T1QZV5SWVQR,Z115P,(sans catégorie),58.99,,review,,,Revisar manual,low,,Z115P,Sin categoría Clover y sin patrón reconocido — revisión manual,Revisión manual
FP4QRFHSQXV5W,Z115R,(sans catégorie),102.99,,review,,,Revisar manual,low,,Z115R,Sin categoría Clover y sin patrón reconocido — revisión manual,Revisión manual
XX6Y7H35X8MSE,Z116 Repti Lamp Stand (20-100 Gal)  LF-20,(sans catégorie),60.99,0,review,,,Revisar manual,low,,Repti Lamp Stand (20-100 Gal)  LF-20,Sin categoría Clover y sin patrón reconocido — revisión manual,Revisión manual
ND45KA25481AA,Z116S Economy Lamp Stand (10-20 Gal)  LF-21,(sans catégorie),51.99,0,review,,,Revisar manual,low,,Economy Lamp Stand (10-20 Gal)  LF-21,Sin categoría Clover y sin patrón reconocido — revisión manual,Revisión manual
21T49WXV61WWR,Z126B Reptile Digital min-max Thermometer,(sans catégorie),24.99,0,product,equipment,Piece Remplacement/ Electronique,"Asignar ""Piece Remplacement/ Electronique"" en Clover",medium,,Reptile Digital min-max Thermometer,"Patrón nombre → Clover ""Piece Remplacement/ Electronique"" / sitio ""equipment""",Bulk create Product
QP2KB512QJ65Y,Z150C Repti Rapids LED Waterfall Wood MD,(sans catégorie),119.99,,review,,,Revisar manual,low,,Repti Rapids LED Waterfall Wood MD,Sin categoría Clover y sin patrón reconocido — revisión manual,Revisión manual
7B1X8PCVK5N10,Z153,(sans catégorie),319.99,,review,,,Revisar manual,low,,Z153,Sin categoría Clover y sin patrón reconocido — revisión manual,Revisión manual
SHWTBXDYF8VR2,Z159M ZooMed Turtle Dock 15 gal MD,(sans catégorie),42.99,,review,,,Revisar manual,low,Zoo Med,ZooMed Turtle Dock 15 gal MD,Sin categoría Clover y sin patrón reconocido — revisión manual,Revisión manual
X6Y0JK1KHRWNE,Z159S,(sans catégorie),21.99,,review,,,Revisar manual,low,,Z159S,Sin categoría Clover y sin patrón reconocido — revisión manual,Revisión manual
QRSHKA00CYGA6,Z159X ZooMed Floating Turtle Dock X-Large,(sans catégorie),111.99,,product,decor,Decoration,"Asignar ""Decoration"" en Clover",medium,Zoo Med,ZooMed Floating Turtle Dock X-Large,"Patrón nombre → Clover ""Decoration"" / sitio ""decor""",Bulk create Product
NCWMEPW5NNVKY,Z160C Nano 10/30 Carbon (1 pack),(sans catégorie),7.99,,review,,,Revisar manual,low,,Nano 10/30 Carbon (1 pack),Sin categoría Clover y sin patrón reconocido — revisión manual,Revisión manual
P3D31AEYEQY90,Z160CM Nano 10/30 Ceramic Media,(sans catégorie),7.99,,review,,,Revisar manual,low,,Nano 10/30 Ceramic Media,Sin categoría Clover y sin patrón reconocido — revisión manual,Revisión manual
DBWK77SA3D552,Z160MS Mechanical Sponge Nano 10,(sans catégorie),7.99,,review,,,Revisar manual,low,,Mechanical Sponge Nano 10,Sin categoría Clover y sin patrón reconocido — revisión manual,Revisión manual
S9VWHAAQNFN4T,Z162 Macro 50 External Canister Filter,(sans catégorie),199.99,,product,equipment,Piece Remplacement/ Electronique,"Asignar ""Piece Remplacement/ Electronique"" en Clover",medium,,Macro 50 External Canister Filter,"Patrón nombre → Clover ""Piece Remplacement/ Electronique"" / sitio ""equipment""",Bulk create Product
WNNBZSG4KHYNJ,Z162C Macro 50/75 Carbon (2 pack),(sans catégorie),13.99,,review,,,Revisar manual,low,,Macro 50/75 Carbon (2 pack),Sin categoría Clover y sin patrón reconocido — revisión manual,Revisión manual
9VC1ZAJE4KZYC,Z162MS Mechanical Sponge Macro 50,(sans catégorie),16.99,,review,,,Revisar manual,low,,Mechanical Sponge Macro 50,Sin categoría Clover y sin patrón reconocido — revisión manual,Revisión manual
1HEE2YK5DB708,Z162PS  Pre Filter Sponge Macro 50,(sans catégorie),17.99,,product,equipment,Piece Remplacement/ Electronique,"Asignar ""Piece Remplacement/ Electronique"" en Clover",medium,,Pre Filter Sponge Macro 50,"Patrón nombre → Clover ""Piece Remplacement/ Electronique"" / sitio ""equipment""",Bulk create Product
9TFV1DGP46DG0,Z164 Zoomed Ceramic Catfish Log,(sans catégorie),13.49,,review,,,Revisar manual,low,Zoo Med,Zoomed Ceramic Catfish Log,Sin categoría Clover y sin patrón reconocido — revisión manual,Revisión manual
HSRP6B2EQ5WWT,Z166 Turtleclean Filter (10Gal),(sans catégorie),29.25,,product,equipment,Piece Remplacement/ Electronique,"Asignar ""Piece Remplacement/ Electronique"" en Clover",medium,,Turtleclean Filter (10Gal),"Patrón nombre → Clover ""Piece Remplacement/ Electronique"" / sitio ""equipment""",Bulk create Product
8STJVNN9Y57V4,Z166A Turtleclean Filter (10Gal) Repl. Cartridge,(sans catégorie),5.99,,product,equipment,Piece Remplacement/ Electronique,"Asignar ""Piece Remplacement/ Electronique"" en Clover",medium,,Turtleclean Filter (10Gal) Repl. Cartridge,"Patrón nombre → Clover ""Piece Remplacement/ Electronique"" / sitio ""equipment""",Bulk create Product
BYTGNJYWZS2R2,Z166B Turtleclean Filter (20Gal),(sans catégorie),36.99,,product,equipment,Piece Remplacement/ Electronique,"Asignar ""Piece Remplacement/ Electronique"" en Clover",medium,,Turtleclean Filter (20Gal),"Patrón nombre → Clover ""Piece Remplacement/ Electronique"" / sitio ""equipment""",Bulk create Product
2SV50TD4Y80X0,Z166c Turtleclean Filter (20Gal) Repl. Cartridge,(sans catégorie),8.99,,product,equipment,Piece Remplacement/ Electronique,"Asignar ""Piece Remplacement/ Electronique"" en Clover",medium,,Z166c Turtleclean Filter (20Gal) Repl. Cartridge,"Patrón nombre → Clover ""Piece Remplacement/ Electronique"" / sitio ""equipment""",Bulk create Product
ZMD96NG25J80R,Z167 Zoomed Hanging Mealworm Feeder Bowl,(sans catégorie),5.99,,product,food_live,Insecte Vivant,"Asignar ""Insecte Vivant"" en Clover",high,Zoo Med,Zoomed Hanging Mealworm Feeder Bowl,"Patrón nombre → Clover ""Insecte Vivant"" / sitio ""food_live""",Bulk create Product
VS64FJ10WJR0C,Z169 Turtletherm Heater 50W (15GAL),(sans catégorie),34.99,,product,lighting,Lumiere,"Asignar ""Lumiere"" en Clover",high,,Turtletherm Heater 50W (15GAL),"Patrón nombre → Clover ""Lumiere"" / sitio ""lighting""",Bulk create Product
QV37PC41EY3NW,Z169A Turtletherm Heater 100W (30GAL),(sans catégorie),41.99,,product,lighting,Lumiere,"Asignar ""Lumiere"" en Clover",high,,Turtletherm Heater 100W (30GAL),"Patrón nombre → Clover ""Lumiere"" / sitio ""lighting""",Bulk create Product
4RTGA1JHKS3MP,Z169B Turtletherm Heater 150W (50GAL),(sans catégorie),63.99,,product,lighting,Lumiere,"Asignar ""Lumiere"" en Clover",high,,Turtletherm Heater 150W (50GAL),"Patrón nombre → Clover ""Lumiere"" / sitio ""lighting""",Bulk create Product
P1SZKX57GBJNC,Z169C Turtletherm Heater 300W (100GAL),(sans catégorie),74.99,,product,lighting,Lumiere,"Asignar ""Lumiere"" en Clover",high,,Turtletherm Heater 300W (100GAL),"Patrón nombre → Clover ""Lumiere"" / sitio ""lighting""",Bulk create Product
DS0R2H3W2QV54,Z170 Repti Reservoir,(sans catégorie),11.49,0,review,,,Revisar manual,low,,Repti Reservoir,Sin categoría Clover y sin patrón reconocido — revisión manual,Revisión manual
ZCYFWQCBCTQCW,Z171,(sans catégorie),12.99,,review,,,Revisar manual,low,,Z171,Sin categoría Clover y sin patrón reconocido — revisión manual,Revisión manual
QPV8CZEZRGP2C,Z172,(sans catégorie),36.99,,review,,,Revisar manual,low,,Z172,Sin categoría Clover y sin patrón reconocido — revisión manual,Revisión manual
775XC2YXE2BF0,Z173,(sans catégorie),54.99,,review,,,Revisar manual,low,,Z173,Sin categoría Clover y sin patrón reconocido — revisión manual,Revisión manual
6PV0Y8BQ6TT6M,Z174,(sans catégorie),10.99,,review,,,Revisar manual,low,,Z174,Sin categoría Clover y sin patrón reconocido — revisión manual,Revisión manual
BBP61QY8MA4XT,Z174L,(sans catégorie),31.99,,review,,,Revisar manual,low,,Z174L,Sin categoría Clover y sin patrón reconocido — revisión manual,Revisión manual
70CEV2BP5BHNA,Z174M,(sans catégorie),17.99,,review,,,Revisar manual,low,,Z174M,Sin categoría Clover y sin patrón reconocido — revisión manual,Revisión manual
GPXTWBR8JG5XE,Z174X,(sans catégorie),45.99,,review,,,Revisar manual,low,,Z174X,Sin categoría Clover y sin patrón reconocido — revisión manual,Revisión manual
RRMVFPYJC17R2,Z175F ZooMed Repti Rock Food Dish Small,(sans catégorie),5.99,0,review,,,Revisar manual,low,Zoo Med,ZooMed Repti Rock Food Dish Small,Sin categoría Clover y sin patrón reconocido — revisión manual,Revisión manual
BZSXN2NQ9AWJE,Z175M Combo Repti Rock Dishes SM,(sans catégorie),10.99,,review,,,Revisar manual,low,,Combo Repti Rock Dishes SM,Sin categoría Clover y sin patrón reconocido — revisión manual,Revisión manual
EDNSHX3NVFQXT,Z176 Zoomed Repti Rock Water Dish small,(sans catégorie),8.99,0,review,,,Revisar manual,low,Zoo Med,Zoomed Repti Rock Water Dish small,Sin categoría Clover y sin patrón reconocido — revisión manual,Revisión manual
1Z66082TSHE64,Z177,(sans catégorie),12.99,0,review,,,Revisar manual,low,,Z177,Sin categoría Clover y sin patrón reconocido — revisión manual,Revisión manual
JY90DQWWJBJ5W,Z177F,(sans catégorie),9.99,0,review,,,Revisar manual,low,,Z177F,Sin categoría Clover y sin patrón reconocido — revisión manual,Revisión manual
5TXGT1BNPKYGP,Z177M Combo Repti Rock Dishes MD,(sans catégorie),16.99,,review,,,Revisar manual,low,,Combo Repti Rock Dishes MD,Sin categoría Clover y sin patrón reconocido — revisión manual,Revisión manual
36JCZ6QQ5AXPA,Z178F,(sans catégorie),14.00,0,review,,,Revisar manual,low,,Z178F,Sin categoría Clover y sin patrón reconocido — revisión manual,Revisión manual
XATTBYMEMVR52,Z178M Combo Repti Rock Dishes LG,(sans catégorie),27.99,,review,,,Revisar manual,low,,Combo Repti Rock Dishes LG,Sin categoría Clover y sin patrón reconocido — revisión manual,Revisión manual
JV8Z85MR7YQXM,Z179,(sans catégorie),28.99,,review,,,Revisar manual,low,,Z179,Sin categoría Clover y sin patrón reconocido — revisión manual,Revisión manual
0XNN15TMQWQHR,Z179F,(sans catégorie),17.99,,review,,,Revisar manual,low,,Z179F,Sin categoría Clover y sin patrón reconocido — revisión manual,Revisión manual
6NATHTJHFWBBM,Z179M Combo Repti Rock Dishes XL,(sans catégorie),34.99,,review,,,Revisar manual,low,,Combo Repti Rock Dishes XL,Sin categoría Clover y sin patrón reconocido — revisión manual,Revisión manual
8XX88TT21DSK6,Z180 Zoomed Eco Earth (1 brick),(sans catégorie),7.99,0,review,,,Revisar manual,low,Zoo Med,Zoomed Eco Earth (1 brick),Sin categoría Clover y sin patrón reconocido — revisión manual,Revisión manual
QSZJT8N60GX64,Z181,(sans catégorie),15.49,,review,,,Revisar manual,low,,Z181,Sin categoría Clover y sin patrón reconocido — revisión manual,Revisión manual
7VTWGDM8EGRBP,Z1822 Excavator 10lbs,(sans catégorie),19.99,,review,,,Revisar manual,low,,Excavator 10lbs,Sin categoría Clover y sin patrón reconocido — revisión manual,Revisión manual
2WZKH6XDWSYEW,Z1832 Zoomed Coconut Chips (Jumbo Brick 5kg),(sans catégorie),39.99,,review,,,Revisar manual,low,Zoo Med,Zoomed Coconut Chips (Jumbo Brick 5kg),Sin categoría Clover y sin patrón reconocido — revisión manual,Revisión manual
0PR0R6CNJME0E,Z184 Zoomed Reptisand - Desert White 10lbs,(sans catégorie),17.99,,review,,,Revisar manual,low,Zoo Med,Zoomed Reptisand - Desert White 10lbs,Sin categoría Clover y sin patrón reconocido — revisión manual,Revisión manual
7FHZ5W40C5CA4,Z185H Zoomed Eco Carpet (18x36) Breeder 40 Gal Green / Vert,(sans catégorie),16.99,,review,,,Revisar manual,low,Zoo Med,Zoomed Eco Carpet (18x36) Breeder 40 Gal Green / Vert,Sin categoría Clover y sin patrón reconocido — revisión manual,Revisión manual
NYQ34H071SNN8,Z187,(sans catégorie),16.49,,review,,,Revisar manual,low,,Z187,Sin categoría Clover y sin patrón reconocido — revisión manual,Revisión manual
PTW6Y9ANMY448,Z197B Aspen Snake Bedding 8qt,(sans catégorie),11.99,0,product,substrate,Substrat,"Asignar ""Substrat"" en Clover",high,,Aspen Snake Bedding 8qt,"Patrón nombre → Clover ""Substrat"" / sitio ""substrate""",Bulk create Product
T2Y9JE15SWJEA,Z197C Zoomed  Aspen Snake Bedding 24QT,(sans catégorie),29.99,0,product,substrate,Substrat,"Asignar ""Substrat"" en Clover",high,Zoo Med,Zoomed  Aspen Snake Bedding 24QT,"Patrón nombre → Clover ""Substrat"" / sitio ""substrate""",Bulk create Product
ZXCE5XFG597ZR,Z200A ZooMed Aquarocks Natural Aquatic Substrate 10 lbs,(sans catégorie),21.99,,product,substrate,Substrat,"Asignar ""Substrat"" en Clover",high,Zoo Med,ZooMed Aquarocks Natural Aquatic Substrate 10 lbs,"Patrón nombre → Clover ""Substrat"" / sitio ""substrate""",Bulk create Product
2QT9DF49QEAYM,Z200P Aquatic River Pebbles 10 LB.,(sans catégorie),18.99,,review,,,Revisar manual,low,,Aquatic River Pebbles 10 LB.,Sin categoría Clover y sin patrón reconocido — revisión manual,Revisión manual
99SWS1J4GX342,Z201,(sans catégorie),10.99,0,review,,,Revisar manual,low,,Z201,Sin categoría Clover y sin patrón reconocido — revisión manual,Revisión manual
D5887ANP9K0DE,Z202,(sans catégorie),10.99,,review,,,Revisar manual,low,,Z202,Sin categoría Clover y sin patrón reconocido — revisión manual,Revisión manual
ZJKRC6AZC4MDP,Z203,(sans catégorie),15.99,0,review,,,Revisar manual,low,,Z203,Sin categoría Clover y sin patrón reconocido — revisión manual,Revisión manual
0GR6DFN9Z0EFE,Z204 Zoomed Terrarium Moss 30-40 Gallons Xlg,(sans catégorie),18.99,0,product,terrarium,Habitat,"Asignar ""Habitat"" en Clover",high,Zoo Med,Zoomed Terrarium Moss 30-40 Gallons Xlg,"Patrón nombre → Clover ""Habitat"" / sitio ""terrarium""",Bulk create Product
TZ4VKJEA4NTCT,Z207 ZooMed ReptiBark 4Qt,(sans catégorie),9.99,,review,,,Revisar manual,low,Zoo Med,ZooMed ReptiBark 4Qt,Sin categoría Clover y sin patrón reconocido — revisión manual,Revisión manual
AXF9SRRMAQWS2,Z209A Zoomed Repti Soil 4Qt,(sans catégorie),7.49,0,product,substrate,Substrat,"Asignar ""Substrat"" en Clover",high,Zoo Med,Zoomed Repti Soil 4Qt,"Patrón nombre → Clover ""Substrat"" / sitio ""substrate""",Bulk create Product
J8ZSPJHS5146E,Z211 Repti Chips 10qt,(sans catégorie),14.99,0,review,,,Revisar manual,low,,Repti Chips 10qt,Sin categoría Clover y sin patrón reconocido — revisión manual,Revisión manual
3EEA7M71MB1VT,Z212 Reptichips 24qt,(sans catégorie),32.99,0,review,,,Revisar manual,low,,Reptichips 24qt,Sin categoría Clover y sin patrón reconocido — revisión manual,Revisión manual
QG4X573WXJ36T,Z225,(sans catégorie),33.99,,review,,,Revisar manual,low,,Z225,Sin categoría Clover y sin patrón reconocido — revisión manual,Revisión manual
723RJ20BS5HV8,Z230 Zoomed Powersun UV 160 Watt,(sans catégorie),151.99,,review,,,Revisar manual,low,Zoo Med,Zoomed Powersun UV 160 Watt,Sin categoría Clover y sin patrón reconocido — revisión manual,Revisión manual
4GJT5TNBFK4S4,Z232R Splashproof Halogen 50Watt,(sans catégorie),19.99,,review,,,Revisar manual,low,,Splashproof Halogen 50Watt,Sin categoría Clover y sin patrón reconocido — revisión manual,Revisión manual
GBA5YGS7B8C7R,Z232S Splashproof Halogen 75Watt,(sans catégorie),18.99,,review,,,Revisar manual,low,,Splashproof Halogen 75Watt,Sin categoría Clover y sin patrón reconocido — revisión manual,Revisión manual
Z53XMD12REV76,Z232T Splashproof Halogen 90 Watt,(sans catégorie),25.99,0,review,,,Revisar manual,low,,Splashproof Halogen 90 Watt,Sin categoría Clover y sin patrón reconocido — revisión manual,Revisión manual
8S4CR4V0C7ZZG,Z244 Zoomed Infrared Heat Projector 60 Watt,(sans catégorie),44.99,0,product,lighting,Lumiere,"Asignar ""Lumiere"" en Clover",high,Zoo Med,Zoomed Infrared Heat Projector 60 Watt,"Patrón nombre → Clover ""Lumiere"" / sitio ""lighting""",Bulk create Product
XJJCAEFD0B41R,Z244A ZooMed Repticare Heat Projector 100W,(sans catégorie),44.99,0,product,lighting,Lumiere,"Asignar ""Lumiere"" en Clover",high,Zoo Med,ZooMed Repticare Heat Projector 100W,"Patrón nombre → Clover ""Lumiere"" / sitio ""lighting""",Bulk create Product
RDMJ0078HSRJ2,Z251H Reptisun T8 10.0 18'',(sans catégorie),60.00,,review,,,Revisar manual,low,,Reptisun T8 10.0 18'',Sin categoría Clover y sin patrón reconocido — revisión manual,Revisión manual
YJQ1WKYRVSCAJ,"Z252X Reptisun T5 HO 10.0 UVB 24W / 22"" Lamp",(sans catégorie),45.99,0,product,lighting,Lumiere,"Asignar ""Lumiere"" en Clover",high,,"Reptisun T5 HO 10.0 UVB 24W / 22"" Lamp","Patrón nombre → Clover ""Lumiere"" / sitio ""lighting""",Bulk create Product
6F42975YBBBQ4,Z253 T8 36'' Reptisun 5.0 25W,(sans catégorie),51.99,,review,,,Revisar manual,low,,T8 36'' Reptisun 5.0 25W,Sin categoría Clover y sin patrón reconocido — revisión manual,Revisión manual
NJ5QCYMP4DFAC,Z263 Zoomed Repti Basking Spot Lamp 150W,(sans catégorie),18.99,0,product,lighting,Lumiere,"Asignar ""Lumiere"" en Clover",high,Zoo Med,Zoomed Repti Basking Spot Lamp 150W,"Patrón nombre → Clover ""Lumiere"" / sitio ""lighting""",Bulk create Product
3HEZW9XQTFC0A,Z275 Nat. Flora Reptivine,(sans catégorie),13.99,,review,,,Revisar manual,low,,Nat. Flora Reptivine,Sin categoría Clover y sin patrón reconocido — revisión manual,Revisión manual
H3NT18A83CRB8,Z278 Silver Mullein,(sans catégorie),24.99,,review,,,Revisar manual,low,,Silver Mullein,Sin categoría Clover y sin patrón reconocido — revisión manual,Revisión manual
BFHV2Z255Y8S6,Z278A Euphorbia,(sans catégorie),24.99,,review,,,Revisar manual,low,,Euphorbia,Sin categoría Clover y sin patrón reconocido — revisión manual,Revisión manual
81YH5CQAQSTPT,Z278B  Green Aloe,(sans catégorie),11.99,,review,,,Revisar manual,low,,Green Aloe,Sin categoría Clover y sin patrón reconocido — revisión manual,Revisión manual
TKRASRVYSJ93A,Z278C Red Leaf Stonecrop,(sans catégorie),12.99,,product,decor,Decoration,"Asignar ""Decoration"" en Clover",medium,,Red Leaf Stonecrop,"Patrón nombre → Clover ""Decoration"" / sitio ""decor""",Bulk create Product
RDRCQ7RTF1G7M,Z278D Burro's Tail,(sans catégorie),15.99,,review,,,Revisar manual,low,,Burro's Tail,Sin categoría Clover y sin patrón reconocido — revisión manual,Revisión manual
ZJ7QGABKXRSNA,Z278E Tree Houseleek,(sans catégorie),13.99,0,review,,,Revisar manual,low,,Tree Houseleek,Sin categoría Clover y sin patrón reconocido — revisión manual,Revisión manual
4RWR8QBAW4AR8,Z281 Nano Dome Lamp Fixture,(sans catégorie),30.99,,review,,,Revisar manual,low,,Nano Dome Lamp Fixture,Sin categoría Clover y sin patrón reconocido — revisión manual,Revisión manual
GNVRWZX86EFET,Z282 ZooMed Nano Combo Dome Lamp Fixture,(sans catégorie),63.99,0,review,,,Revisar manual,low,Zoo Med,ZooMed Nano Combo Dome Lamp Fixture,Sin categoría Clover y sin patrón reconocido — revisión manual,Revisión manual
4GZ85CET60AAA,Z282A ZooMed Nano Combo Dome Hold Down Kit,(sans catégorie),8.99,,review,,,Revisar manual,low,Zoo Med,ZooMed Nano Combo Dome Hold Down Kit,Sin categoría Clover y sin patrón reconocido — revisión manual,Revisión manual
G0JEDSFG57VFM,Z289 Zoomed Terra Effects Model 2 (nano led w/sound),(sans catégorie),183.99,,review,,,Revisar manual,low,Zoo Med,Zoomed Terra Effects Model 2 (nano led w/sound),Sin categoría Clover y sin patrón reconocido — revisión manual,Revisión manual
EAPVJ84198KR2,Z290L,(sans catégorie),14.99,0,review,,,Revisar manual,low,,Z290L,Sin categoría Clover y sin patrón reconocido — revisión manual,Revisión manual
QE0EVP1PEQFEW,Z290S Zoomed Plante De Plastique Mexican Phyllo Small,(sans catégorie),7.49,0,review,,,Revisar manual,low,Zoo Med,Zoomed Plante De Plastique Mexican Phyllo Small,Sin categoría Clover y sin patrón reconocido — revisión manual,Revisión manual
6TTHFEZ99XYZP,Z291L,(sans catégorie),14.99,,review,,,Revisar manual,low,,Z291L,Sin categoría Clover y sin patrón reconocido — revisión manual,Revisión manual
FKTJ2PAFQ8W2R,Z291S,(sans catégorie),6.99,,review,,,Revisar manual,low,,Z291S,Sin categoría Clover y sin patrón reconocido — revisión manual,Revisión manual
PMFNVRG49M4WA,Z292L,(sans catégorie),14.99,,review,,,Revisar manual,low,,Z292L,Sin categoría Clover y sin patrón reconocido — revisión manual,Revisión manual
KGQ9G4BYD5MNW,Z292S,(sans catégorie),6.99,0,review,,,Revisar manual,low,,Z292S,Sin categoría Clover y sin patrón reconocido — revisión manual,Revisión manual
EVSW30ZT43JK6,Z293M,(sans catégorie),8.99,,review,,,Revisar manual,low,,Z293M,Sin categoría Clover y sin patrón reconocido — revisión manual,Revisión manual
PW4T6AC200P7M,Z293S,(sans catégorie),6.99,0,review,,,Revisar manual,low,,Z293S,Sin categoría Clover y sin patrón reconocido — revisión manual,Revisión manual
759YZXERMF6EE,Z294L,(sans catégorie),13.99,,review,,,Revisar manual,low,,Z294L,Sin categoría Clover y sin patrón reconocido — revisión manual,Revisión manual
3KTXJ92TMC90P,Z294S,(sans catégorie),6.99,0,review,,,Revisar manual,low,,Z294S,Sin categoría Clover y sin patrón reconocido — revisión manual,Revisión manual
29REE459BNQTE,Z295L Zoomed Plante Plastique Bolivian Croton Lg,(sans catégorie),14.99,0,review,,,Revisar manual,low,Zoo Med,Zoomed Plante Plastique Bolivian Croton Lg,Sin categoría Clover y sin patrón reconocido — revisión manual,Revisión manual
3XYEDA1JQ93TP,Z295M,(sans catégorie),8.99,,review,,,Revisar manual,low,,Z295M,Sin categoría Clover y sin patrón reconocido — revisión manual,Revisión manual
VVMH5M1E47YBT,Z295S,(sans catégorie),6.99,0,review,,,Revisar manual,low,,Z295S,Sin categoría Clover y sin patrón reconocido — revisión manual,Revisión manual
Y6538A49VDT0A,Z296L,(sans catégorie),13.99,,review,,,Revisar manual,low,,Z296L,Sin categoría Clover y sin patrón reconocido — revisión manual,Revisión manual
RHMTWHKFXD3K4,Z296M,(sans catégorie),8.99,,review,,,Revisar manual,low,,Z296M,Sin categoría Clover y sin patrón reconocido — revisión manual,Revisión manual
SPGV53T6XNFYW,Z296S,(sans catégorie),6.99,,review,,,Revisar manual,low,,Z296S,Sin categoría Clover y sin patrón reconocido — revisión manual,Revisión manual
ZGXSYM1GVS8JT,Z297L Plastic Plant Borneo Star Large,(sans catégorie),13.99,,review,,,Revisar manual,low,,Plastic Plant Borneo Star Large,Sin categoría Clover y sin patrón reconocido — revisión manual,Revisión manual
6ZSW1PYAEY0XW,Z297S,(sans catégorie),6.99,,review,,,Revisar manual,low,,Z297S,Sin categoría Clover y sin patrón reconocido — revisión manual,Revisión manual
V4K22Q6NX6TQ6,Z298L,(sans catégorie),13.99,,review,,,Revisar manual,low,,Z298L,Sin categoría Clover y sin patrón reconocido — revisión manual,Revisión manual
6V3F5JXWXECNW,Z298M,(sans catégorie),9.99,,review,,,Revisar manual,low,,Z298M,Sin categoría Clover y sin patrón reconocido — revisión manual,Revisión manual
SFAQW98BRQNRC,Z298S Plastic Plant Cashuarina Small,(sans catégorie),6.99,,review,,,Revisar manual,low,,Plastic Plant Cashuarina Small,Sin categoría Clover y sin patrón reconocido — revisión manual,Revisión manual
9N0GHCRHAX5N6,Z299S,(sans catégorie),6.99,,review,,,Revisar manual,low,,Z299S,Sin categoría Clover y sin patrón reconocido — revisión manual,Revisión manual
83H66EM732CBC,Z313 Arboreal Feeding Platform,(sans catégorie),28.99,0,review,,,Revisar manual,low,,Arboreal Feeding Platform,Sin categoría Clover y sin patrón reconocido — revisión manual,Revisión manual
CPJKT2F7B39DT,Z313A Arboreal Feeding Cup,(sans catégorie),5.99,,review,,,Revisar manual,low,,Arboreal Feeding Cup,Sin categoría Clover y sin patrón reconocido — revisión manual,Revisión manual
MXT7CZP9TW0SA,Z313B Refill Cups for Arboreal Feeding (12),(sans catégorie),5.99,0,review,,,Revisar manual,low,,Refill Cups for Arboreal Feeding (12),Sin categoría Clover y sin patrón reconocido — revisión manual,Revisión manual
KFMMDJGP4Q5DY,Z315,(sans catégorie),7.99,,review,,,Revisar manual,low,,Z315,Sin categoría Clover y sin patrón reconocido — revisión manual,Revisión manual
WFR33APH0VKHR,Z316,(sans catégorie),8.99,,review,,,Revisar manual,low,,Z316,Sin categoría Clover y sin patrón reconocido — revisión manual,Revisión manual
K4NFZC5M3JPRR,Z329,(sans catégorie),39.74,,review,,,Revisar manual,low,,Z329,Sin categoría Clover y sin patrón reconocido — revisión manual,Revisión manual
2YNXMK7KW5QY2,Z467 Betta Food 4.5g,(sans catégorie),3.39,,review,,,Revisar manual,low,,Betta Food 4.5g,Sin categoría Clover y sin patrón reconocido — revisión manual,Revisión manual
G741B7AKQTHC2,Z551 ZooMed Reptisafe Water Cond. 4.25oz,(sans catégorie),7.99,,review,,,Revisar manual,low,Zoo Med,ZooMed Reptisafe Water Cond. 4.25oz,Sin categoría Clover y sin patrón reconocido — revisión manual,Revisión manual
6DSCY15QPVMV2,Z552 ZooMed Reptisafe Water Cond. 8.75,(sans catégorie),11.49,,review,,,Revisar manual,low,Zoo Med,ZooMed Reptisafe Water Cond. 8.75,Sin categoría Clover y sin patrón reconocido — revisión manual,Revisión manual
VHFPJ32S699HE,Z558 Reptile Electrolyte Soak 8oz.,(sans catégorie),11.99,0,product,supplement,Supplement,"Asignar ""Supplement"" en Clover",medium,,Reptile Electrolyte Soak 8oz.,"Patrón nombre → Clover ""Supplement"" / sitio ""supplement""",Bulk create Product
33SR7EF4427RJ,Z559 Reptile Electrolyte Soak 16oz.,(sans catégorie),16.99,,product,supplement,Supplement,"Asignar ""Supplement"" en Clover",medium,,Reptile Electrolyte Soak 16oz.,"Patrón nombre → Clover ""Supplement"" / sitio ""supplement""",Bulk create Product
4Q830T4SMBPJ8,Z565,(sans catégorie),2.50,,review,,,Revisar manual,low,,Z565,Sin categoría Clover y sin patrón reconocido — revisión manual,Revisión manual
PZN0F2H6WGBJJ,Z566 Repti Turtle Eye Drops,(sans catégorie),6.99,,review,,,Revisar manual,low,,Repti Turtle Eye Drops,Sin categoría Clover y sin patrón reconocido — revisión manual,Revisión manual
5WRMXQ3WEP2RY,Z567 Repti Shedding Aid 2.25oz,(sans catégorie),9.50,0,review,,,Revisar manual,low,,Repti Shedding Aid 2.25oz,Sin categoría Clover y sin patrón reconocido — revisión manual,Revisión manual
ZJTMKDYGZGVRG,Z570,(sans catégorie),4.99,,review,,,Revisar manual,low,,Z570,Sin categoría Clover y sin patrón reconocido — revisión manual,Revisión manual
D5T7RKQCXJS50,Z575 Wipe Out Glass Cleaner 16oz,(sans catégorie),17.99,0,review,,,Revisar manual,low,,Wipe Out Glass Cleaner 16oz,Sin categoría Clover y sin patrón reconocido — revisión manual,Revisión manual
2RY2SV0CZEEN2,Z576 Wipe Out #1 (4.25 oz),(sans catégorie),7.99,0,review,,,Revisar manual,low,,Wipe Out #1 (4.25 oz),Sin categoría Clover y sin patrón reconocido — revisión manual,Revisión manual
G12SS3V512G50,Z577 Wipe Out #1 (8.75 oz),(sans catégorie),12.99,0,review,,,Revisar manual,low,,Wipe Out #1 (8.75 oz),Sin categoría Clover y sin patrón reconocido — revisión manual,Revisión manual
FX2ESNV648ZZT,Z578 Zoomed Wipe Out 1  32oz,(sans catégorie),34.49,0,review,,,Revisar manual,low,Zoo Med,Zoomed Wipe Out 1  32oz,Sin categoría Clover y sin patrón reconocido — revisión manual,Revisión manual
8QFXYTV9TPP82,"Z600 Reptitherm Habitat Heater 18"" x 18""",(sans catégorie),109.99,,product,lighting,Lumiere,"Asignar ""Lumiere"" en Clover",high,,"Reptitherm Habitat Heater 18"" x 18""","Patrón nombre → Clover ""Lumiere"" / sitio ""lighting""",Bulk create Product
VTP7MJQ79ZB0R,Z602 Zoomed Tortoise House 24 x 36 x 12,(sans catégorie),232.99,,review,,,Revisar manual,low,Zoo Med,Zoomed Tortoise House 24 x 36 x 12,Sin categoría Clover y sin patrón reconocido — revisión manual,Revisión manual
FATC5JD1S4NJW,"Z603 Aquatic Turtle Tub 39"" X 21"" X  16""",(sans catégorie),266.99,,review,,,Revisar manual,low,,"Aquatic Turtle Tub 39"" X 21"" X  16""",Sin categoría Clover y sin patrón reconocido — revisión manual,Revisión manual
PXNAFA43RG7PG,Z604 Aquatic Turtle Habitat Kit,(sans catégorie),577.99,,review,,,Revisar manual,low,,Aquatic Turtle Habitat Kit,Sin categoría Clover y sin patrón reconocido — revisión manual,Revisión manual
0YF3XTPVPNTG6,Z6811 Tortoise Flower Food Topper 1.4 oz,(sans catégorie),10.99,,review,,,Revisar manual,low,,Tortoise Flower Food Topper 1.4 oz,Sin categoría Clover y sin patrón reconocido — revisión manual,Revisión manual
1N01M8CV51RBP,Z6812 Tortoise Flower Food Topper 12 oz.,(sans catégorie),62.99,0,review,,,Revisar manual,low,,Tortoise Flower Food Topper 12 oz.,Sin categoría Clover y sin patrón reconocido — revisión manual,Revisión manual
Z6PCV790KG1E8,Z682 Zoomed Lizard Flower Food Topper 0.21oz,(sans catégorie),3.99,0,review,,,Revisar manual,low,Zoo Med,Zoomed Lizard Flower Food Topper 0.21oz,Sin categoría Clover y sin patrón reconocido — revisión manual,Revisión manual
9Y8JV8MHZ6HCJ,Z6821 Lizard Flower Food Topper 1.4oz,(sans catégorie),10.99,,review,,,Revisar manual,low,,Lizard Flower Food Topper 1.4oz,Sin categoría Clover y sin patrón reconocido — revisión manual,Revisión manual
23G2KEAKBHSER,Z6822 Lizard Flower Food Topper 8.5oz,(sans catégorie),62.99,0,review,,,Revisar manual,low,,Lizard Flower Food Topper 8.5oz,Sin categoría Clover y sin patrón reconocido — revisión manual,Revisión manual
2AYGQ988VXAXY,Z693 Gourmet Bearded Dragon Food 8.25oz,(sans catégorie),14.99,,animal,,Lezard,"Asignar ""Lezard"" en Clover",medium,,Gourmet Bearded Dragon Food 8.25oz,"Nombre sugiere animal vivo → categoría Clover existente ""Lezard""",Créer Animal (no Product)
42S41T38NQH5J,Z703 ZooMed Aqua. Turtle Growth Food 13oz,(sans catégorie),11.99,,review,,,Revisar manual,low,Zoo Med,ZooMed Aqua. Turtle Growth Food 13oz,Sin categoría Clover y sin patrón reconocido — revisión manual,Revisión manual
XRM78YPFQBXAE,Z706 Zoomed Aquatic Turtle Hatchling Food 1.6 oz,(sans catégorie),4.50,,review,,,Revisar manual,low,Zoo Med,Zoomed Aquatic Turtle Hatchling Food 1.6 oz,Sin categoría Clover y sin patrón reconocido — revisión manual,Revisión manual
KCXYJKBT7P776,Z707  Aq. Turtle Hatchling Food 7.5oz,(sans catégorie),10.99,0,review,,,Revisar manual,low,,Aq. Turtle Hatchling Food 7.5oz,Sin categoría Clover y sin patrón reconocido — revisión manual,Revisión manual
HDDT1BE6WJKF2,Z7071 Aq. Turtle Hatchling Food 15oz,(sans catégorie),17.99,0,review,,,Revisar manual,low,,Aq. Turtle Hatchling Food 15oz,Sin categoría Clover y sin patrón reconocido — revisión manual,Revisión manual
NEST1MBYTTYDP,Z7131 Forest Tortoise Food 15oz,(sans catégorie),17.99,0,review,,,Revisar manual,low,,Forest Tortoise Food 15oz,Sin categoría Clover y sin patrón reconocido — revisión manual,Revisión manual
3778N3Y0G2CAM,Z722 ZooMed Can O'Grubs,(sans catégorie),6.99,,review,,,Revisar manual,low,Zoo Med,ZooMed Can O'Grubs,Sin categoría Clover y sin patrón reconocido — revisión manual,Revisión manual
9NWVXK6EV7KK6,Z724,(sans catégorie),8.49,,review,,,Revisar manual,low,,Z724,Sin categoría Clover y sin patrón reconocido — revisión manual,Revisión manual
Q4YHS975EV2HA,Z730B,(sans catégorie),6.99,,review,,,Revisar manual,low,,Z730B,Sin categoría Clover y sin patrón reconocido — revisión manual,Revisión manual
DP993R3TQG8PC,Z731B Zoomed Red Shrimp 10oz,(sans catégorie),29.99,,review,,,Revisar manual,low,Zoo Med,Zoomed Red Shrimp 10oz,Sin categoría Clover y sin patrón reconocido — revisión manual,Revisión manual
QG7346KQNGPBM,Z735 ZooMed Aquatic Newt Food,(sans catégorie),5.99,,review,,,Revisar manual,low,Zoo Med,ZooMed Aquatic Newt Food,Sin categoría Clover y sin patrón reconocido — revisión manual,Revisión manual
Z4PJ25ZVYX67E,Z775 Crested Gecko Food Watermelon 2oz,(sans catégorie),8.49,0,animal,,Lezard,"Asignar ""Lezard"" en Clover",medium,,Crested Gecko Food Watermelon 2oz,"Nombre sugiere animal vivo → categoría Clover existente ""Lezard""",Créer Animal (no Product)
WSK6Y6KSKHFXE,Z775A,(sans catégorie),13.99,,review,,,Revisar manual,low,,Z775A,Sin categoría Clover y sin patrón reconocido — revisión manual,Revisión manual
VN5R96EDXAECC,Z775C Crested Gecko Food Watermelon 1 LB. Bag,(sans catégorie),55.99,,animal,,Lezard,"Asignar ""Lezard"" en Clover",medium,,Crested Gecko Food Watermelon 1 LB. Bag,"Nombre sugiere animal vivo → categoría Clover existente ""Lezard""",Créer Animal (no Product)
JXN4QRDR7RK84,Z776 Crested Gecko Food 2oz,(sans catégorie),8.49,,animal,,Lezard,"Asignar ""Lezard"" en Clover",medium,,Crested Gecko Food 2oz,"Nombre sugiere animal vivo → categoría Clover existente ""Lezard""",Créer Animal (no Product)
M44F7FVFXKC32,Z776A,(sans catégorie),13.99,,review,,,Revisar manual,low,,Z776A,Sin categoría Clover y sin patrón reconocido — revisión manual,Revisión manual
NXHKDAYBCZEDT,Z776C Crested Gecko Food Tropical Fruit 1 LB. Bag,(sans catégorie),55.99,,animal,,Lezard,"Asignar ""Lezard"" en Clover",medium,,Crested Gecko Food Tropical Fruit 1 LB. Bag,"Nombre sugiere animal vivo → categoría Clover existente ""Lezard""",Créer Animal (no Product)
EB6MEMEN3PTEP,Z777,(sans catégorie),8.49,0,review,,,Revisar manual,low,,Z777,Sin categoría Clover y sin patrón reconocido — revisión manual,Revisión manual
Y92HSRKWQ5MFY,Z777C Crested Gecko Food Plum,(sans catégorie),53.99,,animal,,Lezard,"Asignar ""Lezard"" en Clover",medium,,Crested Gecko Food Plum,"Nombre sugiere animal vivo → categoría Clover existente ""Lezard""",Créer Animal (no Product)
4185F4QVCAPYM,Z778 Crested Gecko food BB 2oz,(sans catégorie),8.49,0,animal,,Lezard,"Asignar ""Lezard"" en Clover",medium,,Crested Gecko food BB 2oz,"Nombre sugiere animal vivo → categoría Clover existente ""Lezard""",Créer Animal (no Product)
MFB1NPD0Y7R1Y,Z781,(sans catégorie),9.99,,review,,,Revisar manual,low,,Z781,Sin categoría Clover y sin patrón reconocido — revisión manual,Revisión manual
DKHG65983NY16,Z846 Aquarium sans monture Purevue 5.5g avec lumière,(sans catégorie),349.99,,review,,,Revisar manual,low,,Aquarium sans monture Purevue 5.5g avec lumière,Sin categoría Clover y sin patrón reconocido — revisión manual,Revisión manual
9A3ERQ2ZCBM1M,Z850 Zoomed Steampunk Copper Bear Skull,(sans catégorie),18.99,,review,,,Revisar manual,low,Zoo Med,Zoomed Steampunk Copper Bear Skull,Sin categoría Clover y sin patrón reconocido — revisión manual,Revisión manual
7FY1GDP8Q2TQ2,Z941 Creature Dome Lamp Fixture,(sans catégorie),30.99,0,review,,,Revisar manual,low,,Creature Dome Lamp Fixture,Sin categoría Clover y sin patrón reconocido — revisión manual,Revisión manual
FATJPCGWEFHDP,Z942 Zoomed Creatures Led Black Light 5W,(sans catégorie),25.50,,review,,,Revisar manual,low,Zoo Med,Zoomed Creatures Led Black Light 5W,Sin categoría Clover y sin patrón reconocido — revisión manual,Revisión manual
81YX2T7TW2HWR,Z943 Zoomed Creatures Led Lamp 5W,(sans catégorie),17.99,,review,,,Revisar manual,low,Zoo Med,Zoomed Creatures Led Lamp 5W,Sin categoría Clover y sin patrón reconocido — revisión manual,Revisión manual
W2EN2QCK75BJ6,Z949 Creatures Floor 1Qt,(sans catégorie),3.00,,review,,,Revisar manual,low,,Creatures Floor 1Qt,Sin categoría Clover y sin patrón reconocido — revisión manual,Revisión manual
FHD3XDF5V2EWG,Z952 Zoomed Creatures White Sand 2lb,(sans catégorie),6.49,,review,,,Revisar manual,low,Zoo Med,Zoomed Creatures White Sand 2lb,Sin categoría Clover y sin patrón reconocido — revisión manual,Revisión manual
1CJQSV9KC42E2,Z953 Zoomed Creatures Climbing Branch,(sans catégorie),12.99,,product,decor,Decoration,"Asignar ""Decoration"" en Clover",medium,Zoo Med,Zoomed Creatures Climbing Branch,"Patrón nombre → Clover ""Decoration"" / sitio ""decor""",Bulk create Product
F5JSYRJGRK9X2,Z954 Zoomed Creature View Magnifier,(sans catégorie),11.99,,review,,,Revisar manual,low,Zoo Med,Zoomed Creature View Magnifier,Sin categoría Clover y sin patrón reconocido — revisión manual,Revisión manual
53DJEHB358CFJ,Z958 Zoomed Creatures Rock Bowl,(sans catégorie),3.99,,review,,,Revisar manual,low,Zoo Med,Zoomed Creatures Rock Bowl,Sin categoría Clover y sin patrón reconocido — revisión manual,Revisión manual
B13BRABY170GG,Z959 Zoomed Creatures Feeding Tongs,(sans catégorie),4.99,0,review,,,Revisar manual,low,Zoo Med,Zoomed Creatures Feeding Tongs,Sin categoría Clover y sin patrón reconocido — revisión manual,Revisión manual
VRSGGY80KN914,Z963A ReptiHabitat 40G. Aquatic Turtle Kit,(sans catégorie),535.99,,review,,,Revisar manual,low,,ReptiHabitat 40G. Aquatic Turtle Kit,Sin categoría Clover y sin patrón reconocido — revisión manual,Revisión manual
5HPKWZC9R9QF0,Z964B Zoomed Reptihabitat 20 Gal. Juv. Aquatic Turtle Kit,(sans catégorie),382.99,,review,,,Revisar manual,low,Zoo Med,Zoomed Reptihabitat 20 Gal. Juv. Aquatic Turtle Kit,Sin categoría Clover y sin patrón reconocido — revisión manual,Revisión manual
REXW4W3CVSN9M,Z966A Zoomed Creatures Habitat Kit 3 Gal.,(sans catégorie),57.99,,review,,,Revisar manual,low,Zoo Med,Zoomed Creatures Habitat Kit 3 Gal.,Sin categoría Clover y sin patrón reconocido — revisión manual,Revisión manual
82BM46GPX6J8R,Z966B Zoomed Creatures Den Low Profile 6 gal,(sans catégorie),92.99,0,review,,,Revisar manual,low,Zoo Med,Zoomed Creatures Den Low Profile 6 gal,Sin categoría Clover y sin patrón reconocido — revisión manual,Revisión manual
4ASGYYDX9EESA,Z967 Zoomed Frog Terrarium Kit 12x12x18,(sans catégorie),157.99,,animal,,Amphibien,"Asignar ""Amphibien"" en Clover",medium,Zoo Med,Zoomed Frog Terrarium Kit 12x12x18,"Nombre sugiere animal vivo → categoría Clover existente ""Amphibien""",Créer Animal (no Product)
4DPQE9TMKHS7W,Z976 Paludarium UVB & Plante Growth Lighting Kit,(sans catégorie),79.99,,product,terrarium,Habitat,"Asignar ""Habitat"" en Clover",high,Zoo Med,Paludarium UVB & Plante Growth Lighting Kit,"Patrón nombre → Clover ""Habitat"" / sitio ""terrarium""",Bulk create Product
RYBDXAAY6R4N0,Z977 Paludarium Filter 10GAL,(sans catégorie),28.99,,product,terrarium,Habitat,"Asignar ""Habitat"" en Clover",high,Zoo Med,Paludarium Filter 10GAL,"Patrón nombre → Clover ""Habitat"" / sitio ""terrarium""",Bulk create Product
WDE3GBVVHNTXT,Z977RC Paludarium Filter 10 Repl. Cartridge,(sans catégorie),5.99,,product,terrarium,Habitat,"Asignar ""Habitat"" en Clover",high,Zoo Med,Paludarium Filter 10 Repl. Cartridge,"Patrón nombre → Clover ""Habitat"" / sitio ""terrarium""",Bulk create Product
HNQ22T5DZ1HNT,Z978 Paludarium Filter 20GAL,(sans catégorie),36.99,,product,terrarium,Habitat,"Asignar ""Habitat"" en Clover",high,Zoo Med,Paludarium Filter 20GAL,"Patrón nombre → Clover ""Habitat"" / sitio ""terrarium""",Bulk create Product
GD15294JZ7FGR,Z978RC Paludarium Filter 20 Repl. Cartridge,(sans catégorie),8.99,,product,terrarium,Habitat,"Asignar ""Habitat"" en Clover",high,Zoo Med,Paludarium Filter 20 Repl. Cartridge,"Patrón nombre → Clover ""Habitat"" / sitio ""terrarium""",Bulk create Product
H3N52Q1KFHJ08,Z979 Paludarium Heater 25W,(sans catégorie),36.99,,product,terrarium,Habitat,"Asignar ""Habitat"" en Clover",high,Zoo Med,Paludarium Heater 25W,"Patrón nombre → Clover ""Habitat"" / sitio ""terrarium""",Bulk create Product
454YP65BSG5MJ,Z979A Paludarium Heater 50W,(sans catégorie),36.99,,product,terrarium,Habitat,"Asignar ""Habitat"" en Clover",high,Zoo Med,Paludarium Heater 50W,"Patrón nombre → Clover ""Habitat"" / sitio ""terrarium""",Bulk create Product
H9BJ5N3Y2FEH0,Z979B Paludarium Heater 100W,(sans catégorie),43.99,,product,terrarium,Habitat,"Asignar ""Habitat"" en Clover",high,Zoo Med,Paludarium Heater 100W,"Patrón nombre → Clover ""Habitat"" / sitio ""terrarium""",Bulk create Product
K7DXC8XQQ8ZHT,Z990 ZooMed Naturalistic Terrarium Repti Lock,(sans catégorie),9.99,,product,terrarium,Habitat,"Asignar ""Habitat"" en Clover",high,Zoo Med,ZooMed Naturalistic Terrarium Repti Lock,"Patrón nombre → Clover ""Habitat"" / sitio ""terrarium""",Bulk create Product
JDSH884ADA5AJ,"Z994 PVC Terrarium 24x24x48"" (120gallon) With Glass Door",(sans catégorie),720.00,0,product,terrarium,Habitat,"Asignar ""Habitat"" en Clover",high,Zoo Med,"PVC Terrarium 24x24x48"" (120gallon) With Glass Door","Patrón nombre → Clover ""Habitat"" / sitio ""terrarium""",Bulk create Product
66RTJ80YVQKVY,Z995 (NT-1),(sans catégorie),147.99,,product,terrarium,Habitat,"Asignar ""Habitat"" en Clover",high,Zoo Med,Z995 (NT-1),"Patrón nombre → Clover ""Habitat"" / sitio ""terrarium""",Bulk create Product
5C52K8NVSYBWP,Zoomed Eco Earth Coconut Chips 1lb,(sans catégorie),5.99,0,review,,,Revisar manual,low,Zoo Med,Zoomed Eco Earth Coconut Chips 1lb,Sin categoría Clover y sin patrón reconocido — revisión manual,Revisión manual
2D07Y2XA142D0,Zoomed Madagascar Bamboo Large,(sans catégorie),14.99,0,review,,,Revisar manual,low,Zoo Med,Zoomed Madagascar Bamboo Large,Sin categoría Clover y sin patrón reconocido — revisión manual,Revisión manual
R56JNPC15NMT2,Zoomed Malaysian Fern Large,(sans catégorie),14.99,0,review,,,Revisar manual,low,Zoo Med,Zoomed Malaysian Fern Large,Sin categoría Clover y sin patrón reconocido — revisión manual,Revisión manual
F269GY35ZS6R0,Zoomed Multiport Fogger Attachment,(sans catégorie),18.99,0,review,,,Revisar manual,low,Zoo Med,Zoomed Multiport Fogger Attachment,Sin categoría Clover y sin patrón reconocido — revisión manual,Revisión manual
XXJY3ZSEEX4J6,Zoomed Repti Fogger,(sans catégorie),130.99,0,review,,,Revisar manual,low,Zoo Med,Zoomed Repti Fogger,Sin categoría Clover y sin patrón reconocido — revisión manual,Revisión manual
76NSWYAGN5GFP,Zoomed Repti Rock Water Dish L,(sans catégorie),25.99,0,review,,,Revisar manual,low,Zoo Med,Zoomed Repti Rock Water Dish L,Sin categoría Clover y sin patrón reconocido — revisión manual,Revisión manual
QA9XJ2TFJ8VTM,boa régulier femelle,(sans catégorie),150.00,0,animal,,Serpent,"Asignar ""Serpent"" en Clover",medium,,boa régulier femelle,"Nombre sugiere animal vivo → categoría Clover existente ""Serpent""",Créer Animal (no Product)
MTW3T7Z9G6V4T,hamster,(sans catégorie),4.00,0,animal,,Rongeur,"Asignar ""Rongeur"" en Clover",medium,,hamster,"Nombre sugiere animal vivo → categoría Clover existente ""Rongeur""",Créer Animal (no Product)
SXC3A8KBQ9VF6,poisson congelé 116g et +,(sans catégorie),5.00,0,product,food_frozen,Nourriture,"Asignar ""Nourriture"" en Clover",medium,,poisson congelé 116g et +,"Patrón nombre → Clover ""Nourriture"" / sitio ""food_frozen""",Bulk create Product
MDN1RR6RJG8WJ,z244B ZooMed Repticare Heat Projector 150W,(sans catégorie),51.99,0,product,lighting,Lumiere,"Asignar ""Lumiere"" en Clover",high,Zoo Med,z244B ZooMed Repticare Heat Projector 150W,"Patrón nombre → Clover ""Lumiere"" / sitio ""lighting""",Bulk create Product
4PE9SDE0K9FR0,z244C ZooMed Infrared Heat Projector 35w,(sans catégorie),44.99,0,product,lighting,Lumiere,"Asignar ""Lumiere"" en Clover",high,Zoo Med,z244C ZooMed Infrared Heat Projector 35w,"Patrón nombre → Clover ""Lumiere"" / sitio ""lighting""",Bulk create Product
3AJ87SACG2GYP,z253H T8 36'' 10.0 25w,(sans catégorie),64.99,,review,,,Revisar manual,low,,z253H T8 36'' 10.0 25w,Sin categoría Clover y sin patrón reconocido — revisión manual,Revisión manual
QPW12QWHPT6DA,z681 Tortoise Flower Topper 0.21,(sans catégorie),3.75,0,review,,,Revisar manual,low,,z681 Tortoise Flower Topper 0.21,Sin categoría Clover y sin patrón reconocido — revisión manual,Revisión manual