productId,cloverItemId,nameFr,currentSiteCategory,cloverCategory,suggestedSiteCategory,needsRecategorization,stockQty,hasDescription,hasImage,brand,cleanNameFr,publishReady
c2ece3ab-7857-445d-a3f3-708273e5b817,QV7XGQ1R471CR,78383 Zoomed Roly-Poly Kit,terrarium,Habitat,terrarium,No,0,No,No,La Swamp / misc SKU,Zoomed Roly-Poly Kit,No — falta stock/imagen
924d60b7-f03f-47c0-98a2-0ec1677010cb,AW0953G2MYFBY,AF Creation Habitat Imprimé,terrarium,Habitat,terrarium,No,0,No,No,,Creation Habitat Imprimé,No — falta stock/imagen
8a77d868-7a48-4fb0-8db6-953b5f72b78a,C2M7X5TWD4VNC,Cage Atasuki Used,terrarium,Habitat,terrarium,No,0,No,No,Atasuki,Cage Atasuki Used,No — falta stock/imagen
c8594393-78f9-4616-b926-61b544fe34e5,MKGDET86FK3WP,Cage Used,terrarium,Habitat,terrarium,No,0,No,No,,Cage Used,No — falta stock/imagen
42a4f839-08b7-4635-99f1-55a63347ad7a,ZFHXFXGNFW224,PT2255 Faunarium ExoTerra  (petit),terrarium,Habitat,terrarium,No,0,No,No,Exo Terra,Faunarium ExoTerra  (petit),No — falta stock/imagen
c1bdc004-531d-45ff-ad77-e7efef8cd4f0,GM2PARY3M7AYR,PT2260 Faunarium Exo Terra (moyen),terrarium,Habitat,terrarium,No,0,No,No,Exo Terra,Faunarium Exo Terra (moyen),No — falta stock/imagen
b0ef0e07-f636-457d-a783-6f74af550ebc,T8EJ90FN4J90P,PT2265 Faunarium Exo Terra (grand),terrarium,Habitat,terrarium,No,0,No,No,Exo Terra,Faunarium Exo Terra (grand),No — falta stock/imagen
698359bb-35c1-49fb-8f23-ebf6a46069a3,3TGTGR06FRQ2Y,PT2287 Habitat pour Grillons (grand),terrarium,Habitat,terrarium,No,0,No,No,Exo Terra,Habitat pour Grillons (grand),No — falta stock/imagen
d9303283-e8ac-4826-aa76-bff2d3bfcfc0,8956XQPP1Y1H6,PT2300 Faunarium Plat  avec Séparateur (moyen),terrarium,Habitat,terrarium,No,0,No,No,Exo Terra,Faunarium Plat  avec Séparateur (moyen),No — falta stock/imagen
866e5781-218d-437c-9034-352e62858c2a,FHFXEDKGEDV1W,PT2310 Exo Terra Faunarium Flat Home (Large),terrarium,Habitat,terrarium,No,0,No,No,Exo Terra,Exo Terra Faunarium Flat Home (Large),No — falta stock/imagen
b387ff30-06d7-43db-9327-cb51b9915db4,XFPYHYRXJAMNP,Z981 ZooMed Terrarium Mesh,terrarium,Habitat,terrarium,No,0,No,No,Zoo Med,ZooMed Terrarium Mesh,No — falta stock/imagen
265e2b21-1e55-4020-8702-cb8a4bab6ab3,KHTJE34VFS61J,Z995A Nat. Terrarium 12''x 12''x 18'' (NT-2),terrarium,Habitat,terrarium,No,0,No,No,Zoo Med,Nat. Terrarium 12''x 12''x 18'' (NT-2),No — falta stock/imagen
a86e8e2f-c829-4311-9af8-0dfeed520682,N868PYX6YYRV8,Z995B Large Terrarium 18x18x18'' (NT-3),terrarium,Habitat,terrarium,No,0,No,No,Zoo Med,Large Terrarium 18x18x18'' (NT-3),No — falta stock/imagen
bbccc467-5e91-45a1-8808-4857e1d58835,MDMWCDF1FSFC8,Z995C (NT-4) Zoomed Naturalistic Terrarium (18x18x24),terrarium,Habitat,terrarium,No,0,No,No,Zoo Med,Z995C (NT-4) Zoomed Naturalistic Terrarium (18x18x24),No — falta stock/imagen
1185993a-76f8-43d9-ac1c-3c7301148321,MV77HJFS1WMG2,Z995D Skyscraper Terrarium 18x18x36 (NT-5),terrarium,Habitat,terrarium,No,0,No,No,Zoo Med,Skyscraper Terrarium 18x18x36 (NT-5),No — falta stock/imagen
14ba3bf4-84eb-4481-ac43-c9f694d4eb5f,YN011F0MMTFZ8,"Z995E Double Door Terrarium 36""x18""x18"" (NT-40DW)",terrarium,Habitat,terrarium,No,0,No,No,Zoo Med,"Double Door Terrarium 36""x18""x18"" (NT-40DW)",No — falta stock/imagen
1be0d801-cd17-4896-b87a-61e90c639775,4PJQ1NS8654KM,Z995F ZooMed Double Door Terrarium 25 Gal. 30x12x16'' (NT-25DW),terrarium,Habitat,terrarium,No,0,No,No,Zoo Med,ZooMed Double Door Terrarium 25 Gal. 30x12x16'' (NT-25DW),No — falta stock/imagen
2f88a08a-0c54-4b2c-b9af-47e98e8a5885,0JVF6EZ73DBM8,Z995G Zoomed Double Door Terrarium 10 galons 20x12x12,terrarium,Habitat,terrarium,No,0,No,No,Zoo Med,Zoomed Double Door Terrarium 10 galons 20x12x12,No — falta stock/imagen
a4d9d20a-c069-4810-a98e-2ff38df27324,291975A5WT5FM,Z995H Zoomed Double Door Terrarium (32g) 36*18*12,terrarium,Habitat,terrarium,No,0,No,No,Zoo Med,Zoomed Double Door Terrarium (32g) 36*18*12,No — falta stock/imagen
b4629c86-f801-43d1-bc50-2859e108a267,89X0WVN1BE9CA,Z996 ZooMed Low Boy Terrarium with Top 48x24x10,terrarium,Habitat,terrarium,No,0,No,No,Zoo Med,ZooMed Low Boy Terrarium with Top 48x24x10,No — falta stock/imagen
53469a42-0334-4607-a00a-e6e77f639a5a,GSS57QW0BZBA8,Z997 Paludarium 12x12x24 (NT-2P),terrarium,Habitat,terrarium,No,0,No,No,Zoo Med,Paludarium 12x12x24 (NT-2P),No — falta stock/imagen
7311ea37-11e5-41c8-8433-8819ddceb2b5,D1C00ADHVYAR0,Z997A ZooMed Large Paludarium 18x18x36 10 Gal,terrarium,Habitat,terrarium,No,0,No,No,Zoo Med,ZooMed Large Paludarium 18x18x36 10 Gal,No — falta stock/imagen
ba1dee4e-c55f-414c-ba3d-337c47bf19af,BJG97MP1THPDA,Z997B ZooMed Double Door Paludarium 36x18x36 (20 Gallons),terrarium,Habitat,terrarium,No,0,No,No,Zoo Med,ZooMed Double Door Paludarium 36x18x36 (20 Gallons),No — falta stock/imagen
2827ee90-6f11-4824-a24e-7f04a2c18750,W26PEK7B5CH3G,Z9982 Zoomed Reptibreeze 18x18x36,terrarium,Habitat,terrarium,No,0,No,No,Zoo Med,Zoomed Reptibreeze 18x18x36,No — falta stock/imagen
165a6c0b-dbba-4b71-9d2c-5b3d9cd82977,B7V34ATH28S8A,02133 La Swamp Feuilles de Murier 0.5oz,substrate,Substrat,substrate,No,0,No,No,La Swamp / misc SKU,La Swamp Feuilles de Murier 0.5oz,No — falta stock/imagen
2113f24c-9c87-4bd3-a00a-001c35f15f67,ASNV3BC3FH2CJ,02134 La Swamp Feuilles de Murier 1.5oz,substrate,Substrat,substrate,No,0,No,No,La Swamp / misc SKU,La Swamp Feuilles de Murier 1.5oz,No — falta stock/imagen
0a36d1ef-bdf0-42ed-8315-c6066687906e,R2JP69G57W2ST,02169 La Swamp - Mousse Tropicale,substrate,Substrat,substrate,No,0,No,No,La Swamp / misc SKU,La Swamp - Mousse Tropicale,No — falta stock/imagen
8d3f7405-0eb6-40e6-800a-9a81cdf24876,960QVMEYEJSFP,10173 La Swamp Feuilles de Chênes de Virginie 3oz,substrate,Substrat,substrate,No,0,No,No,La Swamp / misc SKU,La Swamp Feuilles de Chênes de Virginie 3oz,No — falta stock/imagen
07bf72fb-c7bf-4939-93e8-24d078596017,XK9RHERJ0EC38,15570 CaribSea Aragonite (Crushed Coral) 10lbs,substrate,Substrat,substrate,No,0,No,No,CaribSea,CaribSea Aragonite (Crushed Coral) 10lbs,No — falta stock/imagen
eec89342-e8a9-445f-8974-338d6245c164,8NC0QJ7X43N8C,3R-CCHL Coco Husk Big Bale,substrate,Substrat,substrate,No,0,No,No,,3R-CCHL Coco Husk Big Bale,No — falta stock/imagen
592b8ab2-1f45-4f03-95f2-de95b6c800f9,D5A3AQ16MRB48,40015 CS Eco Comp. Plant Black 10lb,substrate,Substrat,substrate,No,0,No,No,,CS Eco Comp. Plant Black 10lb,No — falta stock/imagen
5e31ef73-e6d7-49eb-9949-10e9898517e2,HBGH5NY0XGAJT,ATR Mix Broken Tree Leaves Bricks Compressed Shrink Wrapped 500g,substrate,Substrat,substrate,No,0,No,No,,Mix Broken Tree Leaves Bricks Compressed Shrink Wrapped 500g,No — falta stock/imagen
66b9b1ff-43d5-47c8-b151-a1e34231f765,B03WT3S5D66R6,Aspen 141L,substrate,Substrat,substrate,No,0,No,No,,Aspen 141L,No — falta stock/imagen
c1daa148-f8ae-4259-a9ec-fb13ae13c174,M9WFXZDDSM36G,B&L ( G )  Feuille De Cocoa,substrate,Substrat,substrate,No,0,No,No,,B&L ( G )  Feuille De Cocoa,No — falta stock/imagen
b22d26d3-40c2-4177-bd25-1964fec5f311,501HG83TDDS36,Bamboo Leaves,substrate,Substrat,substrate,No,0,No,No,,Bamboo Leaves,No — falta stock/imagen
4af2ee05-9001-4cca-9087-2c7683d024ac,0ZHYCZ3CC4KQ4,Banana Leaves,substrate,Substrat,substrate,No,0,No,No,,Banana Leaves,No — falta stock/imagen
549f0b08-b993-488f-aae0-53b4c4d14f82,CFC2023Q3XC02,DR405 Repashy Super Hatch Incubation 88.2 oz,substrate,Substrat,substrate,No,0,No,No,Repashy,Repashy Super Hatch Incubation 88.2 oz,No — falta stock/imagen
16f79634-911b-47a8-ab25-f16cb1bf405d,GJT31FZJVCZKY,MBBG Big Bites Bio Grow 8L,substrate,Substrat,substrate,No,0,No,No,,Big Bites Bio Grow 8L,No — falta stock/imagen
cfa47564-5229-4686-878f-0ec2b84725f8,1HVH7CR6NDCZT,MBML Mango Leaf Litter,substrate,Substrat,substrate,No,0,No,No,,Mango Leaf Litter,No — falta stock/imagen
ea3bc18e-d952-4366-afca-07f08ae40272,XWRAVTRK7WEGY,MBSC Charcoal 2L,substrate,Substrat,substrate,No,0,No,No,,Charcoal 2L,No — falta stock/imagen
7307d878-a897-4773-93e2-ca95444d75cf,GMGPKCD6A5BKW,PT2480 Tapis de Mousse Exo Terra 30x30 cm,substrate,Substrat,substrate,No,0,No,No,Exo Terra,Tapis de Mousse Exo Terra 30x30 cm,No — falta stock/imagen
2c875058-0707-4d7c-b74d-3b0d1e3032e9,A7G23XK5T865W,PT2484 Tapis de Mousse Exo Terra 45x60 cm,substrate,Substrat,substrate,No,0,No,No,Exo Terra,Tapis de Mousse Exo Terra 45x60 cm,No — falta stock/imagen
f95ef18f-d9b5-4e72-8887-69f4c67b1a84,PY23G9CNV6QRE,PT2764 Jungle Earth Exo Terra 27.26L,substrate,Substrat,substrate,No,0,No,No,Exo Terra,Jungle Earth Exo Terra 27.26L,No — falta stock/imagen
dc5e0071-7084-4de8-bae3-e277de7747bf,B2JEPK1ABA104,PT2775 Noix de Coco Exo Terra 500 g-V,substrate,Substrat,substrate,No,0,No,No,Exo Terra,Noix de Coco Exo Terra 500 g-V,No — falta stock/imagen
7932b691-db9e-48f2-9573-78d4edd0956c,J9KJ91NMG9D0J,PT3118 Substrat Foret Tropic. Hum. ExoTerra 26.4L,substrate,Substrat,substrate,No,0,No,No,Exo Terra,Substrat Foret Tropic. Hum. ExoTerra 26.4L,No — falta stock/imagen
9931066d-6ff8-4fe6-9514-3a28434cd866,AYVCGAHV28TA6,Z1811 Eco Earth Loose 8Qt,substrate,Substrat,substrate,No,0,No,No,,Eco Earth Loose 8Qt,No — falta stock/imagen
4bfa4a19-01c7-47d0-928d-b447b708cdbd,GD4HV5QSMCVA4,Z1812 Eco Earth Loose 24Qt,substrate,Substrat,substrate,No,0,No,No,,Eco Earth Loose 24Qt,No — falta stock/imagen
86d98955-2264-4ca9-8421-9c0fc12da79b,ZC915P0W9580W,Z1823 Excavator Clay Burrowing Bubstrate 20 lbs,substrate,Substrat,substrate,No,0,No,No,,Excavator Clay Burrowing Bubstrate 20 lbs,No — falta stock/imagen
2477f0a4-0de4-4ed0-aeb7-d89a8c602179,QYEXPZ08Z14RY,Z1842 Zoomed Reptisand - Desert White 20lbs,substrate,Substrat,substrate,No,0,No,No,Zoo Med,Zoomed Reptisand - Desert White 20lbs,No — falta stock/imagen
6e9ee42b-665c-4730-b2c8-2c9565ce03a2,G8C7M0WTXPKV4,Z185 Eco Carpet (8x16) 5gal. green,substrate,Substrat,substrate,No,0,No,No,,Eco Carpet (8x16) 5gal. green,No — falta stock/imagen
25e12e26-4ff1-4cbd-8f82-38fbf3dbc7d8,MZFZ72V8TCKCG,Z185B Eco Carpet Green 15/20 Gal 12x24,substrate,Substrat,substrate,No,0,No,No,,Eco Carpet Green 15/20 Gal 12x24,No — falta stock/imagen
1fa3c5ee-b60b-43dd-89d9-9040b729489f,AF6530KANPE4E,Z185G  Eco Carpet Green (16 X 16) ReptiBreeze,substrate,Substrat,substrate,No,0,No,No,,Eco Carpet Green (16 X 16) ReptiBreeze,No — falta stock/imagen
4efb0397-6032-429e-a12d-36fab5b3425e,408A0E988PB0Y,Z185HT Zoomed Eco Carpet (18x36) Breeder 40 Gal Tan,substrate,Substrat,substrate,No,0,No,No,Zoo Med,Zoomed Eco Carpet (18x36) Breeder 40 Gal Tan,No — falta stock/imagen
e4199812-a7f2-4dc0-99e5-5281ec8d99aa,7TJVH0MHAY7R6,Z185T Eco Carpet (8x16) 5gal. Tan,substrate,Substrat,substrate,No,0,No,No,,Eco Carpet (8x16) 5gal. Tan,No — falta stock/imagen
8b84ab92-9085-41eb-910f-9219971312cc,S0YAFB1NAM8YJ,Z1872 Reptisand Red 20lb,substrate,Substrat,substrate,No,0,No,No,,Reptisand Red 20lb,No — falta stock/imagen
f31b9121-7781-41cf-88b4-2c4da4b5902c,NNE9GEH4F4X3C,Z188G Vita Sand Gobi Gold 10lb,substrate,Substrat,substrate,No,0,No,No,,Vita Sand Gobi Gold 10lb,No — falta stock/imagen
9dab0e41-4cf1-45d0-9b54-fdc9fbcd9800,JWKGW4RVY7JW6,Z188O Vita Sand OutBack Orange 10lb,substrate,Substrat,substrate,No,0,No,No,,Vita Sand OutBack Orange 10lb,No — falta stock/imagen
98a8ef96-6f12-4e4c-9dc0-2ca21a412b3e,3PW0K4WS3JJE4,Z188S Vita Sand Sahara Slate 10lb,substrate,Substrat,substrate,No,0,No,No,,Vita Sand Sahara Slate 10lb,No — falta stock/imagen
30c4ad60-4f19-4c51-9836-e4198ee7e531,VHR1XG7WJ70YJ,Z188W Vita Sand Sonoran White 10lb,substrate,Substrat,substrate,No,0,No,No,,Vita Sand Sonoran White 10lb,No — falta stock/imagen
af2bed98-2ba6-446d-a140-95e49b121e14,RZ9NZVB2QV7CJ,Z199 Zoomed Forest Floor Bed 8QT,substrate,Substrat,substrate,No,0,No,No,Zoo Med,Zoomed Forest Floor Bed 8QT,No — falta stock/imagen
10dd430b-6744-464e-bb23-7911ac3c1014,7NZHW5RET09QP,"Z200 Substrat de cypres ""Forest Floor"" 24qt.",substrate,Substrat,substrate,No,0,No,No,,"Substrat de cypres ""Forest Floor"" 24qt.",No — falta stock/imagen
4f96807f-fe66-45d1-a500-5a0066b32ab6,MDKTRCZNQ92AC,Z205 Terrarium moss Mini bale,substrate,Substrat,substrate,No,0,No,No,,Terrarium moss Mini bale,No — falta stock/imagen
ec165664-54ba-4098-907a-e7f9fcd55f10,VGH28KD0XZVT0,Z206 Repti Bark 24Qt,substrate,Substrat,substrate,No,0,No,No,,Repti Bark 24Qt,No — falta stock/imagen
1d3265d6-8e44-4e13-b7b2-2e6d2e0ff513,P70NS346J0FEJ,Z208 Repti Bark 8QT,substrate,Substrat,substrate,No,0,No,No,,Repti Bark 8QT,No — falta stock/imagen
28f1bb3d-773a-42ac-a400-66e8e60f238c,EC18MW3WF9FXG,Z209 Repti Soil 10 Qt.,substrate,Substrat,substrate,No,0,No,No,,Repti Soil 10 Qt.,No — falta stock/imagen
6b1b5dab-7f81-4579-93bf-bd48bc5cb60a,8JE3EYH6R0VBW,Z210 Repti Soil 24 Qt.,substrate,Substrat,substrate,No,0,No,No,,Repti Soil 24 Qt.,No — falta stock/imagen
6f3699f3-c963-4c71-9191-23d21d706935,P9RZ5PH0GK334,Z217 Tropical Bioactive Substrate Kit,substrate,Substrat,substrate,No,0,No,No,,Tropical Bioactive Substrate Kit,No — falta stock/imagen
df3a319d-0f87-40bb-b586-52c948b59f2d,BAB1NZYJ6SN6J,Z218 / Z865 Zoomed Terrarium Jackfruit Leaf Litter,substrate,Substrat,substrate,No,0,No,No,Zoo Med,Z218 / Z865 Zoomed Terrarium Jackfruit Leaf Litter,No — falta stock/imagen
50bd8314-c66c-4b33-b715-b3aad918b8f3,CTYHCQ8HY3SMP,Z218A Zoomed Tropical Bioblend 8QT,substrate,Substrat,substrate,No,0,No,No,Zoo Med,Zoomed Tropical Bioblend 8QT,No — falta stock/imagen
72b2f413-972e-4458-a37f-bf5217594240,2SJPTD5FMY2TJ,Z384 Frog Moss 80cu,substrate,Substrat,substrate,No,0,No,No,,Frog Moss 80cu,No — falta stock/imagen
f0d331be-1e36-4228-be50-054f13e9bc56,92078NGP6Q5BP,Z385 New Zealand Sphgnum moss L 175cu,substrate,Substrat,substrate,No,0,No,No,,New Zealand Sphgnum moss L 175cu,No — falta stock/imagen
1a8fe3f0-d2b4-4d88-a4be-2d5d7147f50a,AP6BKAFDPB3HJ,Z385A New Zealand Sphgnum moss 80cu,substrate,Substrat,substrate,No,0,No,No,,New Zealand Sphgnum moss 80cu,No — falta stock/imagen
93aa40fb-34dc-4d68-9131-675b41c65f38,A6ZMKRD4N98RP,Z950 Creature Soil 1 QT,substrate,Substrat,substrate,No,0,No,No,,Creature Soil 1 QT,No — falta stock/imagen
e79733cb-f453-4843-8512-fc6fb680912f,MN6N7XZDE0PH8,Z951 Zoomed Creatures Eco Soil (Puck),substrate,Substrat,substrate,No,0,No,No,Zoo Med,Zoomed Creatures Eco Soil (Puck),No — falta stock/imagen
e5518816-c28b-4a24-bc2b-a3210bbff62d,N9GPBXQ8WG3QG,Z980 Zoomed Terrarium Mesh Small 12x12,substrate,Substrat,substrate,No,0,No,No,Zoo Med,Zoomed Terrarium Mesh Small 12x12,No — falta stock/imagen
b3cf6323-7cd3-4138-8321-f5ff2b8740f2,N8HZM67F2BTE8,10704 Roche Dragonstone lbs,decor,Roche Et Bois/Cork,decor,No,0,No,No,,Roche Dragonstone lbs,No — falta stock/imagen
36b83b38-f909-47b4-bb83-cc64b5645d80,NQKNHAS7M1CM8,10719 Scenery Rock,decor,Roche Et Bois/Cork,decor,No,0,No,No,,Scenery Rock,No — falta stock/imagen
3336fa88-958b-448a-a5e7-1dfde5522799,PPPK3XMWFGE84,12561 Black Slate par LBS,decor,Roche Et Bois/Cork,decor,No,0,No,No,,Black Slate par LBS,No — falta stock/imagen
bb027813-e1d8-499d-bac8-dfc8a3cf103c,RD3DPNEHFENYC,17066 Plastic Mealworm Dish,decor,Decoration,decor,No,0,No,No,,Plastic Mealworm Dish,No — falta stock/imagen
a07a1d4f-7d30-4735-8267-3d4a8c4b876e,K9QD5ZTXXSEWW,17093 Le Jungle Vine,decor,Decoration,decor,No,0,No,No,,Le Jungle Vine,No — falta stock/imagen
0270aee2-1110-4733-a722-57c268fd8e71,DNS1KXT9QZP3G,21976 Jurassic Reptile Coconut Hut Hide,decor,Decoration,decor,No,0,No,No,La Swamp / misc SKU,Jurassic Reptile Coconut Hut Hide,No — falta stock/imagen
363b8c39-502c-4f3a-af39-5318678fa574,CS8MD1CXA2RMG,2263 Komodo Nano Forest Raintree Habitat Decoration,decor,Decoration,decor,No,0,No,No,,Komodo Nano Forest Raintree Habitat Decoration,No — falta stock/imagen
1636afa2-10b6-4113-9319-2bbe14a12983,S2XC1NCEKB5CM,2460 Magnet ''Cricket'' in Cricket Box / Grillon Aimant,decor,Decoration,decor,No,0,No,No,,Magnet ''Cricket'' in Cricket Box / Grillon Aimant,No — falta stock/imagen
4045c6ed-5e5d-4941-b100-2c67e123d2e8,6PWGH1E9C8FV8,2583 Magnet ''Turtle Small'' in Cricket Box / Tortue Aimant,decor,Decoration,decor,No,0,No,No,,Magnet ''Turtle Small'' in Cricket Box / Tortue Aimant,No — falta stock/imagen
4497df67-af22-4010-bd96-2956c0e7a1ba,WWAKR5V67D5ZR,2668 Magnet ''Ant'' in Cricket Box / Fourmis Aimant,decor,Decoration,decor,No,0,No,No,,Magnet ''Ant'' in Cricket Box / Fourmis Aimant,No — falta stock/imagen
73b49f46-0eaf-417b-811b-a875d764cab0,NP5HW3WZJ481P,3369 Komodo Magnetic Gecko Dual Feeding Ledge (2 Cups),decor,Decoration,decor,No,0,No,No,,Komodo Magnetic Gecko Dual Feeding Ledge (2 Cups),No — falta stock/imagen
80966a74-67d1-4484-ae76-49d7a1e1ffa8,MDGB2GWAC6NQ6,35182 Mixed River Pebbles 22lbs,decor,Roche Et Bois/Cork,decor,No,0,No,No,,Mixed River Pebbles 22lbs,No — falta stock/imagen
c461216f-2414-44b6-a3ed-aa70e11acef9,0R9BZDJJEN2FT,46571 Tina Turtle 5'',decor,Decoration,decor,No,0,No,No,,Tina Turtle 5'',No — falta stock/imagen
ca83a6aa-eb51-4185-ae08-d5be38606de4,NH8ZRWXBN9QDE,61405 Living World TreeHouse Petit,decor,Decoration,decor,No,0,No,No,,Living World TreeHouse Petit,No — falta stock/imagen
3b311171-6ca7-4ba9-804e-ce2a9449b678,DXSVFGNTKYCC2,61407 Living World TreeHouse Medium,decor,Decoration,decor,No,0,No,No,,Living World TreeHouse Medium,No — falta stock/imagen
e93cfb02-35f2-4fc9-8a47-ae9d6c9d1a65,FCDW8J8WFDNCR,61409 TreeHouse LW rondins de vrai bois G,decor,Decoration,decor,No,0,No,No,,TreeHouse LW rondins de vrai bois G,No — falta stock/imagen
5d9e2354-6b88-4270-bbc3-4f99542527ec,H6T6D6EG4MARP,61440 Living World Hutte Hangout Petite,decor,Decoration,decor,No,0,No,No,,Living World Hutte Hangout Petite,No — falta stock/imagen
c9474c7c-3552-4793-9d72-2d8d4bc663ed,MP0MYYTF0DQ2T,61442 Living World Hutte Hangout Grande,decor,Decoration,decor,No,0,No,No,,Living World Hutte Hangout Grande,No — falta stock/imagen
d2c9ad2d-939c-42e5-abe8-556bfe774bb4,H2ZWH2RZMATAG,61443 Living World Tapis Hangout Moyen,decor,Decoration,decor,No,0,No,No,,Living World Tapis Hangout Moyen,No — falta stock/imagen
49ef08f4-314c-4d45-a04b-6c3bccbae9ff,NEZRA62B9JW5C,64135 Fluker's Repta-Leash,decor,Decoration,decor,No,0,No,No,,Fluker's Repta-Leash,No — falta stock/imagen
9a800ebc-39c4-4c9d-ac24-e4ebf6ed1b72,FXHH5MRXJGRAM,64143 Fluker's Repta-Vines 6' Red Coleus,decor,Decoration,decor,No,0,No,No,,Fluker's Repta-Vines 6' Red Coleus,No — falta stock/imagen
646d04fd-af02-4d92-b325-6cd1794fe83f,YE8X2STYK419E,72012 La Swamp Philodendron sp. ''Burle Marx Fantasy'',decor,Plante Vivant,decor,No,0,No,No,,La Swamp Philodendron sp. ''Burle Marx Fantasy'',No — falta stock/imagen
7c2c7a32-8c05-4e82-9998-67e22bb55ede,3B7ZZNEYJME66,72013 La Swamp Selaginella Willdenowii,decor,Plante Vivant,decor,No,0,No,No,,La Swamp Selaginella Willdenowii,No — falta stock/imagen
1ebc67d6-ca0f-4064-9766-cc8e090946fb,3XJHP7ZVMRE4W,77000 Reptile Treasures Basking Ramp 8 inch,decor,Decoration,decor,No,0,No,No,,Reptile Treasures Basking Ramp 8 inch,No — falta stock/imagen
332b637e-5deb-4ed3-8e3c-b6281c3da495,3MS56M43TBAA2,77003 Leafy Red Plant,decor,Decoration,decor,No,0,No,No,,Leafy Red Plant,No — falta stock/imagen
c099a638-1cf7-4072-a58f-6141f45be649,Z9WHFZ44SVF7J,77006 Pothos Plant 60 inch,decor,Decoration,decor,No,0,No,No,,Pothos Plant 60 inch,No — falta stock/imagen
a37db56c-9793-4eb7-92e1-85af601b35c5,Y9AE35R1RQWKA,77011 Reptile Tressures Cave Hide XL,decor,Decoration,decor,No,0,No,No,,Reptile Tressures Cave Hide XL,No — falta stock/imagen
18dc97b9-402c-4ba0-8f33-ad18198fb47a,6T9J3WVDFTTR4,77016 Plant mat A 24*16,decor,Decoration,decor,No,0,No,No,,Plant mat A 24*16,No — falta stock/imagen
96d8e50b-5ca6-4b46-b669-b9f37d36a928,N8EBE9Z4W61ZC,77017 Plant Mat B 24*16,decor,Decoration,decor,No,0,No,No,,Plant Mat B 24*16,No — falta stock/imagen
d235389a-dd22-40c9-b2a9-dbc7b8a52f78,9S2M0GKDTV3G2,77018 Plant Mat C 24*16,decor,Decoration,decor,No,0,No,No,,Plant Mat C 24*16,No — falta stock/imagen
338ef10f-13e4-4e8e-8a75-4a48bb35c7bf,71BQYPRBAY5B0,77019 Plant mat D 24*16,decor,Decoration,decor,No,0,No,No,,Plant mat D 24*16,No — falta stock/imagen
84f73f30-cae5-4a00-af3e-4d5bcf8b871d,G73AT3JP8TN02,8515 Zilla Basking Ledge,decor,Decoration,decor,No,0,No,No,Zilla,Zilla Basking Ledge,No — falta stock/imagen
7e854d90-c7d6-4eda-8d4d-86bc9393ad6b,82XTRYC2AQPA4,8517 Zilla Basking Platforme cave 11*9*4,decor,Decoration,decor,No,0,No,No,Zilla,Zilla Basking Platforme cave 11*9*4,No — falta stock/imagen
7d18f799-4219-4937-b050-9090a92dbfef,XJ4VNRMSD4WY2,85516 Komodo Magnetic Gecko Basking Ledge,decor,Decoration,decor,No,0,No,No,,Komodo Magnetic Gecko Basking Ledge,No — falta stock/imagen
50963966-a5cd-44fe-b445-00dea1a53dd6,QQCS1FFQ1DF44,8785 Japanese Maple Red 24'',decor,Decoration,decor,No,0,No,No,,Japanese Maple Red 24'',No — falta stock/imagen
45c8fb21-f210-4588-a9eb-657b411fd782,W47QEKY9341T0,Bois De Rivage $0.03 Le Gramme,decor,Decoration,decor,No,0,No,No,,Bois De Rivage $0.03 Le Gramme,No — falta stock/imagen
73e34c97-6e4b-476a-99f8-4e9d484f6667,APVKJ6Y6T3CKE,Ceramic Bark Large,decor,Decoration,decor,No,0,No,No,,Ceramic Bark Large,No — falta stock/imagen
04d2073c-3914-4974-8c65-0760e4c9f8aa,R7B16SS5ESFMG,Chandelle Holly Molly,decor,Decoration,decor,No,0,No,No,,Chandelle Holly Molly,No — falta stock/imagen
bb124ae0-e252-4adb-9657-6aac3e598079,42G2VBE4SRD2G,Cork 22/lb,decor,Decoration,decor,No,0,No,No,,Cork 22/lb,No — falta stock/imagen
d805bfd9-b24b-4d36-839e-8063543ca52a,59PFH3ZQRAXJA,Cork Retailles Feuilles 1X1,decor,Decoration,decor,No,0,No,No,,Cork Retailles Feuilles 1X1,No — falta stock/imagen
d97588ab-4eb2-4caf-929c-e867eafdb113,91N16WJA68CQM,DC21 Natural Cork Flat Small (6-8),decor,Decoration,decor,No,0,No,No,,Natural Cork Flat Small (6-8),No — falta stock/imagen
4479e03b-23cc-437a-b3db-79cf940aa6c3,2FPC8085STPJR,DC41 Natural Cork Background 12x18,decor,Decoration,decor,No,0,No,No,,Natural Cork Background 12x18,No — falta stock/imagen
213a7dd4-2071-41e1-9213-6fcb75e14786,S07FWFBB4XP3T,DC46 Natural Cork Background 18x24,decor,Decoration,decor,No,0,No,No,,Natural Cork Background 18x24,No — falta stock/imagen
fb54440b-0d7e-4f58-8399-1265c3956cf7,67R4ZBGZG6RYT,DG142 Reptile Hide Box Small,decor,Decoration,decor,No,0,No,No,,Reptile Hide Box Small,No — falta stock/imagen
37b1942e-484f-43f3-b6ad-84aa1e606059,0QA6VP1Q0Q2YJ,DG143 Reptile Hide Box Médium,decor,Decoration,decor,No,0,No,No,,Reptile Hide Box Médium,No — falta stock/imagen
4d65d5a0-0420-4a52-ae4b-e16dc4d178ee,FC1Y2QM2CYBDM,DG144 Reptile Hide Box Large,decor,Decoration,decor,No,0,No,No,,Reptile Hide Box Large,No — falta stock/imagen
bfbdcddf-3a02-4f4e-9589-f7227c700c64,M3EQE85YC29W6,DG145 Reptile Hide Box XL,decor,Decoration,decor,No,0,No,No,,Reptile Hide Box XL,No — falta stock/imagen
c987cfe7-5665-4fc9-9f08-3ce11af0cb13,6PZYD4DC86Y2C,DG162 Bol D'eau Gator Medium,decor,Decoration,decor,No,0,No,No,,Bol D'eau Gator Medium,No — falta stock/imagen
8c851c8c-02d1-492a-805d-9035d7eec482,SHVMBR7DHHTC6,DG163 Bol D'eau Gator Large,decor,Decoration,decor,No,0,No,No,,Bol D'eau Gator Large,No — falta stock/imagen
10f3e735-d391-444b-8dc1-50fb7a74eeaf,CXW5TR25FY1D4,HO-W Pangea Hanging Orchids - White,decor,Decoration,decor,No,0,No,No,,HO-W Pangea Hanging Orchids - White,No — falta stock/imagen
a7900477-954f-4564-b367-b210d439c5d5,GQ0MWYZFRSA76,HO-Y Pangea Hanging Orchids - Yellow,decor,Decoration,decor,No,0,No,No,,HO-Y Pangea Hanging Orchids - Yellow,No — falta stock/imagen
d9c82a32-4f19-47cd-a3ab-a581e123a5b1,VRKV9B6YBKMW6,JFD58195 Josh's Frogs Coco Flexi-Bridge 20x4,decor,Decoration,decor,No,0,No,No,,JFD58195 Josh's Frogs Coco Flexi-Bridge 20x4,No — falta stock/imagen
f04a33ea-d4e3-478a-ad01-7f0172700ca9,K6JCRPMS5J5XM,La Swamp - Pods - Banana Stems (4x),decor,Decoration,decor,No,0,No,No,,La Swamp - Pods - Banana Stems (4x),No — falta stock/imagen
dd09d253-a71f-4a8b-872d-7bbe5594218c,HKYW00Y0AM4EM,NC102 Newcal Pet Live Oak Leaf Litter 1.5oz,decor,Decoration,decor,No,0,No,No,,Newcal Pet Live Oak Leaf Litter 1.5oz,No — falta stock/imagen
d18622de-7b6f-470c-91e9-d9fa80fc37af,1JBHFZFTBVGH0,NC103 Newcal Pet Live Oak Leaf Litter 4QT (3.78L),decor,Decoration,decor,No,0,No,No,,Newcal Pet Live Oak Leaf Litter 4QT (3.78L),No — falta stock/imagen
ababca12-ee24-402b-b2b9-03dcff3bd72c,HTMJS4F9RXH2E,NC201 Newcal Pet Alder Cones 1oz,decor,Decoration,decor,No,0,No,No,,Newcal Pet Alder Cones 1oz,No — falta stock/imagen
08f2ab46-99cb-4bcc-869f-2cee88c69890,RSQY492W1M226,NC203 Newcal Pet Badam Jungle Pods (Pack of 2),decor,Decoration,decor,No,0,No,No,,Newcal Pet Badam Jungle Pods (Pack of 2),No — falta stock/imagen
6e16ffc8-4446-45e3-ae56-8dfe9424959f,HV6EGZ8MKFGWC,NC205 Newcal Pet Bakuli Pods 1oz,decor,Decoration,decor,No,0,No,No,,Newcal Pet Bakuli Pods 1oz,No — falta stock/imagen
1150c945-8434-4d6b-8147-68e219526aec,XHH2R7MWMS3WJ,NC207 Newcal Pet Bell Cups 2-3 (Pack of 3),decor,Decoration,decor,No,0,No,No,,Newcal Pet Bell Cups 2-3 (Pack of 3),No — falta stock/imagen
db3b2c71-68db-4871-89b3-bd0bfc34bf10,2SB3H5P0CPH30,NC209 Newcal Pet Button Pods 1.5oz,decor,Decoration,decor,No,0,No,No,,Newcal Pet Button Pods 1.5oz,No — falta stock/imagen
4d00cf3f-0a77-48f4-bf34-790009ee56b3,Q0XSK3FC6MKX4,NC211 Newcal Pet Buddha Nut 4,decor,Decoration,decor,No,0,No,No,,Newcal Pet Buddha Nut 4,No — falta stock/imagen
7e24572c-5225-4c82-ae24-dddf1b75d993,CPBFCXQ0KTZJG,NC215 Newcal Pet Casuarina Cones 1oz,decor,Decoration,decor,No,0,No,No,,Newcal Pet Casuarina Cones 1oz,No — falta stock/imagen
4643e44b-20c5-49f5-b5a8-ee6a655467c7,H552K2WYQVW30,NC217 Newcal Pet Coco Hair 1oz,decor,Decoration,decor,No,0,No,No,,Newcal Pet Coco Hair 1oz,No — falta stock/imagen
d0164b92-6f4f-4cf1-9903-1ac6603902dd,KHCVESDAG0VB4,NC219 Newcal Pet Coco Flowers 1oz,decor,Decoration,decor,No,0,No,No,,Newcal Pet Coco Flowers 1oz,No — falta stock/imagen
88959826-e437-44e6-b16d-cc954e41747f,Z3N4EYB79NMNJ,NC223 Newcal Pet Coco Petals 1oz,decor,Decoration,decor,No,0,No,No,,Newcal Pet Coco Petals 1oz,No — falta stock/imagen
85bbec61-5763-41bb-af90-c02b481bb48c,ZA702BSD8Z40C,NC225 Newcal Pet Curly Pods 0.5 oz,decor,Decoration,decor,No,0,No,No,,Newcal Pet Curly Pods 0.5 oz,No — falta stock/imagen
fbb22973-01b1-4eb0-acba-7f182142709d,1QV6JSJN3FEBR,NC227 Newcal Pet Ear Pod 1oz,decor,Decoration,decor,No,0,No,No,,Newcal Pet Ear Pod 1oz,No — falta stock/imagen
4420a231-1fec-420f-9614-ae89882988f8,ZW46R9XSHPMV0,NC229 Newcal Pet Fusilli Pods 1oz,decor,Decoration,decor,No,0,No,No,,Newcal Pet Fusilli Pods 1oz,No — falta stock/imagen
d8a3d428-84f5-4aca-bb06-019fc45ff594,MAXTRA7GDB9Z4,NC231 Newcal Pet Jhinga Pod 4-6 (Pack of 2),decor,Decoration,decor,No,0,No,No,,Newcal Pet Jhinga Pod 4-6 (Pack of 2),No — falta stock/imagen
334f0f0b-e59a-44d7-8b02-b75d3839623d,04DDC4V47PZ9W,NC233 Newcal Pet Kuchila Pods (Pack of 5),decor,Decoration,decor,No,0,No,No,,Newcal Pet Kuchila Pods (Pack of 5),No — falta stock/imagen
dc0f589c-4849-4768-92ee-af6b3058f86b,E44PTN0WA423T,NC235 Newcal Pet Lafi Pods 1oz,decor,Decoration,decor,No,0,No,No,,Newcal Pet Lafi Pods 1oz,No — falta stock/imagen
6986290d-ce3f-48b3-9cab-68c1d4b9c886,2TRA47KAM2XQ4,NC237 Newcal Pet Land Lotus Flower (Pack of 3),decor,Decoration,decor,No,0,No,No,,Newcal Pet Land Lotus Flower (Pack of 3),No — falta stock/imagen
56b647b9-8a89-4b02-86d8-fc8ee4e63fe4,3ZP3HEVVY1VAR,NC240 Newcal Pet Mini Lotus Pods (Pack of 10),decor,Decoration,decor,No,0,No,No,,Newcal Pet Mini Lotus Pods (Pack of 10),No — falta stock/imagen
ff42f963-e3ae-4781-967c-9dbce18fd193,RKW4M7RSDSADE,NC243 Newcal Pet Lotus Flower Petals (1oz),decor,Decoration,decor,No,0,No,No,,Newcal Pet Lotus Flower Petals (1oz),No — falta stock/imagen
a68198a3-7651-45fd-b292-0716fb6c266c,03XH1AQ2VMWY6,NC249 Newcal Pet Mahogany Stars 1oz,decor,Decoration,decor,No,0,No,No,,Newcal Pet Mahogany Stars 1oz,No — falta stock/imagen
e331a4fe-9137-4164-bf65-edc02da7aa0b,53CKXCMC8894G,NC253 Newcal Pet Palm Fruit 1oz,decor,Decoration,decor,No,0,No,No,,Newcal Pet Palm Fruit 1oz,No — falta stock/imagen
12a45f66-8979-41a1-837f-380bc747149b,SPY7FR3VEH9EJ,NC255 Newcal Pet Palm Petals 1oz,decor,Decoration,decor,No,0,No,No,,Newcal Pet Palm Petals 1oz,No — falta stock/imagen
fedf27f2-8a87-4c0c-89e8-75a1bd3feb88,RSA4S9PJ0HD7C,NC257 Newcal Pet Mini Pumpin Pods 1oz,decor,Decoration,decor,No,0,No,No,,Newcal Pet Mini Pumpin Pods 1oz,No — falta stock/imagen
45371fa0-c297-4ac9-9664-84d6fd3dfb5b,3D1GXERMWSVQR,NC259 Newcal Pet Purple Cluster Pods 0.5oz,decor,Decoration,decor,No,0,No,No,,Newcal Pet Purple Cluster Pods 0.5oz,No — falta stock/imagen
f4a7ba76-4817-47f1-8dd2-16c97f589a37,30TW9CRP6K7RY,NC261 Newcal Pet Mini Purple Cluster Pods 0.5oz,decor,Decoration,decor,No,0,No,No,,Newcal Pet Mini Purple Cluster Pods 0.5oz,No — falta stock/imagen
87ab41eb-c773-41d9-a766-aeb44873802b,FPSF53WG4R1DY,NC263 Newcal Pet Pear Pods 1.5oz,decor,Decoration,decor,No,0,No,No,,Newcal Pet Pear Pods 1.5oz,No — falta stock/imagen
47d57605-efa9-493f-b1fb-970540e35d1a,YAW9CMEW64CHM,NC265 Newcal Pet Rabbits Ear (Pack of 3),decor,Decoration,decor,No,0,No,No,,Newcal Pet Rabbits Ear (Pack of 3),No — falta stock/imagen
b9971e3a-6762-4d37-a7d4-d6baab09269c,9S37JEK5GSSBT,NC267 Newcal Pet Ram's Head Seed Pod 4-7 (Pack of 2),decor,Decoration,decor,No,0,No,No,,Newcal Pet Ram's Head Seed Pod 4-7 (Pack of 2),No — falta stock/imagen
66983e5b-7dd2-4f0b-956e-9044dfaa6428,QP1NZCFY7RTAW,NC269 Newcal Pet Rod Pods 0.5oz,decor,Decoration,decor,No,0,No,No,,Newcal Pet Rod Pods 0.5oz,No — falta stock/imagen
08c7f32f-938e-4274-b8ce-49df0ac29a33,CGYC5ZVV5FX78,NC273 Newcal Pet Twisted Spring 1oz,decor,Decoration,decor,No,0,No,No,,Newcal Pet Twisted Spring 1oz,No — falta stock/imagen
f6bc3d90-73f8-4a1a-a708-3fe8ecf69259,BBGM2WEACSQG4,NC275 Newcal Pet Velvet Spring 1oz,decor,Decoration,decor,No,0,No,No,,Newcal Pet Velvet Spring 1oz,No — falta stock/imagen
ee1fcfc1-b549-4c02-b99e-484061cd2244,DNZN5DW0AJP3R,NC277 Newcal Pet Walachi Pods 1oz,decor,Decoration,decor,No,0,No,No,,Newcal Pet Walachi Pods 1oz,No — falta stock/imagen
dd650975-b690-4d30-aae3-73eb1c55867f,A451R7KZ8SH0R,NC279 Newcal Pet Golden Mushrooms (Pack of 4),decor,Decoration,decor,No,0,No,No,,Newcal Pet Golden Mushrooms (Pack of 4),No — falta stock/imagen
44cd4a04-7031-4f79-87b2-2798953bd721,4RFK329R9JNPA,NC281 Newcal Pet Mini Sponge Mushrooms (Pack of 3),decor,Decoration,decor,No,0,No,No,,Newcal Pet Mini Sponge Mushrooms (Pack of 3),No — falta stock/imagen
7dae308c-3a88-45f8-9f53-3872b05968c3,PNB55DEXA5YFT,NC412 Newcal Pet Liana Banana Stick 24'',decor,Decoration,decor,No,0,No,No,,Newcal Pet Liana Banana Stick 24'',No — falta stock/imagen
34ff02f9-c021-43dd-aea3-4e4d4366486a,2JCER1M4W2088,NC422 Newcal Pet Palm Blossom Branch 15+,decor,Decoration,decor,No,0,No,No,,Newcal Pet Palm Blossom Branch 15+,No — falta stock/imagen
0fa0cadd-cd90-46fd-955c-0857ef72d552,RB1VMSGGBFGQP,NC441 Newcal Pet Cactus Bark Sheet 2oz,decor,Decoration,decor,No,0,No,No,,Newcal Pet Cactus Bark Sheet 2oz,No — falta stock/imagen
dc2d38e7-486a-4579-ba0c-15112c8a8117,W31C6W3D8A8D2,NC461 Newcal Pet Escada Wood 12'',decor,Decoration,decor,No,0,No,No,,Newcal Pet Escada Wood 12'',No — falta stock/imagen
ff062732-2de6-476d-bb94-b410ccf7b357,FGCMN4Z4EP0QR,NC491 Newcal Pet Natraj Wood 22+,decor,Decoration,decor,No,0,No,No,,Newcal Pet Natraj Wood 22+,No — falta stock/imagen
41796653-a714-41d0-b930-fdc535d985a8,5WFFYSXAQJDKG,NC501 Newcal Pet Palm Torch 12+,decor,Decoration,decor,No,0,No,No,,Newcal Pet Palm Torch 12+,No — falta stock/imagen
60c2acc0-96ed-45ed-a917-963f3a1c784c,VF7GYFP90ZMT6,PP1632 Myriophylle Bresilien vert 12po,decor,Decoration,decor,No,0,No,No,,Myriophylle Bresilien vert 12po,No — falta stock/imagen
8275761c-35a2-47db-a94a-3e6dfc4aa659,CRBY3NP2AYW84,PP1633 Myriophylle Bresilien vert 16po,decor,Decoration,decor,No,0,No,No,,Myriophylle Bresilien vert 16po,No — falta stock/imagen
a8bb4cd1-3172-4034-b8b4-001cea375ecd,K8KTCFH060V72,PP1640 Myriophylle Bresilien vert 8po,decor,Decoration,decor,No,0,No,No,,Myriophylle Bresilien vert 8po,No — falta stock/imagen
52baf02b-d4eb-4ad4-b822-12e70c47cfa5,4Y5MBJ1Q0TPJ6,PP1643 grand Bacopa 8po,decor,Decoration,decor,No,0,No,No,,grand Bacopa 8po,No — falta stock/imagen
ddf2f8a6-8e0c-49b9-bf5d-173380409dcf,GPY8ZAPZSQETW,PT2492 Plante a ruissellement Exo Grand,decor,Decoration,decor,No,0,No,No,Exo Terra,Plante a ruissellement Exo Grand,No — falta stock/imagen
98304df9-01fc-46e7-8be5-ffcf72d2b9d4,73A0NJGNP2972,PT2843 Glow Mushrooms,decor,Decoration,decor,No,0,No,No,Exo Terra,Glow Mushrooms,No — falta stock/imagen
9b8c689a-c5b1-45b7-86a2-dc5798ab5ea1,APMNK36B3Q4Y2,PT2971 Fougere nid oiseau EXO TERRA,decor,Decoration,decor,No,0,No,No,Exo Terra,Fougere nid oiseau EXO TERRA,No — falta stock/imagen
20bff0eb-f94f-4222-8271-d5a7cd882e5c,C4YX61SVQN07R,PT2972 Buis Calcarea EXO TERRA,decor,Decoration,decor,No,0,No,No,Exo Terra,Buis Calcarea EXO TERRA,No — falta stock/imagen
d909b3e6-b012-4e65-a451-e29a3fa42056,K59HS7CTQBN0W,PT3802 Talus Pour Tortues Exo Terra Grand,decor,Decoration,decor,No,0,No,No,Exo Terra,Talus Pour Tortues Exo Terra Grand,No — falta stock/imagen
3c15bc05-72ac-4e9f-94ce-d7b6aa4f33e8,P016YBQHFS1KW,Pinguicula Agnata,decor,Plante Vivant,decor,No,0,No,No,,Pinguicula Agnata,No — falta stock/imagen
cf2a3dfe-199f-4bb8-a60a-8185c8ee1ae2,61TD1THB8GZ80,Pinguicula Agnata x Zecheri,decor,Plante Vivant,decor,No,0,No,No,,Pinguicula Agnata x Zecheri,No — falta stock/imagen
6f2283b0-a8e6-4653-8959-6ddffd726e4d,BWHXK1F75P66T,Pinguicula Estrellita,decor,Plante Vivant,decor,No,0,No,No,,Pinguicula Estrellita,No — falta stock/imagen
7155c717-33f2-41d9-9660-333706f24202,H3ZATWPVBTSFP,Pinguicula Gypsicola x Sethos,decor,Plante Vivant,decor,No,0,No,No,,Pinguicula Gypsicola x Sethos,No — falta stock/imagen
973f1c14-f633-4752-a738-bef19f6c1eb1,X0QQZCB9G5V0A,Pinguicula Moranensis,decor,Plante Vivant,decor,No,0,No,No,,Pinguicula Moranensis,No — falta stock/imagen
aa93ed0b-e30c-4c37-bcc9-17face4043f0,JMFX8X16H4DFP,RR4248 Komodo Turtle Ramp,decor,Decoration,decor,No,0,No,No,,Komodo Turtle Ramp,No — falta stock/imagen
e1b65042-6ea3-4ffd-9852-068016dd79f8,2JF71AZ9PKBE8,Z149 Naturalistic Terrarium Waterfall Kit,decor,Decoration,decor,No,0,No,No,,Naturalistic Terrarium Waterfall Kit,No — falta stock/imagen
c89e8344-b814-4838-bc63-f1cf8cdc6ed6,FGFNGZFAD85VY,Z157M Floating Aquarium Log Md,decor,Decoration,decor,No,0,No,No,,Floating Aquarium Log Md,No — falta stock/imagen
fdded329-0849-4a88-b6fc-c0124e0a913b,21Q9BYPXYYGZJ,Z159L Turtle Dock Large,decor,Decoration,decor,No,0,No,No,,Turtle Dock Large,No — falta stock/imagen
5b00ae97-de40-4d4f-a2e1-1cd1720b69ef,5JWFTD6AYRSKY,Z182K Cavern Kit with Excavator,decor,Decoration,decor,No,0,No,No,,Cavern Kit with Excavator,No — falta stock/imagen
7c3fabe5-c9b0-40ba-a885-1929a97dbcae,SF435CF8P0K82,Z275A Nat. Flora Fireball Bromeliad,decor,Decoration,decor,No,0,No,No,,Nat. Flora Fireball Bromeliad,No — falta stock/imagen
0b6dcbdd-3b8a-4799-a31f-a748fec9fe20,6WBCTPY5ZRX4W,Z275B Nat. Flora Chestnut Bromeliad,decor,Decoration,decor,No,0,No,No,,Nat. Flora Chestnut Bromeliad,No — falta stock/imagen
517771e5-bf2a-49aa-9216-d2d652807534,1TAPQ6G86YR7R,Z275C  Nat. Flora Lace Fern,decor,Decoration,decor,No,0,No,No,,Nat. Flora Lace Fern,No — falta stock/imagen
ad8a9011-741a-4f99-b082-8a9f4ca9d517,D7KD7A8GK7MGR,Z275D  Nat. Flora Sword Fern,decor,Decoration,decor,No,0,No,No,,Nat. Flora Sword Fern,No — falta stock/imagen
57f8aacd-53b2-45c7-9ad3-5e969b5b5941,T6JNPEBXTBJFM,Z275E Nat. Flora Tillandsia Air Plant,decor,Decoration,decor,No,0,No,No,,Nat. Flora Tillandsia Air Plant,No — falta stock/imagen
df542a24-cbe8-4ae2-b333-198f7210262d,40TM012EA40TG,Z275F  Nat. Flora Staghorn Fern,decor,Decoration,decor,No,0,No,No,,Nat. Flora Staghorn Fern,No — falta stock/imagen
05cd519c-ed17-4c4f-ab51-0f087e41259e,XTX29QA53WMDJ,Z316G Repti Hammock,decor,Decoration,decor,No,0,No,No,,Repti Hammock,No — falta stock/imagen
dc77abed-781a-4e3a-a107-be078d14502a,S842DGXJG7B3E,Z317 Repti Hammock,decor,Decoration,decor,No,0,No,No,,Repti Hammock,No — falta stock/imagen
987c7699-ef33-422c-962b-89e59b7c16a4,VF7Y917CJ8QCW,Z325 Zoomed Habba Hut (small),decor,Roche Et Bois/Cork,decor,No,0,No,No,Zoo Med,Zoomed Habba Hut (small),No — falta stock/imagen
2eff5910-2017-4602-add5-b0fba1d92194,9KSJBPSYN93YT,Z326  Zoomed Habba Hut Medium,decor,Roche Et Bois/Cork,decor,No,0,No,No,Zoo Med,Zoomed Habba Hut Medium,No — falta stock/imagen
b42fd293-c3fb-4c5b-a2ff-a42cf5bf58ef,K1PY7FZSTDSGP,Z327 Zoomed Habba Hut Large,decor,Roche Et Bois/Cork,decor,No,0,No,No,Zoo Med,Zoomed Habba Hut Large,No — falta stock/imagen
669098cb-610b-407b-a869-10b606f7ab80,EK7J28XED33CM,Z328 Zoomed Habba Hut X-Large,decor,Roche Et Bois/Cork,decor,No,0,No,No,Zoo Med,Zoomed Habba Hut X-Large,No — falta stock/imagen
104c34e6-f953-40a3-b790-fbcdca5661f6,2H0J3A4HSJZBC,Zoomed Repti Rock Water Dish XS,decor,Decoration,decor,No,0,No,No,Zoo Med,Zoomed Repti Rock Water Dish XS,No — falta stock/imagen
fe079ae4-e3e1-4127-a307-e84bc56903c7,2WFTVQSNCNBYG,bamboo 2$/pied,decor,Decoration,decor,No,0,No,No,,bamboo 2$/pied,No — falta stock/imagen
778fa236-6451-4e47-bdf2-c6e17d163d6b,6C71VV9S8Q01W,kaytee wheel,decor,Decoration,decor,No,0,No,No,,kaytee wheel,No — falta stock/imagen
e7d78fb0-aaea-44be-8c9c-5e9bac2abbd0,7Y8ABWMHQG66Y,10187 La Swamp Coléoptère de l'arachide,food_live,Insecte Vivant,food_live,No,0,No,No,La Swamp / misc SKU,La Swamp Coléoptère de l'arachide,No — falta stock/imagen
59dd0cad-2fc7-4005-9287-377c05bdc9d3,9XD71PZRJ4XM4,Cricket 100,food_live,Insecte Vivant,food_live,No,0,No,No,,Cricket 100,No — falta stock/imagen
3f9ef140-abe7-431f-8d83-e478a9e702ec,A27EV8136XQR0,Cricket 1000,food_live,Insecte Vivant,food_live,No,0,No,No,,Cricket 1000,No — falta stock/imagen
720b9a62-fbf8-4c93-bb9d-f9b1e7f52b28,N8TJM51T6J71R,Cricket 12,food_live,Insecte Vivant,food_live,No,0,No,No,,Cricket 12,No — falta stock/imagen
f675eef1-e43b-4bef-9897-8c26774d6605,KHSCAV6M1MJF2,Cricket 25,food_live,Insecte Vivant,food_live,No,0,No,No,,Cricket 25,No — falta stock/imagen
41272b57-7b98-45b4-aa7a-6d58387089bf,CQ4DMG4Q97D46,Cricket 250,food_live,Insecte Vivant,food_live,No,0,No,No,,Cricket 250,No — falta stock/imagen
b16530e5-07b9-40b4-8a24-e8cc81e4d35d,0WYG08TW6ZK6E,Cricket 50,food_live,Insecte Vivant,food_live,No,0,No,No,,Cricket 50,No — falta stock/imagen
f4962c60-bf87-4bb0-824b-a74f8c60d9da,MH62WVHTW242W,Cricket 500,food_live,Insecte Vivant,food_live,No,0,No,No,,Cricket 500,No — falta stock/imagen
0079f23e-f533-4631-b953-742d290a7f9a,DNPN93T4W6EC8,Cricket a Bande Banded Cricket,food_live,Insecte Vivant,food_live,No,0,No,No,,Cricket a Bande Banded Cricket,No — falta stock/imagen
e5373f7b-c5f7-4088-bf7a-b75cfcb7b41a,13C3M09KP2HJ0,FFH fruit fly culture Hydei Big Bites,food_live,Insecte Vivant,food_live,No,0,No,No,,fruit fly culture Hydei Big Bites,No — falta stock/imagen
cb929237-1b82-4f23-989a-4f39e90374a0,48117V2PVP57W,FFH fruit fly culture Hydei Big Bites Petit,food_live,Insecte Vivant,food_live,No,0,No,No,,fruit fly culture Hydei Big Bites Petit,No — falta stock/imagen
26456388-0792-4dd1-9aa1-63d744905bef,G31Z73EAQG9B4,FFM Fruit Fly Culture Melanogaster,food_live,Insecte Vivant,food_live,No,0,No,No,,Fruit Fly Culture Melanogaster,No — falta stock/imagen
2567eed3-7dfc-4777-82d2-89f35f119bcd,MME65B5C0FZVJ,FFM Fruit Fly Culture Melanogaster Petit,food_live,Insecte Vivant,food_live,No,0,No,No,,Fruit Fly Culture Melanogaster Petit,No — falta stock/imagen
d229abe1-a7e4-4938-830e-afa0975972ae,28AB60KGXB4KR,Giant Mealworm 10,food_live,Insecte Vivant,food_live,No,0,No,No,,Giant Mealworm 10,No — falta stock/imagen
49568705-0664-43e7-a354-dea2f002fa7d,A7EAQ06DFR2CE,Giant Mealworm 100,food_live,Insecte Vivant,food_live,No,0,No,No,,Giant Mealworm 100,No — falta stock/imagen
b7a419a3-92e4-4736-9f09-7679af1eaf5d,SSS6PBTB4DTD8,Giant Mealworm 1000,food_live,Insecte Vivant,food_live,No,0,No,No,,Giant Mealworm 1000,No — falta stock/imagen
25420fd1-a1e7-46a7-9d48-df01ba393df6,JTS1QED88EWYR,Giant Mealworm 25,food_live,Insecte Vivant,food_live,No,0,No,No,,Giant Mealworm 25,No — falta stock/imagen
3f1c801a-a671-4dbd-93d0-7f678dc6c6d5,3971S1C7X5MVM,Giant Mealworm 250,food_live,Insecte Vivant,food_live,No,0,No,No,,Giant Mealworm 250,No — falta stock/imagen
393915c3-472c-4ff8-bacb-8ca766883fa9,QQSREPN7PD32A,Giant Mealworm 50,food_live,Insecte Vivant,food_live,No,0,No,No,,Giant Mealworm 50,No — falta stock/imagen
55e7c5e1-d36e-44aa-b09d-d57da9609acd,HVC7PQREY336T,Giant Mealworm 500,food_live,Insecte Vivant,food_live,No,0,No,No,,Giant Mealworm 500,No — falta stock/imagen
1e062aa2-b3d1-4a77-af35-5ea40f11f705,MW01C0D3YHZEY,Gros  V-Goliath / Hornworms,food_live,Insecte Vivant,food_live,No,0,No,No,,Gros  V-Goliath / Hornworms,No — falta stock/imagen
099fb904-12f2-44ad-a1ee-233bae8dff36,8QQVHZN657RBP,Moyen   V-Goliath / Hornworms,food_live,Insecte Vivant,food_live,No,0,No,No,,Moyen   V-Goliath / Hornworms,No — falta stock/imagen
721a05fe-0479-4b26-8530-d53927d276c4,E756ZW3E9RD9E,Tlitocatl Vagan,food_live,Insecte Vivant,food_live,No,0,No,No,,Tlitocatl Vagan,No — falta stock/imagen
f60e1be7-fbdc-46f3-a9ee-56a8f0616ae5,QM5XE1P62KBVE,V-Cire / Wax Worms 10,food_live,Insecte Vivant,food_live,No,0,No,No,,V-Cire / Wax Worms 10,No — falta stock/imagen
09ad7c74-3175-40b8-99b4-c30fdf3a4c6e,X04TK6W7ZWBGT,V-Cire / Wax Worms 100,food_live,Insecte Vivant,food_live,No,0,No,No,,V-Cire / Wax Worms 100,No — falta stock/imagen
b1b6c6c3-6f02-40eb-b285-27be6ee062c6,12MF3YCSAZ88P,V-Cire / Wax Worms 25,food_live,Insecte Vivant,food_live,No,0,No,No,,V-Cire / Wax Worms 25,No — falta stock/imagen
407925cd-da37-469d-8812-8d007083a648,VCKQXNYT347VA,V-Cire / Wax Worms 250,food_live,Insecte Vivant,food_live,No,0,No,No,,V-Cire / Wax Worms 250,No — falta stock/imagen
d9eeb0ed-b597-4ce2-b4be-653c456d779e,2MJV8YW3SJ5T2,V-Cire / Wax Worms 50,food_live,Insecte Vivant,food_live,No,0,No,No,,V-Cire / Wax Worms 50,No — falta stock/imagen
fe2395e8-e386-4d02-a8b9-46bda66dc728,06D5VCBS10A7A,V-Mealworms 100,food_live,Insecte Vivant,food_live,No,0,No,No,,V-Mealworms 100,No — falta stock/imagen
6cdcba4e-e2b8-40a9-b5b0-4c8b1c2268ad,Z14EY9T5H7QP8,V-Mealworms 1000,food_live,Insecte Vivant,food_live,No,0,No,No,,V-Mealworms 1000,No — falta stock/imagen
954e63b6-1337-4ade-8001-2c6190034b40,SW919NQNA3B6J,V-Mealworms 250,food_live,Insecte Vivant,food_live,No,0,No,No,,V-Mealworms 250,No — falta stock/imagen
73c3c15f-e9ae-4bb5-8886-41f13675af22,0ESVPE7W8F34G,V-Mealworms 50,food_live,Insecte Vivant,food_live,No,0,No,No,,V-Mealworms 50,No — falta stock/imagen
b5c89d00-9f03-46f1-a103-94f938b26997,XNRRCK10W74JJ,V-Mealworms 500,food_live,Insecte Vivant,food_live,No,0,No,No,,V-Mealworms 500,No — falta stock/imagen
c49589a1-6973-459f-b03c-0761c5149c70,42GY6WGH39VGR,V-Phoenix 100,food_live,Insecte Vivant,food_live,No,0,No,No,,V-Phoenix 100,No — falta stock/imagen
aa7ed7b0-d5e7-4a78-8752-6a445997ecf6,4GR5XM4W83R3G,V-Phoenix 12,food_live,Insecte Vivant,food_live,No,0,No,No,,V-Phoenix 12,No — falta stock/imagen
77aa5075-f795-41fc-8177-a61dcc0b4b89,3VBPXATBSAMTC,V-Phoenix 25,food_live,Insecte Vivant,food_live,No,0,No,No,,V-Phoenix 25,No — falta stock/imagen
10d1650b-6e5e-4270-b2be-1dfce85cd252,T61TDBKMR0EJE,V-Phoenix 250,food_live,Insecte Vivant,food_live,No,0,No,No,,V-Phoenix 250,No — falta stock/imagen
2718743a-c8ee-4dbd-b0c0-f0d397c37110,ZW5NEHSVA3K42,V-Phoenix 50,food_live,Insecte Vivant,food_live,No,0,No,No,,V-Phoenix 50,No — falta stock/imagen
6074754d-c356-4196-8656-a5e8eccb3734,C4KP7WM2102RY,V-Soie / Silkworms,food_live,Insecte Vivant,food_live,No,0,No,No,,V-Soie / Silkworms,No — falta stock/imagen
8c3e4c36-f2ff-4e5a-8156-90d1b339d490,K2WTNY446H5FY,V-Superworms  25,food_live,Insecte Vivant,food_live,No,0,No,No,,V-Superworms  25,No — falta stock/imagen
1d4d2555-cfdf-4239-916d-f1aa730f4aa3,2GVM21FT098PR,V-Superworms 10,food_live,Insecte Vivant,food_live,No,0,No,No,,V-Superworms 10,No — falta stock/imagen
4de3498d-c88b-4e9f-b746-c8fe001fc885,7JYGJRGWQ8YGM,V-Superworms 100,food_live,Insecte Vivant,food_live,No,0,No,No,,V-Superworms 100,No — falta stock/imagen
9371e03d-5186-4629-ba03-410ef32056f5,TFPCJ8YD1GV56,V-Superworms 1000,food_live,Insecte Vivant,food_live,No,0,No,No,,V-Superworms 1000,No — falta stock/imagen
5cfe2cff-e64e-4575-a3cd-0146bf3dd242,1Y69STVY95J8P,V-Superworms 250,food_live,Insecte Vivant,food_live,No,0,No,No,,V-Superworms 250,No — falta stock/imagen
d4536c3e-28dc-4675-8acf-d4f0a941a2b0,VVV6EXZVX217C,V-Superworms 50,food_live,Insecte Vivant,food_live,No,0,No,No,,V-Superworms 50,No — falta stock/imagen
e263a567-c42e-402a-9b94-1e09e2ea69ad,35WKM6Q3V0G7T,V-Superworms 500,food_live,Insecte Vivant,food_live,No,0,No,No,,V-Superworms 500,No — falta stock/imagen
38746b39-7f48-4b1c-b939-dcff7ed6a084,NMJ9S7BH3TW36,13894 Reptile Munchie Omni Mix 4OZ,food_packaged,Nourriture,food_packaged,No,0,No,No,,Reptile Munchie Omni Mix 4OZ,No — falta stock/imagen
b37cd711-6fbd-4e4c-bd82-45a643e1d64a,BZNYDS4AQG5SC,13896 Reptile Munchies Fruit Mix 2.5OZ,food_packaged,Nourriture,food_packaged,No,0,No,No,,Reptile Munchies Fruit Mix 2.5OZ,No — falta stock/imagen
47a5a085-8ef9-41ae-9ec6-b32216a515e3,X60TZ5S9GNJT8,28808 Tropical Axolotl,food_packaged,Nourriture,food_packaged,No,0,No,No,,Tropical Axolotl,No — falta stock/imagen
9439f3f2-d83f-46af-baa8-0d15a2c69c5d,0WDCDHP7JRDBJ,31071 Hikari Frozen Mysis Shrimp Jumbo 4oz,food_packaged,Nourriture,food_packaged,No,0,No,No,,Hikari Frozen Mysis Shrimp Jumbo 4oz,No — falta stock/imagen
52be5316-e970-4ee7-8e59-fd6de063c9e9,DDYGHNJSFAHCP,5MKJ Mazuri Bearded Dragon diet 8oz,food_packaged,Nourriture,food_packaged,No,0,No,No,Mazuri,Mazuri Bearded Dragon diet 8oz,No — falta stock/imagen
0ff71d48-b7df-4d73-baa5-54458bee0179,3CREYZW0VZ7MJ,64186 Fluker's Canned Dubia Roaches 1.2 oz,food_packaged,Nourriture,food_packaged,No,0,No,No,,Fluker's Canned Dubia Roaches 1.2 oz,No — falta stock/imagen
216cf9f8-1497-467e-af53-d18a916582e3,ZTJZ11GA38PXJ,65403 Botanicals Botte de Foin des Prés,food_packaged,Nourriture,food_packaged,No,0,No,No,La Swamp / misc SKU,Botanicals Botte de Foin des Prés,No — falta stock/imagen
8e921208-b57e-423b-bcea-09faf349729a,DZMWQQJTGV3T4,78394 Zoomed Blue Tongue Skink & Tegu Food 6oz,food_packaged,Nourriture,food_packaged,No,0,No,No,La Swamp / misc SKU,Zoomed Blue Tongue Skink & Tegu Food 6oz,No — falta stock/imagen
667861bb-9506-4ca3-b10d-9a0afe50e56c,6B6DYTNK50J40,90408 Zilla Herb Medley Diet 4oz,food_packaged,Nourriture,food_packaged,No,0,No,No,Zilla,Zilla Herb Medley Diet 4oz,No — falta stock/imagen
aecdb555-e576-4f05-9960-9651830b0053,TZB8WWD994AHG,A9637 Moules hachées SFBB 100g (3.5oz),food_packaged,Nourriture,food_packaged,No,0,No,No,,Moules hachées SFBB 100g (3.5oz),No — falta stock/imagen
1e623b0b-75d3-4323-85df-3d5090c67066,CEGMQV8JPZ3PA,BB-51 ZooMed Aquatic Turtle Banquet Block,food_packaged,Nourriture,food_packaged,No,0,No,No,Zoo Med,BB-51 ZooMed Aquatic Turtle Banquet Block,No — falta stock/imagen
30baf518-76f7-42a7-9679-75648dd16c7d,HEJPZS0XQMNRJ,CNA0200 Choix Nature 200 gr,food_packaged,Nourriture,food_packaged,No,0,No,No,,CNA0200 Choix Nature 200 gr,No — falta stock/imagen
305cd647-cfdf-4cc1-8554-e5b5e75d6cae,RY9N80H7QSHWP,Caille Adulte Congelé,food_packaged,Nourriture,food_packaged,No,0,No,No,,Caille Adulte Congelé,No — falta stock/imagen
5e1a1055-ac5f-4857-9580-0042a5d11a2a,MCSMPYQYZ28M8,DR006 Repashy Classic Fruit Blend 3oz,food_packaged,Nourriture,food_packaged,No,0,No,No,Repashy,Repashy Classic Fruit Blend 3oz,No — falta stock/imagen
bcf06127-ec69-404b-9f93-41e78ac907b2,GYSJCNRSYBCW4,DR007 Repashy Classic Fruit Blend 6oz,food_packaged,Nourriture,food_packaged,No,0,No,No,Repashy,Repashy Classic Fruit Blend 6oz,No — falta stock/imagen
42672c1f-def1-46f5-8f44-f35a785729bc,VRYEETF0ARKAC,DR016 Repashy Grubs'n'Fruit 3oz,food_packaged,Nourriture,food_packaged,No,0,No,No,Repashy,Repashy Grubs'n'Fruit 3oz,No — falta stock/imagen
a134f198-9c3d-4ddc-8b9b-27281222e18a,QPE56HNGP587T,DR017 Repashy Grubs'n'Fruit,food_packaged,Nourriture,food_packaged,No,0,No,No,Repashy,Repashy Grubs'n'Fruit,No — falta stock/imagen
5f28d41a-7d19-4490-8ed4-a40da62cd9da,R2W27G2SPBH9P,DR021 Repashy Pumpkin Pie 3oz,food_packaged,Nourriture,food_packaged,No,0,No,No,Repashy,Repashy Pumpkin Pie 3oz,No — falta stock/imagen
56fabe26-d181-4e7c-b4cf-8e95cd5fa876,JE3XP0YVQGGBP,DR022 Repashy Pumpkin Pie 6oz,food_packaged,Nourriture,food_packaged,No,0,No,No,Repashy,Repashy Pumpkin Pie 6oz,No — falta stock/imagen
524c7dd1-6746-4394-8915-0d091629e70c,1JQEQBPZM7AHW,DR031 Repashy Savory Stew Jar 3 oz,food_packaged,Nourriture,food_packaged,No,0,No,No,Repashy,Repashy Savory Stew Jar 3 oz,No — falta stock/imagen
5b423dbb-ecdf-4eb5-8dfa-e10b43f8eeb1,8PTY6AS157MY2,DR036 Grub Pie 3oz,food_packaged,Nourriture,food_packaged,No,0,No,No,Repashy,Grub Pie 3oz,No — falta stock/imagen
04d655db-31c0-4f79-814f-81a0caea811b,W0V5ASAJCC3DJ,DR037 Grub Pie 6oz,food_packaged,Nourriture,food_packaged,No,0,No,No,Repashy,Grub Pie 6oz,No — falta stock/imagen
83da8398-997c-4a64-b7ef-a5035cbdbf0f,DHBE9RRRD02FY,DR040 Repashy Grubpie  70.4 oz,food_packaged,Nourriture,food_packaged,No,0,No,No,Repashy,Repashy Grubpie  70.4 oz,No — falta stock/imagen
41eade16-30a0-4e3d-80bf-d61c92ccc1fd,22EV5X8F897YJ,DR041 Super Veggie 3oz Repashy,food_packaged,Nourriture,food_packaged,No,0,No,No,Repashy,Super Veggie 3oz Repashy,No — falta stock/imagen
aa12ddff-7860-41f5-81d9-cfdbe34c7220,JHKEX3WMT741R,DR042 Super Veggie 6oz Repashy,food_packaged,Nourriture,food_packaged,No,0,No,No,Repashy,Super Veggie 6oz Repashy,No — falta stock/imagen
7025f75f-f4cc-4435-94f1-d8747186f30b,HRBSCARJXS9PA,DR052 Repashy Grassland Grazer 6oz,food_packaged,Nourriture,food_packaged,No,0,No,No,Repashy,Repashy Grassland Grazer 6oz,No — falta stock/imagen
b49bbc60-c502-46e3-a67d-87f3dca9130a,F85B9ZMGQZD8R,DR061 Veggie Burger 3oz,food_packaged,Nourriture,food_packaged,No,0,No,No,Repashy,Veggie Burger 3oz,No — falta stock/imagen
9126e47e-2409-4dd5-833d-6df9ee43b127,ZRS18138M8QJT,DR062 Veggie Burger 6oz,food_packaged,Nourriture,food_packaged,No,0,No,No,Repashy,Veggie Burger 6oz,No — falta stock/imagen
2ffd86c2-5d3a-48b4-9742-c4f732753442,XKNKKC5WFM07R,DR066 Beardie Buffet 3oz,food_packaged,Nourriture,food_packaged,No,0,No,No,Repashy,Beardie Buffet 3oz,No — falta stock/imagen
d5b651b0-18e5-4de5-8972-208c6f6b3dcd,EPWQE9DYCAJR2,DR076 Banana Cream Pie 3Oz,food_packaged,Nourriture,food_packaged,No,0,No,No,Repashy,Banana Cream Pie 3Oz,No — falta stock/imagen
a53e0bcc-0ed0-4996-9c36-964d42eacf45,CX44WW36JWYWW,DR077 Banana Cream Pie 6 Oz,food_packaged,Nourriture,food_packaged,No,0,No,No,Repashy,Banana Cream Pie 6 Oz,No — falta stock/imagen
3db46432-e7ea-4f6a-8d74-58dda899a2bd,Y7YQWJBG1CNYJ,DR081 Repashy Bluey Buffet 3oz,food_packaged,Nourriture,food_packaged,No,0,No,No,Repashy,Repashy Bluey Buffet 3oz,No — falta stock/imagen
e57dc4b9-6d52-432a-9dc0-5299a95b2663,QGB2BR0X0AJMM,DR082 Repashy Bluey Buffet 6oz. Blue Tongue,food_packaged,Nourriture,food_packaged,No,0,No,No,Repashy,Repashy Bluey Buffet 6oz. Blue Tongue,No — falta stock/imagen
51a78860-53e0-4cd7-9738-29d54b890492,90AQQR0XM3NT8,DR087 Repashy Grasshopper Pie 6oz.,food_packaged,Nourriture,food_packaged,No,0,No,No,Repashy,Repashy Grasshopper Pie 6oz.,No — falta stock/imagen
c741ba17-9eb5-4fa5-bc84-52f2e126c2a8,FDB8FBRPXK1BG,DR101 Repashy Superfoods Calcium Plus 3oz 85g,food_packaged,Nourriture,food_packaged,No,0,No,No,Repashy,Repashy Superfoods Calcium Plus 3oz 85g,No — falta stock/imagen
a35c435c-836a-4e07-95f4-55d8ab618c91,C4ZFBKVPB56WY,DR102 Repashy Superfoods Calcium Plus 6oz 170g,food_packaged,Nourriture,food_packaged,No,0,No,No,Repashy,Repashy Superfoods Calcium Plus 6oz 170g,No — falta stock/imagen
6194a80a-af22-4adc-988d-bd0ee7bc57d1,6RSX4JZK6EH8C,DR142 Supercal Lo D 6oz,food_packaged,Nourriture,food_packaged,No,0,No,No,Repashy,Supercal Lo D 6oz,No — falta stock/imagen
4fd65651-50a3-4c64-a5d7-946dd3f6e05f,X4GVVFFKDHVMJ,DR162 Repashy Supercal HyD 6oz,food_packaged,Nourriture,food_packaged,No,0,No,No,Repashy,Repashy Supercal HyD 6oz,No — falta stock/imagen
1b66eae8-1a9a-423b-b67f-e459cc07ba50,TXXKC1VRAYG88,DR201 Repashy Supervite 3oz,food_packaged,Nourriture,food_packaged,No,0,No,No,Repashy,Repashy Supervite 3oz,No — falta stock/imagen
0ce593f1-444c-4c4c-8a29-e02e14513669,KW018MQ5FHK24,DR216 Repashy Crested Gecko Mango Tango,food_packaged,Nourriture,food_packaged,No,0,No,No,Repashy,Repashy Crested Gecko Mango Tango,No — falta stock/imagen
3423ad2e-4bc2-44b8-b4b5-5451a40770d6,VFPEW5XCBC674,DR222 Repashy Reptile Meat Pie 6oz.,food_packaged,Nourriture,food_packaged,No,0,No,No,Repashy,Repashy Reptile Meat Pie 6oz.,No — falta stock/imagen
f5d052a9-3c4d-46d0-95ce-5621d2f54f3f,9FJEPRFT19WZE,DR226 Repashy Superfoods Chicken Pot Pie 3oz 85g,food_packaged,Nourriture,food_packaged,No,0,No,No,Repashy,Repashy Superfoods Chicken Pot Pie 3oz 85g,No — falta stock/imagen
029306e9-a4fa-42ea-80c6-a288dde60cee,F21SRWHSYCV4C,DR306 Repashy Superhorn 3oz,food_packaged,Nourriture,food_packaged,No,0,No,No,Repashy,Repashy Superhorn 3oz,No — falta stock/imagen
9dc23768-7083-46aa-ae52-b1d8f2236d1c,PXVAVS951F1TW,DR316 Repashy Isopod Morning Wood 3oz.,food_packaged,Nourriture,food_packaged,No,0,No,No,Repashy,Repashy Isopod Morning Wood 3oz.,No — falta stock/imagen
74ff929d-3dd3-4ef5-b972-448b3f6c5da4,6PF9RX3A8P2WR,DR322 Repashy Superfly 6oz.,food_packaged,Nourriture,food_packaged,No,0,No,No,Repashy,Repashy Superfly 6oz.,No — falta stock/imagen
78cdcc73-8f67-438b-8aad-367ecd0ef954,3VE6FAMYPECVJ,DR331 Repashy Superload 3oz.,food_packaged,Nourriture,food_packaged,No,0,No,No,Repashy,Repashy Superload 3oz.,No — falta stock/imagen
acce8970-cc24-4903-8647-1d2eb23ac02e,YK0ZB0C89XY2C,ECHANTION PURÉ PROBUGS,food_packaged,Nourriture,food_packaged,No,0,No,No,,ECHANTION PURÉ PROBUGS,No — falta stock/imagen
3d767f4a-7c0c-4c77-9bab-971b5947e283,BDSBWZTTH6YG2,FFHY Josh's Frogs Hydei Fruit Fly Media,food_packaged,Nourriture,food_packaged,No,0,No,No,,Josh's Frogs Hydei Fruit Fly Media,No — falta stock/imagen
dda53996-4fa0-405f-a393-4454f90d7353,RJX347VSDRPY2,H20611 Hikari Herptile Crest Gel 50g (1.76 oz),food_packaged,Nourriture,food_packaged,No,0,No,No,,Hikari Herptile Crest Gel 50g (1.76 oz),No — falta stock/imagen
bdc6342e-2a8f-47bf-8806-25f245e2380e,RGKKNJWMAQH6W,H20616 Hikari Herptile Dragon Gel 60g (2.11oz),food_packaged,Nourriture,food_packaged,No,0,No,No,,Hikari Herptile Dragon Gel 60g (2.11oz),No — falta stock/imagen
f14c495f-9610-4b34-8ff4-61e901c774dc,5FK3GNDZ1ENP8,H21915  Hikari Sinking Carnivore,food_packaged,Nourriture,food_packaged,No,0,No,No,,Hikari Sinking Carnivore,No — falta stock/imagen
ab414ee2-5eea-4074-9e97-d093bfcde26e,BA60B0TTEECYM,H33201 Hikari Freeze Dried Bloodworm 0.42oz,food_packaged,Nourriture,food_packaged,No,0,No,No,,Hikari Freeze Dried Bloodworm 0.42oz,No — falta stock/imagen
4841d38a-5d9c-468b-8527-678c75545219,5Y97Z00JWRMK8,H33417 Hikari Freeze Dried Krill 3.53oz,food_packaged,Nourriture,food_packaged,No,0,No,No,,Hikari Freeze Dried Krill 3.53oz,No — falta stock/imagen
052637de-1bee-40be-9c77-9d9302921ccc,PWGJ86C9KJZME,HF30320 Daphnia Cube 3.5oz,food_packaged,Nourriture,food_packaged,No,0,No,No,,HF30320 Daphnia Cube 3.5oz,No — falta stock/imagen
874e821d-e5a5-43de-a650-c9e2ef0cb50e,YT0J6MKM75FHM,HH1668 Mazuri Timothy Guinea Pig Diet 5lb,food_packaged,Nourriture,food_packaged,No,0,No,No,Mazuri,Mazuri Timothy Guinea Pig Diet 5lb,No — falta stock/imagen
641172da-8e94-4139-8634-3367526b07e8,XF1CMMZ5MFC0J,HH1672 Mazuri Rat Et Mouse Diet 2lb,food_packaged,Nourriture,food_packaged,No,0,No,No,Mazuri,Mazuri Rat Et Mouse Diet 2lb,No — falta stock/imagen
b7334138-1b08-4a72-bb1d-995154d1d65b,S281D14PHN5SM,HH1678 Mazuri Ferret Diet 5lb,food_packaged,Nourriture,food_packaged,No,0,No,No,Mazuri,Mazuri Ferret Diet 5lb,No — falta stock/imagen
357d3500-39b5-4935-aeb5-73df0922d524,PEECNEJSP2EW6,JF00693 Josh's Frogs Dart Frog Tadpole Food,food_packaged,Nourriture,food_packaged,No,0,No,No,,JF00693 Josh's Frogs Dart Frog Tadpole Food,No — falta stock/imagen
89b7a794-9953-433d-b06b-74b630fee4b4,T87QB5HF8J1XY,PB001 Probugs Dubia Cockroaches,food_packaged,Nourriture,food_packaged,No,0,No,No,,Probugs Dubia Cockroaches,No — falta stock/imagen
5bb46dff-e40c-43e1-8a2c-f77e1305d757,4TK41BSVWW166,PB003 Probugs Dubia Coakroaches - Small 150 gr,food_packaged,Nourriture,food_packaged,No,0,No,No,,Probugs Dubia Coakroaches - Small 150 gr,No — falta stock/imagen
1af4cbbb-1694-4009-88c9-9cd9513348e0,TQVN8B5HWS5J0,PB017 Probugs Grasshoppers,food_packaged,Nourriture,food_packaged,No,0,No,No,,Probugs Grasshoppers,No — falta stock/imagen
ea5d9d24-7df8-4a10-a5a5-cc553159bbb2,CGZ28960A5CF2,PB026 Probugs Eco-Fresh Soldier Fly Larvae (Vers Phoenix),food_packaged,Nourriture,food_packaged,No,0,No,No,,Probugs Eco-Fresh Soldier Fly Larvae (Vers Phoenix),No — falta stock/imagen
31a49fe4-71e8-49e7-81ec-ed95f5dbde73,PAJJA0R25SQ0A,PB035 Probugs Eco-Fresh Centipede,food_packaged,Nourriture,food_packaged,No,0,No,No,,Probugs Eco-Fresh Centipede,No — falta stock/imagen
5c500af1-1220-4e3b-8be9-246c1c9fb1a8,2JNHW6CAXHMFC,PB038 ProBugs Eco-Fresh Scorpion,food_packaged,Nourriture,food_packaged,No,0,No,No,,ProBugs Eco-Fresh Scorpion,No — falta stock/imagen
38fd563a-e61b-4119-8817-ee26f7dc8c1e,0BAY9H3YAGA0Y,PB101 Probugs Dubia Cockroach Dubipurée 80g,food_packaged,Nourriture,food_packaged,No,0,No,No,,Probugs Dubia Cockroach Dubipurée 80g,No — falta stock/imagen
d86ffd2b-fe76-4287-aae6-7c847ea8a047,GBQQBGW0X701J,PB104 Probugs DubiPurée Sticks 5g x 12,food_packaged,Nourriture,food_packaged,No,0,No,No,,Probugs DubiPurée Sticks 5g x 12,No — falta stock/imagen
8addc847-21ee-4d38-b932-d390ea2f7010,ZY5GA5A8097WC,PB107 Probugs Hornworm Hornipurée 80g,food_packaged,Nourriture,food_packaged,No,0,No,No,,Probugs Hornworm Hornipurée 80g,No — falta stock/imagen
5f5b3381-752a-4f88-8150-6722f14b0479,R1CYPRKGCE47W,PB110 HorniPurée Sticks 5g x 12,food_packaged,Nourriture,food_packaged,No,0,No,No,,HorniPurée Sticks 5g x 12,No — falta stock/imagen
46f3325b-0129-4e44-8d25-8f8bdfaa2032,8JYCDTKCJXR94,PB113 Probugs Silkworm Silkipurée 80g,food_packaged,Nourriture,food_packaged,No,0,No,No,,Probugs Silkworm Silkipurée 80g,No — falta stock/imagen
cb311763-a24e-498d-85d3-474e3ccc05e8,FDAW5XXERY1GG,PB116 SilkiPurée Sticks 5g x 12,food_packaged,Nourriture,food_packaged,No,0,No,No,,SilkiPurée Sticks 5g x 12,No — falta stock/imagen
05591f89-8b48-4c6f-a386-7d45d97fce91,ST966YZJ26B82,PB119 CrickiPurée Bag 80gr,food_packaged,Nourriture,food_packaged,No,0,No,No,,CrickiPurée Bag 80gr,No — falta stock/imagen
9f44f7e4-5b7a-48fc-892b-8c7c3b8704ea,CCACD3EDG45AE,PB122 CrickiPurée Sticks 5g x 12,food_packaged,Nourriture,food_packaged,No,0,No,No,,CrickiPurée Sticks 5g x 12,No — falta stock/imagen
95393184-b7eb-41e1-9209-f2b82e68d066,AEB4CHTFPQAPG,PB125 ProBugs InsecXFruits 80g,food_packaged,Nourriture,food_packaged,No,0,No,No,,ProBugs InsecXFruits 80g,No — falta stock/imagen
4827d949-096b-4631-b19d-2d7b6793ea52,NCBVVJPBX5Z9Y,PB128 ProBugs InsecXFruits Banana Stick 5g x 12,food_packaged,Nourriture,food_packaged,No,0,No,No,,ProBugs InsecXFruits Banana Stick 5g x 12,No — falta stock/imagen
2d04b6fa-8f28-49f4-aa3c-32ad488d4f66,53C3C7MTXYBF4,PB134 ProBugs InsectXFruits Watermelon Stick 5g x 12,food_packaged,Nourriture,food_packaged,No,0,No,No,,ProBugs InsectXFruits Watermelon Stick 5g x 12,No — falta stock/imagen
edc8d739-adec-453a-b526-afbaa8d7ecd3,XKAZD9RGAW37A,PT1950 Can Sauterelles 34g,food_packaged,Nourriture,food_packaged,No,0,No,No,Exo Terra,Can Sauterelles 34g,No — falta stock/imagen
1f7934e2-ad94-4c4c-9735-66fa59085db1,GHM13B5GT4DBW,PT1952 Can Sauterelles (TG) 34g,food_packaged,Nourriture,food_packaged,No,0,No,No,Exo Terra,Can Sauterelles (TG) 34g,No — falta stock/imagen
bcc75f60-96ff-4493-93fb-242cbb736d91,QFY57GEX3H3FW,PT1954 Can Vers Soie (M) 34g,food_packaged,Nourriture,food_packaged,No,0,No,No,Exo Terra,Can Vers Soie (M) 34g,No — falta stock/imagen
f12e2c44-7607-498d-870d-dae7311ac79d,80FMF045Y4K02,PT1956 Can Escargot 48g,food_packaged,Nourriture,food_packaged,No,0,No,No,Exo Terra,Can Escargot 48g,No — falta stock/imagen
19989f96-345f-49fc-8616-d9b37184dbe1,8XQN2VEP2KE8E,PT1958 Can Vers Farine 34g,food_packaged,Nourriture,food_packaged,No,0,No,No,Exo Terra,Can Vers Farine 34g,No — falta stock/imagen
927bca40-71b6-46a1-938b-3cbb6106b8c1,QPPNHH7ZP7ETC,PT1960 Can Grillon 34g,food_packaged,Nourriture,food_packaged,No,0,No,No,Exo Terra,Can Grillon 34g,No — falta stock/imagen
0314596d-89ee-4ea8-874f-c3d39d27f7eb,NGT9HVYRW0JDM,PT1962 Can Grillons (TG) 34g,food_packaged,Nourriture,food_packaged,No,0,No,No,Exo Terra,Can Grillons (TG) 34g,No — falta stock/imagen
68aab6a5-c853-48fa-ad59-1c2afa6f3bd9,7N8AQHYP1XYJ0,PT1964 Can Vers Morio 34g,food_packaged,Nourriture,food_packaged,No,0,No,No,Exo Terra,Can Vers Morio 34g,No — falta stock/imagen
61b59326-cca4-49c4-8aef-4fc4aedff1d5,ZBJ4CTR98QSC4,PT1966 Can Larves Mouches 34g,food_packaged,Nourriture,food_packaged,No,0,No,No,Exo Terra,Can Larves Mouches 34g,No — falta stock/imagen
7b106a05-3628-45d6-8eb5-d68ef9ed0d46,J0XPX5FYQJJJA,PT3260 Exo Terra Aliment pour Geckos A Crete (8 coupes) (PT3259),food_packaged,Nourriture,food_packaged,No,0,No,No,Exo Terra,Exo Terra Aliment pour Geckos A Crete (8 coupes) (PT3259),No — falta stock/imagen
42b88cf3-c3fd-4367-8600-6c7b041a02a1,N3XK64RC71RRE,Poussin 1 Jour Caille Congelée,food_packaged,Nourriture,food_packaged,No,0,No,No,,Poussin 1 Jour Caille Congelée,No — falta stock/imagen
18efb562-7a44-486b-91da-b25e1813a93a,YSQF7AWB6W2HR,Poussin De Caille 5 Jours,food_packaged,Nourriture,food_packaged,No,0,No,No,,Poussin De Caille 5 Jours,No — falta stock/imagen
e9e8212f-c162-4221-850a-2bd96e29bc39,APSYHQYY87VZ4,RR1020 Omega One Newt and Salamander pellets 1.2oz,food_packaged,Nourriture,food_packaged,No,0,No,No,,Omega One Newt and Salamander pellets 1.2oz,No — falta stock/imagen
8c3d6382-6940-4770-9c75-797703ff1d9e,D0ME3HCT7M42C,RR1102 Blue River Diets Mango Madness Gecko Diet 60g,food_packaged,Nourriture,food_packaged,No,0,No,No,,Blue River Diets Mango Madness Gecko Diet 60g,No — falta stock/imagen
b985830d-9203-4153-a990-3a8c0531f18e,DG1SX7S7C9992,RR4112 Mazuri Herbivorous Reptile Diet 8oz,food_packaged,Nourriture,food_packaged,No,0,No,No,Mazuri,Mazuri Herbivorous Reptile Diet 8oz,No — falta stock/imagen
e8f2b62c-1ec7-450a-bb0b-610d01bad684,37EM3FRW4MH9E,RR4118 Mazuri Tortoise Diet 1.25lb,food_packaged,Nourriture,food_packaged,No,0,No,No,Mazuri,Mazuri Tortoise Diet 1.25lb,No — falta stock/imagen
0816b6b7-7aa9-4836-8cd2-a31555b6c762,KS9Y90HE4TZJW,RR4119   5M21 Mazuri Tortoise Diet,food_packaged,Nourriture,food_packaged,No,0,No,No,Mazuri,RR4119   5M21 Mazuri Tortoise Diet,No — falta stock/imagen
928e1155-4c58-4df0-85e4-fa6ab5c2b700,SX1BJ5AG4GD9R,RR4120 MazuriAquatic Turtle Diet 12oz,food_packaged,Nourriture,food_packaged,No,0,No,No,Mazuri,MazuriAquatic Turtle Diet 12oz,No — falta stock/imagen
c39c89c1-f4c3-461c-867e-32a11d4e373d,GFHCMYAGMKBT4,RR4123 Mazuri Better Bug Gut Loading Diet 8oz,food_packaged,Nourriture,food_packaged,No,0,No,No,Mazuri,Mazuri Better Bug Gut Loading Diet 8oz,No — falta stock/imagen
c7c939b8-7eb1-4a1c-a75d-c4e6aaa34c21,X7V55CD2Y4Z7E,RR4150 Komodo Jelly Pots Mixed Flavours Display,food_packaged,Nourriture,food_packaged,No,0,No,No,,Komodo Jelly Pots Mixed Flavours Display,No — falta stock/imagen
5b49ac9c-eb11-4212-a78b-a9a12390bf07,Q95DV7FYX341C,Z548 Zoomed Cricket Calcium & Gutload Block,food_packaged,Nourriture,food_packaged,No,0,No,No,Zoo Med,Zoomed Cricket Calcium & Gutload Block,No — falta stock/imagen
6228d20a-b71c-4319-9136-7f29752f022d,S2BHJQT3DBXFE,Z6901 Gourmet Reptisticks 8.5oz,food_packaged,Nourriture,food_packaged,No,0,No,No,,Gourmet Reptisticks 8.5oz,No — falta stock/imagen
95b4a215-6663-4370-8279-28ae53e128a6,CGWFNZ7ZC1H0E,Z6911 Gourmet Box Turtle Food 15oz,food_packaged,Nourriture,food_packaged,No,0,No,No,,Gourmet Box Turtle Food 15oz,No — falta stock/imagen
c5df6c85-44b4-402f-a501-7c5974d6b4c8,7JGE29GBFEFEA,Z6921 Gourmet Tortoise Food 13.5 oz,food_packaged,Nourriture,food_packaged,No,0,No,No,,Gourmet Tortoise Food 13.5 oz,No — falta stock/imagen
b9129295-48fa-48c9-9724-c1f7fe2d9387,A3BS5XC2XXMMR,Z6931Gourmet Bearded Dragon Food 15oz,food_packaged,Nourriture,food_packaged,No,0,No,No,,Z6931Gourmet Bearded Dragon Food 15oz,No — falta stock/imagen
fb4f6bbe-2082-4fb8-a80e-6a2b223709a6,AW9YAK6F63204,Z6941 Gourmet Iguana Food 13oz,food_packaged,Nourriture,food_packaged,No,0,No,No,,Gourmet Iguana Food 13oz,No — falta stock/imagen
9cf3332c-9d11-42be-9a86-24842606d78f,8RHRY8WB4ZYB2,Z700 Aquatic Turtle Banquet Block 0.5oz,food_packaged,Nourriture,food_packaged,No,0,No,No,,Aquatic Turtle Banquet Block 0.5oz,No — falta stock/imagen
37c26559-e227-469a-882d-1e7863da4c65,BW505MD6WNRN2,Z700A Aquatic Turtle Banquet Block 1.4oz,food_packaged,Nourriture,food_packaged,No,0,No,No,,Aquatic Turtle Banquet Block 1.4oz,No — falta stock/imagen
5d03dbde-fe36-4390-8926-5f7b6079abb9,EKD9XEE32QDW6,Z704 Natural Aquatic Turtle Food - Growth Formula 30oz,food_packaged,Nourriture,food_packaged,No,0,No,No,,Natural Aquatic Turtle Food - Growth Formula 30oz,No — falta stock/imagen
a618796a-1910-4601-9f7a-05b1ebb4d2ef,A0NMDQAC4VCF4,Z7041 Natural Aquatic Turtle Food - Growth Formula 54oz,food_packaged,Nourriture,food_packaged,No,0,No,No,,Natural Aquatic Turtle Food - Growth Formula 54oz,No — falta stock/imagen
c386ad1d-9f20-4c51-a6ab-9ea4f850ce2f,RAQZ9HNPQ3YH0,Z710A Zoomed Tortoise Banquet Block,food_packaged,Nourriture,food_packaged,No,0,No,No,Zoo Med,Zoomed Tortoise Banquet Block,No — falta stock/imagen
f0a92b0a-92dc-42c2-b57c-92155b3e7b98,R0Y68BJHE0C6W,Z7121 Natural Box Turtle Food 20oz,food_packaged,Nourriture,food_packaged,No,0,No,No,,Natural Box Turtle Food 20oz,No — falta stock/imagen
00c5a68c-0b83-4838-b405-480c3aa59cc9,FGYG96EWS2ZP0,Z7141 Grassland Tortoise Food 15oz,food_packaged,Nourriture,food_packaged,No,0,No,No,,Grassland Tortoise Food 15oz,No — falta stock/imagen
335ff109-0314-4093-b4d8-53c7c4a3b832,RM8S0W0YQ4408,Z7151 Aquatic Turtle Food Maintenance Formula 12oz,food_packaged,Nourriture,food_packaged,No,0,No,No,,Aquatic Turtle Food Maintenance Formula 12oz,No — falta stock/imagen
9a45154f-1cdb-4cf9-b6ae-64ba39339189,VGSVSCGJ8M37M,Z7152 Aquatic Turtle Food Maintenance Formula 24oz,food_packaged,Nourriture,food_packaged,No,0,No,No,,Aquatic Turtle Food Maintenance Formula 24oz,No — falta stock/imagen
4da00a35-e5d6-4ff2-8ce8-89af6a76ad07,NVZTZ72XMA9KM,Z7153 Aquatic Turtle Food Maintenace Formula 45oz,food_packaged,Nourriture,food_packaged,No,0,No,No,,Aquatic Turtle Food Maintenace Formula 45oz,No — falta stock/imagen
71f6b73d-e7b8-4c6a-98fc-85746f910e4a,0XE416468WKRE,Z7161 Gourmet Aquatic Turtle Food 11oz,food_packaged,Nourriture,food_packaged,No,0,No,No,,Gourmet Aquatic Turtle Food 11oz,No — falta stock/imagen
a36aa551-eebe-480a-b094-76e3c46e5cbd,S59M13ZV603WM,Z7172 Reptisticks - Floating Aquatic Turtle Food 8 oz,food_packaged,Nourriture,food_packaged,No,0,No,No,,Reptisticks - Floating Aquatic Turtle Food 8 oz,No — falta stock/imagen
1e4d2d3f-b34d-495b-9d3d-ebc8cb29ada4,G54399AYSXFA4,Z7173 ReptiSticks Floating Aquatic Turtle Food 1lb 2oz,food_packaged,Nourriture,food_packaged,No,0,No,No,,ReptiSticks Floating Aquatic Turtle Food 1lb 2oz,No — falta stock/imagen
d0fea80d-23f4-46ab-aa0c-c8cc914a2c6f,Z6J286GQXTV24,Z7174 ReptiSticks Floating Aquatic Turtle Food  2.2lbs,food_packaged,Nourriture,food_packaged,No,0,No,No,,ReptiSticks Floating Aquatic Turtle Food  2.2lbs,No — falta stock/imagen
28c15071-6b68-4692-bec4-8edc1bc27a54,CFJNYN9260CQJ,Z719A Zoomed Grassland Tortoise Crumbles 16 oz,food_packaged,Nourriture,food_packaged,No,0,No,No,Zoo Med,Zoomed Grassland Tortoise Crumbles 16 oz,No — falta stock/imagen
0fa4b781-ccb3-4cd9-a441-07c27b0e3903,JV33ANNRX2MBY,Z721 CanO Superworm,food_packaged,Nourriture,food_packaged,No,0,No,No,,CanO Superworm,No — falta stock/imagen
fecab601-0190-4ae5-a509-6c77ef8d75d8,B0539ZGX87W72,Z726M Mini Mealies,food_packaged,Nourriture,food_packaged,No,0,No,No,,Mini Mealies,No — falta stock/imagen
246e2b6b-ca5a-417e-8b19-aade57d84679,1AH6GAWMCXT7P,Z730 Can O Bloodworm,food_packaged,Nourriture,food_packaged,No,0,No,No,,Can O Bloodworm,No — falta stock/imagen
775486f7-d98a-465e-ab3d-bc4c33f2eb5f,E44PPEEEFF060,Z730A Can O Cyclops,food_packaged,Nourriture,food_packaged,No,0,No,No,,Can O Cyclops,No — falta stock/imagen
8824bb36-c8fb-4b0d-93af-18895947db8e,F9FM63C65FSQC,Z731 Zoomed Red Shrimp 2.5 oz,food_packaged,Nourriture,food_packaged,No,0,No,No,Zoo Med,Zoomed Red Shrimp 2.5 oz,No — falta stock/imagen
0be556fe-b150-4adb-8567-209db8276a09,2WXAFGCXGQNCR,Z731A Red Shrimp 5 oz,food_packaged,Nourriture,food_packaged,No,0,No,No,,Red Shrimp 5 oz,No — falta stock/imagen
9b94e96e-d5ee-4fd7-a554-200b1ca6f732,B2AWES7F4WFX6,Z732A Pacman Frog Food 10oz.,food_packaged,Nourriture,food_packaged,No,0,No,No,,Pacman Frog Food 10oz.,No — falta stock/imagen
32afe84d-62d7-43bf-9cc1-228ecf1ed140,F45FSJRH5K6SA,Z734 Anolis Food 0.4 oz,food_packaged,Nourriture,food_packaged,No,0,No,No,,Anolis Food 0.4 oz,No — falta stock/imagen
42087c4d-959f-4a4a-b913-6e7c1d9a4164,H20QHKS773H7G,Z738 Axolotl & Aquatic Newt Food,food_packaged,Nourriture,food_packaged,No,0,No,No,,Axolotl & Aquatic Newt Food,No — falta stock/imagen
a1ee1c45-7362-43f2-b0e7-535dece986b6,F8G7Z73MN2SWW,Z741 Natural Iguana Food Juv.20 oz,food_packaged,Nourriture,food_packaged,No,0,No,No,,Natural Iguana Food Juv.20 oz,No — falta stock/imagen
60f72dfc-5cbb-4489-bc9e-50738f629f39,CFDPWCRBPVJTE,Z751 Natural Adult Iguana Food,food_packaged,Nourriture,food_packaged,No,0,No,No,,Natural Adult Iguana Food,No — falta stock/imagen
c10624f2-05eb-4980-8b22-18d1445c8968,J1KT3P1H97M6A,Z761 Bearded Dragon Food  Adult wet,food_packaged,Nourriture,food_packaged,No,0,No,No,,Bearded Dragon Food  Adult wet,No — falta stock/imagen
f40694da-e044-4541-82f3-b18bf7c4214e,XPGPEXN2GHY1M,Z763 Natural Juvenile Bearded Dragon Food,food_packaged,Nourriture,food_packaged,No,0,No,No,,Natural Juvenile Bearded Dragon Food,No — falta stock/imagen
db7e8889-9512-440c-9b3b-c27fb5fc1930,Z3F7TX9G75APT,Z768 Natural Adult Bearded Dragon Food,food_packaged,Nourriture,food_packaged,No,0,No,No,,Natural Adult Bearded Dragon Food,No — falta stock/imagen
2aea065a-ec4f-4ba4-90ac-e325772069da,XHPG4H440QS8Y,Z769 Blue Tongue Skink Food Crumbles 8oz,food_packaged,Nourriture,food_packaged,No,0,No,No,,Blue Tongue Skink Food Crumbles 8oz,No — falta stock/imagen
3bbd693d-d0de-4571-a545-0c5bed84e218,YZNDZSTHJ9FBJ,Z773 Crested Gecko Food Variety Pack,food_packaged,Nourriture,food_packaged,No,0,No,No,,Crested Gecko Food Variety Pack,No — falta stock/imagen
d5f627b5-e614-416d-9631-37866278cdc3,FC0SZKR9354BY,Z775B Crested Gecko Fodd Watermelon Flavor 8oz,food_packaged,Nourriture,food_packaged,No,0,No,No,,Crested Gecko Fodd Watermelon Flavor 8oz,No — falta stock/imagen
2bd64d71-92cd-416b-b96d-f9525e2f2060,HRXGQXQ4JYNGJ,Z776B Crested Gecko Food Tropical Fruit Flavor 8oz,food_packaged,Nourriture,food_packaged,No,0,No,No,,Crested Gecko Food Tropical Fruit Flavor 8oz,No — falta stock/imagen
5cca125c-7244-4c01-bf4a-925e7faa2e4e,TSD6D60BDYJ7A,Z778C Crested Gecko Food Blueberry 1lb,food_packaged,Nourriture,food_packaged,No,0,No,No,,Crested Gecko Food Blueberry 1lb,No — falta stock/imagen
ff0d6527-e14f-4eff-a787-96928dc21a1d,5GS9VTYZ24MMY,Z935 Zoomed Creatures Isopods Medley Food 1.4 oz,food_packaged,Nourriture,food_packaged,No,0,No,No,Zoo Med,Zoomed Creatures Isopods Medley Food 1.4 oz,No — falta stock/imagen
7b0e9563-9abf-4fb9-a314-d74b509a0e0f,5546NRA3Z8TZY,Z936 Zoomed Creatures  Isopod Banquet Block,food_packaged,Nourriture,food_packaged,No,0,No,No,Zoo Med,Zoomed Creatures  Isopod Banquet Block,No — falta stock/imagen
27f9e0f6-6d08-4de1-b6bd-5b37ca92c99c,PY9BYT5W3AZ76,Z937 Creatures Beetle Food,food_packaged,Nourriture,food_packaged,No,0,No,No,,Creatures Beetle Food,No — falta stock/imagen
9a974648-727a-4581-9233-d62aa4d6adbd,728EGNGDZT4JR,48905  Arcadia Pro Ceramic Lamp Holder,lighting,Lumiere,lighting,No,0,No,No,,Arcadia Pro Ceramic Lamp Holder,No — falta stock/imagen
2207923d-1330-4df0-9925-af5921fba917,4T3TY6D73WHW8,48931 Arcadia D3 Plus Forest Lamp T5,lighting,Lumiere,lighting,No,0,No,No,,Arcadia D3 Plus Forest Lamp T5,No — falta stock/imagen
73a4a930-e07a-431e-806e-9ed814c6b18f,7HG72ZHVNP60R,48940 Arcadia D3 Plus Desert Lamp T5 39W,lighting,Lumiere,lighting,No,0,No,No,,Arcadia D3 Plus Desert Lamp T5 39W,No — falta stock/imagen
3e80d7e1-4522-4d9c-a7c2-a59e2a691aca,RK17ADBRY9ERA,49011 Shadedweller Lamp T5 8W 2.4%,lighting,Lumiere,lighting,No,0,No,No,,Shadedweller Lamp T5 8W 2.4%,No — falta stock/imagen
584cfed8-47b6-47cc-b62d-6c4d7ddec8b1,WAMVMGT7TXM12,Arcadia Jungle Dawn LED Bar 51w RA51W,lighting,Lumiere,lighting,No,0,No,No,,Arcadia Jungle Dawn LED Bar 51w RA51W,No — falta stock/imagen
878422c4-ce4b-46dd-971a-a29dc6539460,XRD869MXWQWZC,PT2380 Exo Terra Ampoule et UVB 100 VHO T5 8W,lighting,Lumiere,lighting,No,0,No,No,Exo Terra,Exo Terra Ampoule et UVB 100 VHO T5 8W,No — falta stock/imagen
4698cdd1-003b-4f70-8acd-5141535b9a24,NZJ9AWJY8MHSG,PT2381 Exo Terra Ampoule et UVB 100 VHO T5 24W,lighting,Lumiere,lighting,No,0,No,No,Exo Terra,Exo Terra Ampoule et UVB 100 VHO T5 24W,No — falta stock/imagen
31aed2ce-17e6-477b-ac3d-8f45eeaba055,EN5NHQTTV1AME,PT2382 Exo Terra Ampoule et UVB 100 VHO T5 39W,lighting,Lumiere,lighting,No,0,No,No,Exo Terra,Exo Terra Ampoule et UVB 100 VHO T5 39W,No — falta stock/imagen
5fd438d9-8728-4ed0-baba-38c44672d9f5,ESJR35ZR9A826,PT2383 Exo Terra Ampoule et UVB 100 VHO T5 54W,lighting,Lumiere,lighting,No,0,No,No,Exo Terra,Exo Terra Ampoule et UVB 100 VHO T5 54W,No — falta stock/imagen
e57b1298-c8c4-45c7-9594-fba1b3b26b8f,EN64531M0BXAJ,PT2413 Exo Terra Terrasky LED Strip with Remote,lighting,Lumiere,lighting,No,0,No,No,Exo Terra,Exo Terra Terrasky LED Strip with Remote,No — falta stock/imagen
c03d6618-642c-4e36-bdba-7dc2ea17e093,5VRMRW18X50X6,PT2426 Exo Terra Ampoule et UVB 200 VHO T5 8W,lighting,Lumiere,lighting,No,0,No,No,Exo Terra,Exo Terra Ampoule et UVB 200 VHO T5 8W,No — falta stock/imagen
b7b08b59-0aea-4067-b954-5a1dcd3546b3,C4NTW6NHPK78G,PT2427 Exo Terra Ampoule et UVB 200 VHO T5 24W,lighting,Lumiere,lighting,No,0,No,No,Exo Terra,Exo Terra Ampoule et UVB 200 VHO T5 24W,No — falta stock/imagen
0ff9bd9a-0ec4-4bbd-84d6-384bb6e60e30,1X5N8T8HS2QCT,PT2428 Exo Terra Ampoule et UVB 200 VHO T5 39W,lighting,Lumiere,lighting,No,0,No,No,Exo Terra,Exo Terra Ampoule et UVB 200 VHO T5 39W,No — falta stock/imagen
273bb35f-5367-46b0-94b1-c75d7e72d798,56370G7M6MP38,PT2429 Exo Terra Ampoule et UVB 200 VHO T5 54W,lighting,Lumiere,lighting,No,0,No,No,Exo Terra,Exo Terra Ampoule et UVB 200 VHO T5 54W,No — falta stock/imagen
01255206-61ef-4702-8838-ec0fd2f522a0,BNS1V0T0ZX4PG,PT2430 Exo Terra Ampoule et UVB 300 VHO T5 8W,lighting,Lumiere,lighting,No,0,No,No,Exo Terra,Exo Terra Ampoule et UVB 300 VHO T5 8W,No — falta stock/imagen
9849242f-15d2-4cf7-b4e9-337bc7bb47e4,43KTR4GZY94GE,PT2431  Exo Terra Ampoule et UVB 300 VHO T5 24W,lighting,Lumiere,lighting,No,0,No,No,Exo Terra,Exo Terra Ampoule et UVB 300 VHO T5 24W,No — falta stock/imagen
d92d7d32-a45d-4228-b718-8611005729f9,71XFW643TS6F6,PT2432  Exo Terra Ampoule et UVB 300 VHO T5 39W,lighting,Lumiere,lighting,No,0,No,No,Exo Terra,Exo Terra Ampoule et UVB 300 VHO T5 39W,No — falta stock/imagen
1b35034e-0a26-435e-a490-994bc581d5f5,FVY14Q9Y7PB70,PT2433  Exo Terra Ampoule et UVB 300 VHO T5 54W,lighting,Lumiere,lighting,No,0,No,No,Exo Terra,Exo Terra Ampoule et UVB 300 VHO T5 54W,No — falta stock/imagen
f9f0a3a3-b90c-414c-9396-c5b931d60c42,KFJBHHKQ3YHM4,RARLLC1 Arcadia LumenIZE T5 to T5 1.2m Link Cable,lighting,Lumiere,lighting,No,0,No,No,,RARLLC1 Arcadia LumenIZE T5 to T5 1.2m Link Cable,No — falta stock/imagen
9734c5fb-ff1c-488b-a7b6-b23d0c0b7939,WC73AQDV3HM4C,RARTP14SZ Arcadia Pro T5 ShadeDweller-Max Kit 2.5% UVB 14W,lighting,Lumiere,lighting,No,0,No,No,,RARTP14SZ Arcadia Pro T5 ShadeDweller-Max Kit 2.5% UVB 14W,No — falta stock/imagen
c79fb354-0157-42b3-afb4-55dafeb5bfed,QKJHG28J409EP,Z111 Ceramic Infrared Heat emitter 150w,lighting,Lumiere,lighting,No,0,No,No,,Ceramic Infrared Heat emitter 150w,No — falta stock/imagen
0a70465b-4b10-4199-9e58-a38fdb13d31c,YB1AFRAM4XGZ4,"Z1135 Clamp Lamp 5 1/2""",lighting,Lumiere,lighting,No,0,No,No,,"Clamp Lamp 5 1/2""",No — falta stock/imagen
444b64a8-ab90-432c-bd11-3ae30a6dd0ed,EA4EMJ44BQGC6,"Z1138 Clamp Lamp 8 1/2""",lighting,Lumiere,lighting,No,0,No,No,,"Clamp Lamp 8 1/2""",No — falta stock/imagen
f5a659fe-c35d-41dc-832a-04e9026cb0a5,YC7H3HZJTTRT8,"Z1138D Clam Lamp 8 1/2"" Dim",lighting,Lumiere,lighting,No,0,No,No,,"Clam Lamp 8 1/2"" Dim",No — falta stock/imagen
92fbff01-b917-4fc7-a6d4-fe6452a5d98c,XDY6DNMAZADH6,Z154 ZooMed Repti Cooler,lighting,Lumiere,lighting,No,0,No,No,Zoo Med,ZooMed Repti Cooler,No — falta stock/imagen
f58394c0-8a17-470e-a463-2ce35b286a1a,2H415TDFQYJRP,Z224 Reptisun LED/UVB 9 Watt,lighting,Lumiere,lighting,No,0,No,No,,Reptisun LED/UVB 9 Watt,No — falta stock/imagen
f4559c19-d330-4286-917d-5da66cc9b17d,0FXFM0GR6483R,Z226 Bearded Dragon Combo Pack (75w basking 10.0 UVB 13W),lighting,Lumiere,lighting,No,0,No,No,,Bearded Dragon Combo Pack (75w basking 10.0 UVB 13W),No — falta stock/imagen
d0dec7ce-50a4-4e16-a694-339536af03ca,4Q828BBVFB688,Z226B Basking/Infrared Combo Pack 75W (Night/Day 75w),lighting,Lumiere,lighting,No,0,No,No,,Basking/Infrared Combo Pack 75W (Night/Day 75w),No — falta stock/imagen
453007da-4cde-493f-baac-cba72736c648,GP9CVMFGPJEH0,Z226H Basking Spot 100W/5.0 UVB 26w,lighting,Lumiere,lighting,No,0,No,No,,Basking Spot 100W/5.0 UVB 26w,No — falta stock/imagen
32d052a1-f2cc-45a0-ba36-068abd35b1b8,1Z6J9WX3NBXQ2,Z229 Reptisun 5.0 UVB 26w,lighting,Lumiere,lighting,No,0,No,No,,Reptisun 5.0 UVB 26w,No — falta stock/imagen
9a991ef2-2047-477e-b80f-4dc2a628ab01,TPSS6QTPRE8MW,Z229A Reptisun 10.0 UVB 26w,lighting,Lumiere,lighting,No,0,No,No,,Reptisun 10.0 UVB 26w,No — falta stock/imagen
112a8f62-5387-496f-a95b-3103b6f42194,8SXTPC8GXZS0J,Z229B Reptisun 5.0  13W,lighting,Lumiere,lighting,No,0,No,No,,Reptisun 5.0  13W,No — falta stock/imagen
21a363f2-aff5-4c9f-9c16-3c3cbcf55cf4,MVXD2WQ2MXS5J,Z229C Reptisun 10.0 13W,lighting,Lumiere,lighting,No,0,No,No,,Reptisun 10.0 13W,No — falta stock/imagen
fe04b2f1-5253-4bc5-960b-fb92e6c7192f,5QS1CVM8BX1QT,Z229D Reptisun 3en1      26 watts  z973,lighting,Lumiere,lighting,No,0,No,No,,Reptisun 3en1      26 watts  z973,No — falta stock/imagen
cac6b120-ad54-42ad-b423-13e9ef472d8e,ZEFS30M8Q5FH0,Z229E Reptisun Mega Compact UVB Lamp 65W,lighting,Lumiere,lighting,No,0,No,No,,Reptisun Mega Compact UVB Lamp 65W,No — falta stock/imagen
4b997ad6-de87-48bd-9996-f52b35ee8e94,18C4NWH1DW1TA,Z231A Powersun UV 80 Watt,lighting,Lumiere,lighting,No,0,No,No,,Powersun UV 80 Watt,No — falta stock/imagen
5863052a-fe15-4d90-876f-ae497cdd4fea,XXYHC1AF7BJW2,Z234 Nightlight Red Reptile Bulb 25 W,lighting,Lumiere,lighting,No,0,No,No,,Nightlight Red Reptile Bulb 25 W,No — falta stock/imagen
2d65582a-c942-43fe-8829-4921130155dc,458KEC2QWX03A,Z235 Nightlight Red Reptile Bulb 40w,lighting,Lumiere,lighting,No,0,No,No,,Nightlight Red Reptile Bulb 40w,No — falta stock/imagen
2da8f11f-3f78-4009-b06a-254a0b52d2fa,HKD34Y7M2Y0VR,Z236 Nightlight Red Reptile Bulb 60w,lighting,Lumiere,lighting,No,0,No,No,,Nightlight Red Reptile Bulb 60w,No — falta stock/imagen
31cfbc4e-75b1-4a93-806d-883f1de98c15,T2RXZBXDR8Z4R,Z237 Nightlight Red Reptile Bulb 100w,lighting,Lumiere,lighting,No,0,No,No,,Nightlight Red Reptile Bulb 100w,No — falta stock/imagen
66f2bc4d-d1d5-40ad-8a5e-fddc0c3d33c7,VJPFXQ1JY4Y44,Z237C Moonlite Reptile Bulb 60W,lighting,Lumiere,lighting,No,0,No,No,,Moonlite Reptile Bulb 60W,No — falta stock/imagen
25c4a3c4-bef9-4c33-b6f5-703cc080f7dc,3RNCGYN7F1EDC,Z237D Moonlite Reptile Bulb 100W,lighting,Lumiere,lighting,No,0,No,No,,Moonlite Reptile Bulb 100W,No — falta stock/imagen
283b4e95-f1b0-4613-9d9b-ca2b55b529df,HYEZQWR44N1ZW,Z239 Daylight Blue Reptile Bulb 25w,lighting,Lumiere,lighting,No,0,No,No,,Daylight Blue Reptile Bulb 25w,No — falta stock/imagen
148f26b8-2b44-4a6d-b129-6fbf643ec30c,F7WCQ4WCR5WV6,Z240 Daylight Blue Reptile Bulb 40w,lighting,Lumiere,lighting,No,0,No,No,,Daylight Blue Reptile Bulb 40w,No — falta stock/imagen
f1f07a12-45d3-4bc9-9036-52915c5d4018,3GMJ71N6CF6FP,Z241 Daylight Blue Reptile Bulb 60w,lighting,Lumiere,lighting,No,0,No,No,,Daylight Blue Reptile Bulb 60w,No — falta stock/imagen
ab40c556-2b3a-4955-bb68-b463cbe5a19d,MYV3XW4XRTT58,Z243 Daylight Blue Reptile Bulb 150w,lighting,Lumiere,lighting,No,0,No,No,,Daylight Blue Reptile Bulb 150w,No — falta stock/imagen
64b574ca-54d1-4c37-8a93-84e84445fdcf,5CAFGCZT67XM6,Z251R Reptisun 2.5% T5 HO 12'',lighting,Lumiere,lighting,No,0,No,No,,Reptisun 2.5% T5 HO 12'',No — falta stock/imagen
312a406b-fa6a-42da-8e91-6f0b52fe4de7,4YW1D263G9X2C,Z251T Reptisun T5 HO 5.0 UVB 15W/12'',lighting,Lumiere,lighting,No,0,No,No,,Reptisun T5 HO 5.0 UVB 15W/12'',No — falta stock/imagen
640b6e21-a070-4e5a-8ae1-b4368c06efd9,2452NYVFP3XMT,Z251X Reptisun T5 HO 10.0 UVB 15W/12'',lighting,Lumiere,lighting,No,0,No,No,,Reptisun T5 HO 10.0 UVB 15W/12'',No — falta stock/imagen
acb8b5a3-d211-4e78-b096-826c654eaff1,ABC18AGKJ2TB8,"Z252T Reptisun T5 HO 5.0 UVB 24W / 22"" Lamp",lighting,Lumiere,lighting,No,0,No,No,,"Reptisun T5 HO 5.0 UVB 24W / 22"" Lamp",No — falta stock/imagen
8bb3350f-5a4c-47f5-9462-1afba6678aa1,4N13NVQY2DXPE,Z253T Reptisun T5 HO 5.0 UVB 39W/34'' Lamp,lighting,Lumiere,lighting,No,0,No,No,,Reptisun T5 HO 5.0 UVB 39W/34'' Lamp,No — falta stock/imagen
e412248a-c17d-4fc4-b7df-4d8072e19fdd,CXX83SYXKZ86R,Z253X Reptisun T5 HO 10.0 UVB 39W/34'' Lamp,lighting,Lumiere,lighting,No,0,No,No,,Reptisun T5 HO 10.0 UVB 39W/34'' Lamp,No — falta stock/imagen
48a71e57-df47-4ec4-b645-f7842b4329cc,CARQ9KRZYWA3C,"Z254T Reptisun  T5 HO 5.0 UVB 54W/46"" Lamp",lighting,Lumiere,lighting,No,0,No,No,,"Reptisun  T5 HO 5.0 UVB 54W/46"" Lamp",No — falta stock/imagen
6cd2b2cd-1d95-42a5-ad33-db08fb59b858,6WR56FFJEKN9J,Z254X Reptisun T5 Ho 10.0 UVB 54W/46'' Lamp,lighting,Lumiere,lighting,No,0,No,No,,Reptisun T5 Ho 10.0 UVB 54W/46'' Lamp,No — falta stock/imagen
2b3ae544-42d3-4624-b2da-7f89752ad549,NHFC27CV7AF8W,Z2599 Repti Basking Spot 25w,lighting,Lumiere,lighting,No,0,No,No,,Repti Basking Spot 25w,No — falta stock/imagen
58f72429-c801-4458-bd23-cdd05e5bccb2,WGK0NKE2B0XH6,Z260 Repti Basking Spot Lamp 50W,lighting,Lumiere,lighting,No,0,No,No,,Repti Basking Spot Lamp 50W,No — falta stock/imagen
02d9b8d5-4893-45da-a80a-8a3a1e6236f0,1XNK9QFS6Y3QR,Z260S Repti Basking Spot Lamp 50W (2pack),lighting,Lumiere,lighting,No,0,No,No,,Repti Basking Spot Lamp 50W (2pack),No — falta stock/imagen
3d6b5594-7972-444c-891e-9f6632dd6f4c,M6YQ9JB09YAKW,Z261 Repti Basking Spot 75w,lighting,Lumiere,lighting,No,0,No,No,,Repti Basking Spot 75w,No — falta stock/imagen
eb044b1c-9124-4a00-b885-6b69afbf72a9,DKZ3AB369G6RY,Z261S Repti Basking Spot Lamp 75w (2pack),lighting,Lumiere,lighting,No,0,No,No,,Repti Basking Spot Lamp 75w (2pack),No — falta stock/imagen
067dee42-a8db-40c2-bcac-0e74f32bd283,4B8XA36NXZQAR,Z262 Zoomed Repti Basking Spot Lamp 100W,lighting,Lumiere,lighting,No,0,No,No,Zoo Med,Zoomed Repti Basking Spot Lamp 100W,No — falta stock/imagen
8d733a60-ad5a-4c1c-894a-99a469a0aa56,B5J9MM3AHDWMW,Z262S Repti Basking Spot Lamp 100w,lighting,Lumiere,lighting,No,0,No,No,,Repti Basking Spot Lamp 100w,No — falta stock/imagen
653b030c-7d2c-49f0-a6be-3a76b3c94b07,9BV6FHZ6B76J4,Z264 Repti Basking Spot 250w,lighting,Lumiere,lighting,No,0,No,No,,Repti Basking Spot 250w,No — falta stock/imagen
264faa07-0158-47d3-b7d2-57062ae6e321,7S3APFMMB0JDP,Z265 Nocturnal Infrared Heat Lamp 50w,lighting,Lumiere,lighting,No,0,No,No,,Nocturnal Infrared Heat Lamp 50w,No — falta stock/imagen
0be9696c-3b86-4092-8147-0ca82a05ae6c,CP0HNSKH1CAB8,Z266 Nocturnal Infrared Heat Lamp 75W,lighting,Lumiere,lighting,No,0,No,No,,Nocturnal Infrared Heat Lamp 75W,No — falta stock/imagen
bbfa3785-8643-496b-9a4c-c37eb9e22fbe,MCJNS86A2AZ3R,Z267 Nocturnal Infrared Heat Lamp 100w,lighting,Lumiere,lighting,No,0,No,No,,Nocturnal Infrared Heat Lamp 100w,No — falta stock/imagen
6437a8ba-c16a-4188-bd59-e2d6b090d2b7,5B1W3DECXDJCE,Z268 Nocturnal Infrared Heat Lamp 150w,lighting,Lumiere,lighting,No,0,No,No,,Nocturnal Infrared Heat Lamp 150w,No — falta stock/imagen
d970a9f9-809a-47c5-9b9e-afba24d7f377,EYVJBHS1ZZWT4,Z269 Nocturnal Infrared Heat Lamp 250w,lighting,Lumiere,lighting,No,0,No,No,,Nocturnal Infrared Heat Lamp 250w,No — falta stock/imagen
2da1d947-3a7e-4fd0-917d-31664c495b54,XXP8TQBBA7DK4,Z283 Nano Basking Lamp 25w,lighting,Lumiere,lighting,No,0,No,No,,Nano Basking Lamp 25w,No — falta stock/imagen
64d6cbe6-fd18-4424-9e71-35a7c1c110f2,9WYTS1ZVY8CZT,Z283A Nano Basking Spot Lamp 40W,lighting,Lumiere,lighting,No,0,No,No,,Nano Basking Spot Lamp 40W,No — falta stock/imagen
112c7de0-aad0-49e3-81dc-7b13dd33f35f,BGPDA1VW07TCR,Z285 Nano LED 5W,lighting,Lumiere,lighting,No,0,No,No,,Nano LED 5W,No — falta stock/imagen
e96e4a0d-531f-4955-9e7a-250cc3ec1072,01QVZK58YYC3W,Z286 Nano Halogen Heat Lamp 35W,lighting,Lumiere,lighting,No,0,No,No,,Nano Halogen Heat Lamp 35W,No — falta stock/imagen
e4af60d5-36cd-4963-85f1-9e78a0ad3ffd,WEGHWS1Y0861Y,Z287A Nano ceramic heat emitter 40W,lighting,Lumiere,lighting,No,0,No,No,,Nano ceramic heat emitter 40W,No — falta stock/imagen
2ee5287b-1583-4166-b0f5-ac65e9cd38cf,0HXVX7G47DTVE,Z288 Nano Reptisun UVB 5W,lighting,Lumiere,lighting,No,0,No,No,,Nano Reptisun UVB 5W,No — falta stock/imagen
6bda3f26-a8a3-4520-b3dd-0f8caa7e6549,5RV872R9ACK0T,Z609 Reptisun 10.0 T5 Ho Terrarium Hood 14'',lighting,Lumiere,lighting,No,0,No,No,,Reptisun 10.0 T5 Ho Terrarium Hood 14'',No — falta stock/imagen
fa493172-d2a8-4b70-8480-42a8250ca554,CQY9EJST154MW,Z610 Reptisun 10.0 T5 Ho Terrarium Hood 24'',lighting,Lumiere,lighting,No,0,No,No,,Reptisun 10.0 T5 Ho Terrarium Hood 24'',No — falta stock/imagen
a3cefe35-0cbe-4ecd-ab8e-6bc6e43dea45,ZR78EK2J12D2G,Z612 Reptisun 10.0 T5 HO Terrarium Hood 36'',lighting,Lumiere,lighting,No,0,No,No,,Reptisun 10.0 T5 HO Terrarium Hood 36'',No — falta stock/imagen
8401088c-02e8-4d2c-b47e-c8b211889fa3,RJXAQ6A90CRRY,Z613 Reptisun 10.0 T5 Ho Terrarium Hood 48'',lighting,Lumiere,lighting,No,0,No,No,,Reptisun 10.0 T5 Ho Terrarium Hood 48'',No — falta stock/imagen
2001a285-3293-482c-8e68-7db961ac5202,9KEA0WHMB9W6J,Z619 Reptisun T5 HO Terrarium Hood 14'',lighting,Lumiere,lighting,No,0,No,No,,Reptisun T5 HO Terrarium Hood 14'',No — falta stock/imagen
8634bfc1-5b6b-4cba-afd6-4aedd3a5f588,TCNQZWY9G8KGW,Z620 Reptisun T5 Ho Terrarium Hood 24'',lighting,Lumiere,lighting,No,0,No,No,,Reptisun T5 Ho Terrarium Hood 24'',No — falta stock/imagen
388137c3-b261-49b7-926c-53320155566f,FTTN8E2TV435T,Z622 Reptisun 5.0 T5 HO Terrarium Hood 36'',lighting,Lumiere,lighting,No,0,No,No,,Reptisun 5.0 T5 HO Terrarium Hood 36'',No — falta stock/imagen
90762dba-ce99-4671-ab8d-12aab49b0c2e,5BW780WGPEPWT,Z623 Reptisun 5.0 T5 Ho Terrarium Hood 48'',lighting,Lumiere,lighting,No,0,No,No,,Reptisun 5.0 T5 Ho Terrarium Hood 48'',No — falta stock/imagen
20082097-5566-4cf1-9c17-86e17cc0a9b0,WPAJ8NXDFN4K8,"Z974A Paludarium Hood 18""",lighting,Lumiere,lighting,No,0,No,No,Zoo Med,"Paludarium Hood 18""",No — falta stock/imagen
a0260dba-0837-4d5d-9b26-a360c98628e0,TNTDDT30158YY,z242 Daylight Blue Reptile Bulb 100W,lighting,Lumiere,lighting,No,0,No,No,,z242 Daylight Blue Reptile Bulb 100W,No — falta stock/imagen
e7682cb6-8a22-45fe-8fd1-082ee92cf505,58C67BYEZXMH0,14013 Charbon Fluval C4,equipment,Piece Remplacement/ Electronique,equipment,No,0,No,No,,Charbon Fluval C4,No — falta stock/imagen
0b4e9c62-0210-41aa-be1b-f89274e9fdb2,NDERZR1NTP3Z8,2582 Black Waterfall Foam 12oz,equipment,Piece Remplacement/ Electronique,equipment,No,0,No,No,,Black Waterfall Foam 12oz,No — falta stock/imagen
351c7e0b-5e96-4a5f-8510-b3ecdd29690c,D8P5HR8FJD6Y4,33189 Black Silicone 10.1oz,equipment,Piece Remplacement/ Electronique,equipment,No,0,No,No,,Black Silicone 10.1oz,No — falta stock/imagen
36bb20bb-532e-4127-a3bf-7144ee406a08,BS0GCAPQV35WA,35179 Black Silicone seallant 4.7oz,equipment,Piece Remplacement/ Electronique,equipment,No,0,No,No,,Black Silicone seallant 4.7oz,No — falta stock/imagen
dc3048e5-f37b-4e1e-9f8e-b8fa0bba387f,TVXEMM6WKN34M,41946 Silicone Sealant 3 oz Black (noir),equipment,Piece Remplacement/ Electronique,equipment,No,0,No,No,,Silicone Sealant 3 oz Black (noir),No — falta stock/imagen
5a73c561-6b82-4bf5-bc2d-7a022ba65c72,FQ7B218KS4TXR,A199 Fluval FX UVC,equipment,Piece Remplacement/ Electronique,equipment,No,0,No,No,,Fluval FX UVC,No — falta stock/imagen
1a8ff7d3-4182-40b9-89d6-1ae7ffdfc649,D95M791V1D5CY,A203 Clarificateur UVC Fluval,equipment,Piece Remplacement/ Electronique,equipment,No,0,No,No,,Clarificateur UVC Fluval,No — falta stock/imagen
f96eed43-edfb-42ff-9cbc-a79aca286748,ESNAW6AZFRKAT,Barrures Atasuki Pairs,equipment,Piece Remplacement/ Electronique,equipment,No,0,No,No,Atasuki,Barrures Atasuki Pairs,No — falta stock/imagen
54bce48e-a133-4146-99d5-2baab452a357,3SD4NQPTN66TG,Coupe Griffe,equipment,Piece Remplacement/ Electronique,equipment,No,0,No,No,,Coupe Griffe,No — falta stock/imagen
d7fe0599-3129-4e53-8f0c-371ad67f9c9e,P9KEX15VP221Y,DRPKL  Pro Kal Fabric Lids,equipment,Piece Remplacement/ Electronique,equipment,No,0,No,No,,Pro Kal Fabric Lids,No — falta stock/imagen
68bfdefc-9c3a-46d3-ae38-ea30874afd92,Q0XP201J092QG,Deli Cup,equipment,Piece Remplacement/ Electronique,equipment,No,0,No,No,,Deli Cup,No — falta stock/imagen
28696c92-8073-4890-bcad-bed22f17e1cf,2M7XVE24GCT8P,Dome Use,equipment,Piece Remplacement/ Electronique,equipment,No,0,No,No,,Dome Use,No — falta stock/imagen
8ac2a819-8450-4eee-ad1f-1065383d805c,41DMKCV5QT8VY,G101 Hemostat 6-8 ``,equipment,Piece Remplacement/ Electronique,equipment,No,0,No,No,,Hemostat 6-8 ``,No — falta stock/imagen
df822571-4c34-41cd-9c11-853fb38672fd,SVD87DNP2C9XJ,G105,equipment,Piece Remplacement/ Electronique,equipment,No,0,No,No,,G105,No — falta stock/imagen
056d91d8-3491-43e8-92a3-0f710b6ebd9b,BJFJXCW5ZKM0E,G125 Gator Tweezer 18'',equipment,Piece Remplacement/ Electronique,equipment,No,0,No,No,,Gator Tweezer 18'',No — falta stock/imagen
76ead7a2-ce6c-4dc7-b71b-55c9976be438,21TMBMS0H846C,G175 Gator Probes 8mcx,equipment,Piece Remplacement/ Electronique,equipment,No,0,No,No,,Gator Probes 8mcx,No — falta stock/imagen
5e839201-326c-4312-96cf-b33294c2cf54,EXWKH3WQZ32AR,Gartor Hook Red 24'',equipment,Piece Remplacement/ Electronique,equipment,No,0,No,No,,Gartor Hook Red 24'',No — falta stock/imagen
52b42a22-9ed4-48c9-9786-d611600cd265,NHZX524BGHDEP,Gator Egg Tray,equipment,Piece Remplacement/ Electronique,equipment,No,0,No,No,,Gator Egg Tray,No — falta stock/imagen
80f443bc-26df-489a-bef9-9cd7473a4cf4,5E3EGXYBNHNX2,Gator Glove,equipment,Piece Remplacement/ Electronique,equipment,No,0,No,No,,Gator Glove,No — falta stock/imagen
e7752a49-e2c4-45c4-b36b-c48b7810dca5,09CZEY54G8NYE,Gator Hemostat 10'' Non Locking,equipment,Piece Remplacement/ Electronique,equipment,No,0,No,No,,Gator Hemostat 10'' Non Locking,No — falta stock/imagen
d491e2ce-1333-45f2-9636-5010991c7825,JJQZ0MCNKPQBW,Gator Stainless Hook 18'',equipment,Piece Remplacement/ Electronique,equipment,No,0,No,No,,Gator Stainless Hook 18'',No — falta stock/imagen
01a35c95-15e7-4187-83de-86d6b6d0b426,7963ZM4Y0GPKJ,Gator Tweezer 12'',equipment,Piece Remplacement/ Electronique,equipment,No,0,No,No,,Gator Tweezer 12'',No — falta stock/imagen
730e157e-43b3-409f-b0ac-59903a67064e,VWQV8HHV97VZ2,Gator Tweezer OEM 24'',equipment,Piece Remplacement/ Electronique,equipment,No,0,No,No,,Gator Tweezer OEM 24'',No — falta stock/imagen
bc25b26d-bcb3-4ae6-8bc0-ba22d1eb69b5,BWAM8BPKFW86J,Gator hemostas 12'',equipment,Piece Remplacement/ Electronique,equipment,No,0,No,No,,Gator hemostas 12'',No — falta stock/imagen
e610ea86-1747-4028-86a6-ec56e1f170c6,SWYDSD7MZWE44,Gator hook,equipment,Piece Remplacement/ Electronique,equipment,No,0,No,No,,Gator hook,No — falta stock/imagen
700a42d3-5c14-4362-9310-aa9f9d64ab5a,KJPP45T9WTA0M,Glue Trap,equipment,Piece Remplacement/ Electronique,equipment,No,0,No,No,,Glue Trap,No — falta stock/imagen
3a1d29d0-6f09-457b-ac80-9fce24a3a143,9YWHF3YGVWHY2,"Hemostat 12""",equipment,Piece Remplacement/ Electronique,equipment,No,0,No,No,,"Hemostat 12""",No — falta stock/imagen
094fe957-261d-42bb-9cf8-57a8b03e6f7f,CNJSGCSF4DZPJ,"Hook 30""",equipment,Piece Remplacement/ Electronique,equipment,No,0,No,No,,"Hook 30""",No — falta stock/imagen
44c3d64c-be00-4707-94c4-2ce5584391b5,XMDTY62WPNKMC,Hook Boa Gator,equipment,Piece Remplacement/ Electronique,equipment,No,0,No,No,,Hook Boa Gator,No — falta stock/imagen
5ce381cc-7738-41b2-bc1b-71c28298c2c1,BNZRQXK7VM630,Hook Gator Expandable,equipment,Piece Remplacement/ Electronique,equipment,No,0,No,No,,Hook Gator Expandable,No — falta stock/imagen
d441734f-3656-4270-8c97-0328b050e497,WTV7WYK74AN8T,Hook Gros Bleu Gator,equipment,Piece Remplacement/ Electronique,equipment,No,0,No,No,,Hook Gros Bleu Gator,No — falta stock/imagen
5970cbca-388c-46ae-b60c-00766f3f6b4e,NV6YRKYE11HBW,Hook Gros Bleu Gator Collapsible,equipment,Piece Remplacement/ Electronique,equipment,No,0,No,No,,Hook Gros Bleu Gator Collapsible,No — falta stock/imagen
c01ebd4f-cb68-47b9-a5e7-7823d41420de,SR64NHFNXG3MT,Hook Light,equipment,Piece Remplacement/ Electronique,equipment,No,0,No,No,,Hook Light,No — falta stock/imagen
2dfe5e2c-bd72-438e-a243-8874f80cc930,D5VAYX7SQEZ34,Hook Pink petit,equipment,Piece Remplacement/ Electronique,equipment,No,0,No,No,,Hook Pink petit,No — falta stock/imagen
3de038bb-51af-4136-b824-0895eb55b64a,74NWMFDD6ESMC,Hours,equipment,Piece Remplacement/ Electronique,equipment,No,0,No,No,,Hours,No — falta stock/imagen
939be024-1b8e-44d5-9c63-6775a2169569,F3H218JYC5M84,Iver,equipment,Piece Remplacement/ Electronique,equipment,No,0,No,No,,Iver,No — falta stock/imagen
f2d4980e-655f-4fa7-9905-0fe455d3b803,BQ8YZFQ0M3W8M,K3225 Seachem Fish Net 8 - Long Handle,equipment,Piece Remplacement/ Electronique,equipment,No,0,No,No,,Seachem Fish Net 8 - Long Handle,No — falta stock/imagen
77caf9f3-a410-4228-9718-d17ff85fe83e,MTXJ7MGRBG80T,K3232 Seachem Fish Net 6 - Fine Mesh,equipment,Piece Remplacement/ Electronique,equipment,No,0,No,No,,Seachem Fish Net 6 - Fine Mesh,No — falta stock/imagen
b7dd0e57-563a-4a15-94d6-b870563e4b10,1SB4XHTB14AMR,KIT mouches à fruit,equipment,Piece Remplacement/ Electronique,equipment,No,0,No,No,,mouches à fruit,No — falta stock/imagen
64226856-7807-46b6-8de4-7bbf65479861,D899C1Q0GQ0A6,La Swamp Pinces,equipment,Piece Remplacement/ Electronique,equipment,No,0,No,No,,La Swamp Pinces,No — falta stock/imagen
20291b6b-74a5-4013-97f2-0bb0b025659e,BZTKMPVGD3WJ4,Livraison,equipment,Piece Remplacement/ Electronique,equipment,No,0,No,No,,Livraison,No — falta stock/imagen
d0ca47bb-97ca-48c1-80cc-5882e1706c5b,JW39E3WQ9Z39Y,MistKing Double Buse,equipment,Piece Remplacement/ Electronique,equipment,No,0,No,No,,MistKing Double Buse,No — falta stock/imagen
91bbacb3-fd14-4280-84dc-5b7b753b6606,CVRGDTP94WSJ2,MistKing T Misting 1-Head Nozzle,equipment,Piece Remplacement/ Electronique,equipment,No,0,No,No,,MistKing T Misting 1-Head Nozzle,No — falta stock/imagen
78cc0bfd-2024-4a38-9a49-7557f2777248,D3X47YA978A6C,PT2078 Pincettes en bambou ExoTerra large,equipment,Piece Remplacement/ Electronique,equipment,No,0,No,No,Exo Terra,Pincettes en bambou ExoTerra large,No — falta stock/imagen
ad3e33ea-8ac4-4cce-b841-712d8f1d1400,ETJQK98P9A6BE,PT2090 Pompe de Circul. Repti-Flo 200 Exo Terra,equipment,Piece Remplacement/ Electronique,equipment,No,0,No,No,Exo Terra,Pompe de Circul. Repti-Flo 200 Exo Terra,No — falta stock/imagen
73040bdb-6ada-4110-b42f-2e41829e6a0d,AQMYNW47MQW3Y,PT2446 Exo Terra Replacement NANO USB Humidifier,equipment,Piece Remplacement/ Electronique,equipment,No,0,No,No,Exo Terra,Exo Terra Replacement NANO USB Humidifier,No — falta stock/imagen
5732cb65-2ee2-4e35-a1f9-72cca9c60753,GHAW9JY02JRWR,PT2463  Ther. et minuter. d/n prise 600w,equipment,Piece Remplacement/ Electronique,equipment,No,0,No,No,Exo Terra,Ther. et minuter. d/n prise 600w,No — falta stock/imagen
835e257a-28a2-4fc0-b677-9600fb07184a,FZHR4M36YZKAR,PT2479 Exo Terra Système brumisation Monsoon Nano,equipment,Piece Remplacement/ Electronique,equipment,No,0,No,No,Exo Terra,Exo Terra Système brumisation Monsoon Nano,No — falta stock/imagen
7f9304af-d9c1-4004-832c-912c9e517508,GJ3BZM35Z973A,PT2497 Exo Terra Ensemble de Buse et Tuyau pour PT2495,equipment,Piece Remplacement/ Electronique,equipment,No,0,No,No,Exo Terra,Exo Terra Ensemble de Buse et Tuyau pour PT2495,No — falta stock/imagen
8805bd61-e1e3-465e-a865-a58981ec1538,2Q4A4NCHTGNCA,PT2498 Exo Terra Piece de raccordement  pour PT2495,equipment,Piece Remplacement/ Electronique,equipment,No,0,No,No,Exo Terra,Exo Terra Piece de raccordement  pour PT2495,No — falta stock/imagen
2c59da55-7b6b-42ef-a8a7-1ea442e2b4ea,XSR76DYEKTJ2W,PT2501 Exo Terra 2 Becs Sortie Eau av. 2 Vent. (PT2495),equipment,Piece Remplacement/ Electronique,equipment,No,0,No,No,Exo Terra,Exo Terra 2 Becs Sortie Eau av. 2 Vent. (PT2495),No — falta stock/imagen
b3b89d72-d994-4a3d-b974-697db1fd72cc,9NQ6VAKVACJ1J,PT2502 Exo Terra 2 Ventouses avec Support pour PT2495,equipment,Piece Remplacement/ Electronique,equipment,No,0,No,No,Exo Terra,Exo Terra 2 Ventouses avec Support pour PT2495,No — falta stock/imagen
f43e619a-ca7d-4d9d-84d5-bf8650b22310,AYPGDWFJRTBST,PT2504 Tube de1.8mm pour Monsoon,equipment,Piece Remplacement/ Electronique,equipment,No,0,No,No,Exo Terra,Tube de1.8mm pour Monsoon,No — falta stock/imagen
db575ed5-13fb-4268-8df6-b5a49e2570b7,GSF5H8HMKHF4E,PT2506 Exo Terra Buses Multidirectionnels Monsoon,equipment,Piece Remplacement/ Electronique,equipment,No,0,No,No,Exo Terra,Exo Terra Buses Multidirectionnels Monsoon,No — falta stock/imagen
78297585-d365-4649-9a00-c85d23c2238e,V7EH37ZN5VD8G,PT2617 ExoTerra Couvre Grillagée pour Terrarium 45 x 60cm (18'x 24'),equipment,Piece Remplacement/ Electronique,equipment,No,0,No,No,Exo Terra,ExoTerra Couvre Grillagée pour Terrarium 45 x 60cm (18'x 24'),No — falta stock/imagen
3fba9000-c85f-4b6c-b22f-b85dfff19486,AQ0ZR56Z80CA0,PT2618 ExoTerra Couvercle grillagé pour terrarium (90*45cm),equipment,Piece Remplacement/ Electronique,equipment,No,0,No,No,Exo Terra,ExoTerra Couvercle grillagé pour terrarium (90*45cm),No — falta stock/imagen
4a11e4ff-6410-4569-ab50-b9faaaec044f,DE8PVV8TJ2512,PT2620 ExoTerra Verrou pour Terrarium,equipment,Piece Remplacement/ Electronique,equipment,No,0,No,No,Exo Terra,ExoTerra Verrou pour Terrarium,No — falta stock/imagen
55d4a117-9a29-4930-a9c3-bae490513d61,670YWSMST4EWP,PT2716 ExoTerra Couvercle grillagé 90cm x 48cm,equipment,Piece Remplacement/ Electronique,equipment,No,0,No,No,Exo Terra,ExoTerra Couvercle grillagé 90cm x 48cm,No — falta stock/imagen
6c9134f7-40dd-4f03-a2f7-7fc49af92330,3FMBHH6XXA0V6,PT3626 Exo Terra 2 blocs mousse fine Repti Clear 350EX-V,equipment,Piece Remplacement/ Electronique,equipment,No,0,No,No,Exo Terra,Exo Terra 2 blocs mousse fine Repti Clear 350EX-V,No — falta stock/imagen
10f701d3-2943-4565-b84b-3a16c0098c6f,78HXVP4CECERW,PT3636 Exo Terra Mousse filter grossiere,equipment,Piece Remplacement/ Electronique,equipment,No,0,No,No,Exo Terra,Exo Terra Mousse filter grossiere,No — falta stock/imagen
3cfdc71f-d746-4a6f-9cc3-f0b6b253dcfe,708M06TM43GP4,PT3638 Double cartouche Charbon,equipment,Piece Remplacement/ Electronique,equipment,No,0,No,No,Exo Terra,Double cartouche Charbon,No — falta stock/imagen
3af60161-441e-421f-a363-b52b76be9d6f,XVVGQQPZJXM7W,PT3713 ExoTerra Mini Ventilateur à USB pour Terrarium,equipment,Piece Remplacement/ Electronique,equipment,No,0,No,No,Exo Terra,ExoTerra Mini Ventilateur à USB pour Terrarium,No — falta stock/imagen
c0fdc398-a359-45df-8acb-f3300d6a6fea,KHP4F600WTSH8,PT4200 Monsoon II Solo,equipment,Piece Remplacement/ Electronique,equipment,No,0,No,No,Exo Terra,Monsoon II Solo,No — falta stock/imagen
7b2538a5-6ddd-43d7-81ba-b4d7bc14172c,PMA7P5DGWXMRE,PT4201 Monsoon II Multi,equipment,Piece Remplacement/ Electronique,equipment,No,0,No,No,Exo Terra,Monsoon II Multi,No — falta stock/imagen
3c8aab11-117a-4d61-a1a2-24e61d856fdf,Z9DV59K5B2NTR,Perlite,equipment,Piece Remplacement/ Electronique,equipment,No,0,No,No,,Perlite,No — falta stock/imagen
83e6ca2b-561e-48b2-9327-03150a574167,AA9VPBY8JRFJR,Piece Zoomed,equipment,Piece Remplacement/ Electronique,equipment,No,0,No,No,Zoo Med,Piece Zoomed,No — falta stock/imagen
171b726a-96de-4ed0-bffc-677a5e35ceb5,8664HFN6V4GAY,Pince Fourmis,equipment,Piece Remplacement/ Electronique,equipment,No,0,No,No,,Pince Fourmis,No — falta stock/imagen
2a72c494-4baf-4294-be0c-357d59c1bc84,X4BMXKD1R5BEM,Rack ARS,equipment,Piece Remplacement/ Electronique,equipment,No,0,No,No,,Rack ARS,No — falta stock/imagen
7e7c5670-b212-4105-951a-e72954836986,APJPQBWSRHWMW,Rack Display Zoomed Used,equipment,Piece Remplacement/ Electronique,equipment,No,0,No,No,Zoo Med,Rack Display Zoomed Used,No — falta stock/imagen
8adbc6df-cc5f-488d-8457-cd92185a68f1,2XBTRC0A3G4KA,Rack Vision V-180 Used,equipment,Piece Remplacement/ Electronique,equipment,No,0,No,No,,Rack Vision V-180 Used,No — falta stock/imagen
b10beaa6-35c2-4029-ac8b-9271f96bf6c0,KX5K1V3N8MHH4,Rack d'Élevage,equipment,Piece Remplacement/ Electronique,equipment,No,0,No,No,,Rack d'Élevage,No — falta stock/imagen
01e89163-283c-491b-8853-44d42602f645,4Z6AZB1B6G3C8,Racks Vision Used,equipment,Piece Remplacement/ Electronique,equipment,No,0,No,No,,Racks Vision Used,No — falta stock/imagen
2650a435-2952-42ec-9e87-71cc7bdd714b,Y66JR017WEAX2,Racks Vision Used V70,equipment,Piece Remplacement/ Electronique,equipment,No,0,No,No,,Racks Vision Used V70,No — falta stock/imagen
11624abc-4193-46c9-940c-fc706ed1ea63,28ZARS8AWMKQJ,Rouleau Carton Ondulé,equipment,Piece Remplacement/ Electronique,equipment,No,0,No,No,,Rouleau Carton Ondulé,No — falta stock/imagen
a18390db-6fde-42d8-b3d8-c91f1a30ffdf,0TZE1TRBERDCT,Sac Mirdo,equipment,Piece Remplacement/ Electronique,equipment,No,0,No,No,,Sac Mirdo,No — falta stock/imagen
76ebacab-f501-43b3-a9c7-cdb5fc2472cd,26F4Y13PAM0SC,Shipping,equipment,Piece Remplacement/ Electronique,equipment,No,0,No,No,,Shipping,No — falta stock/imagen
47291901-24f9-4d3f-9746-f21f1df37857,C5TBDMX3KFFEW,TC-70 ZooMed Terrapump,equipment,Piece Remplacement/ Electronique,equipment,No,0,No,No,Zoo Med,TC-70 ZooMed Terrapump,No — falta stock/imagen
13ce400a-8227-497c-b136-418664039984,K6SFHSHRE61J0,Temp gun Gator,equipment,Piece Remplacement/ Electronique,equipment,No,0,No,No,,Temp gun Gator,No — falta stock/imagen
525be47f-b7c3-463e-a98c-d1b9d3d87f35,3X9DRHCPM34WC,Terre Noire,equipment,Piece Remplacement/ Electronique,equipment,No,0,No,No,,Terre Noire,No — falta stock/imagen
283da7ee-5653-4d80-b481-a84fce5008bd,FQ2D24HA1BJBP,Vermiculite Vrac,equipment,Piece Remplacement/ Electronique,equipment,No,0,No,No,,Vermiculite Vrac,No — falta stock/imagen
29aeae01-1e44-4601-be13-281f935bdee4,X78GTVKX09Y3G,Z104 Repti Therm UTH 10-20g,equipment,Piece Remplacement/ Electronique,equipment,No,0,No,No,,Repti Therm UTH 10-20g,No — falta stock/imagen
ca7aef8b-e76a-464c-bcba-5e24498ec7aa,SMJV9MD54H4Z8,Z105 Repti Therm UTH 30-40g,equipment,Piece Remplacement/ Electronique,equipment,No,0,No,No,,Repti Therm UTH 30-40g,No — falta stock/imagen
74807a76-367a-4434-9e1d-d1ee726b261a,4SQ51NZA5FR3E,Z106 Repti Therm UTH 50-60 GAL,equipment,Piece Remplacement/ Electronique,equipment,No,0,No,No,,Repti Therm UTH 50-60 GAL,No — falta stock/imagen
5100217f-2939-4585-884c-fa90dfe2a502,KS0ZH86MHNHME,Z107 Repti Therm UTH 1-5 GAL,equipment,Piece Remplacement/ Electronique,equipment,No,0,No,No,,Repti Therm UTH 1-5 GAL,No — falta stock/imagen
5fe3fea0-1d23-4ca2-b84a-7ae79636f478,24AX9MEWW4V94,Z108 Snake Strip UTH 3.5 x 18'',equipment,Piece Remplacement/ Electronique,equipment,No,0,No,No,,Snake Strip UTH 3.5 x 18'',No — falta stock/imagen
2900443a-a1b0-4ba2-896f-8779334f5ca2,V106W2C4C29J4,Z120A,equipment,Piece Remplacement/ Electronique,equipment,No,0,No,No,,Z120A,No — falta stock/imagen
86e16ac3-b9bd-401c-b124-7f383bf1e907,0KW9X5FA5W512,Z120B,equipment,Piece Remplacement/ Electronique,equipment,No,0,No,No,,Z120B,No — falta stock/imagen
45e5abff-cceb-4e18-9a1f-110b6c0133da,V4W71913GKB2J,Z120D,equipment,Piece Remplacement/ Electronique,equipment,No,0,No,No,,Z120D,No — falta stock/imagen
de91f66a-3a4b-4e9c-b86b-3c07ecd3fa85,TEDPT0CF50TGC,Z120c,equipment,Piece Remplacement/ Electronique,equipment,No,0,No,No,,Z120c,No — falta stock/imagen
4eeb2ace-6249-4fd4-aa97-7f0044e302a4,Y1BG6A36NW58P,Z126 Zoomed Digital Terrarium Thermometer,equipment,Piece Remplacement/ Electronique,equipment,No,0,No,No,Zoo Med,Zoomed Digital Terrarium Thermometer,No — falta stock/imagen
d1131e58-5761-4ff1-b568-060bfe2d859c,FVP4WF94QSE7A,Z126A Zoomed Digital Combo Thermometer / Humidity Gauge,equipment,Piece Remplacement/ Electronique,equipment,No,0,No,No,Zoo Med,Zoomed Digital Combo Thermometer / Humidity Gauge,No — falta stock/imagen
04a4f67a-6b3c-428c-b025-3d942cf38dfd,XEATDRSXS338T,Z128A Reptitemp Digital Thermostat,equipment,Piece Remplacement/ Electronique,equipment,No,0,No,No,,Reptitemp Digital Thermostat,No — falta stock/imagen
b828abb6-c80c-460e-a1db-1f7daebf81ca,EEKYQVHTRQ7SY,Z128B ZooMed Environmental Control Center,equipment,Piece Remplacement/ Electronique,equipment,No,0,No,No,Zoo Med,ZooMed Environmental Control Center,No — falta stock/imagen
6117e2e3-ac89-4399-b2ff-f959e490b748,CKEVHM412MZMJ,Z128C  ZooMed Reptitemp Dimming Digital Thermostat,equipment,Piece Remplacement/ Electronique,equipment,No,0,No,No,Zoo Med,ZooMed Reptitemp Dimming Digital Thermostat,No — falta stock/imagen
c8296887-ff42-4e73-9e8f-583705cd2e02,2S1MXWH0SDYT4,Z129 ZooMed Reptitemp Rheostat 150 W,equipment,Piece Remplacement/ Electronique,equipment,No,0,No,No,Zoo Med,ZooMed Reptitemp Rheostat 150 W,No — falta stock/imagen
64576e95-6238-4f95-854a-d88ed544d61c,MKZ469YRGZY0T,Z130 Zoomed Repti Day/ Night Timer,equipment,Piece Remplacement/ Electronique,equipment,No,0,No,No,Zoo Med,Zoomed Repti Day/ Night Timer,No — falta stock/imagen
6d78fba1-96ee-4236-b28f-ccf0cb06a4d3,C799HYQMRV73M,Z131 MINUTERIE POUR TERRARIUM,equipment,Piece Remplacement/ Electronique,equipment,No,0,No,No,,MINUTERIE POUR TERRARIUM,No — falta stock/imagen
bb882d40-84fb-497f-ac8c-5313f748f423,G4D1XDA94CPSR,Z132 Repticare Terrarium Controller,equipment,Piece Remplacement/ Electronique,equipment,No,0,No,No,,Repticare Terrarium Controller,No — falta stock/imagen
7670b3b7-91d4-4e82-a515-1f24229dfc37,ZS2WV05SXWCFW,Z152 Reptirain Automatic Misting Machine,equipment,Piece Remplacement/ Electronique,equipment,No,0,No,No,,Reptirain Automatic Misting Machine,No — falta stock/imagen
82a269af-d585-41b1-aa9f-7a6e93df9a1b,5S34X2S8VNHXG,Z159Z Zoomed 4 Suction Cups For Turtle Docks,equipment,Piece Remplacement/ Electronique,equipment,No,0,No,No,Zoo Med,Zoomed 4 Suction Cups For Turtle Docks,No — falta stock/imagen
b9751526-ade7-4937-ab3a-12dc4d9f74fe,2KXJDQR9R09EE,Z165 Zoomed Floating Turtle Feeder,equipment,Piece Remplacement/ Electronique,equipment,No,0,No,No,Zoo Med,Zoomed Floating Turtle Feeder,No — falta stock/imagen
5ea5b6a0-e301-46a6-a785-430820e89984,AZXD7WM21VMBT,Z168 TurtleMatic Automatic Feeder,equipment,Piece Remplacement/ Electronique,equipment,No,0,No,No,,TurtleMatic Automatic Feeder,No — falta stock/imagen
2c11dcc2-de9b-4b7d-a29c-5103e46affb2,04BCZWZTWK9PM,"Z781A Angled Stainless Steel Feeding Tongs 25cm (10"")",equipment,Piece Remplacement/ Electronique,equipment,No,0,No,No,,"Angled Stainless Steel Feeding Tongs 25cm (10"")",No — falta stock/imagen
cd3547d0-296b-455e-a07a-b6d35235e115,QGZQS3HMCRQ4Y,Z782 Repti Sand Scooper,equipment,Piece Remplacement/ Electronique,equipment,No,0,No,No,,Repti Sand Scooper,No — falta stock/imagen
9921c12e-db70-4406-a630-04500f158632,VB223VBB9KZT4,Z783 Deluxe Shovel Scooper,equipment,Piece Remplacement/ Electronique,equipment,No,0,No,No,,Deluxe Shovel Scooper,No — falta stock/imagen
973700fd-ef20-48db-9d02-7bbc59ee9fbc,0YM5RRW1QSK1E,Z975 Paludarium Plateform SM,equipment,Piece Remplacement/ Electronique,equipment,No,0,No,No,Zoo Med,Paludarium Plateform SM,No — falta stock/imagen
5606edd4-c48e-4534-8669-aa4444be92dd,12F3V5P6QXW06,Z975A Paludarium Platform  LG,equipment,Piece Remplacement/ Electronique,equipment,No,0,No,No,Zoo Med,Paludarium Platform  LG,No — falta stock/imagen
2bbae63e-4781-4065-bbe7-2f2cb5dd9f91,VGN9CJDPVV85Y,Z982 Zoomed Humidity Plus Silicone Terrarium Cover,equipment,Piece Remplacement/ Electronique,equipment,No,0,No,No,Zoo Med,Zoomed Humidity Plus Silicone Terrarium Cover,No — falta stock/imagen
f570e090-c45f-4c74-b19c-cc63b8590b76,KPJKE57DBQXNR,heatpack,equipment,Piece Remplacement/ Electronique,equipment,No,0,No,No,,heatpack,No — falta stock/imagen
155a25a7-dcdf-4320-8b71-14f6beeed14f,SNWHQYZ13KECJ,service,equipment,Piece Remplacement/ Electronique,equipment,No,0,No,No,,service,No — falta stock/imagen
e621733a-6504-430b-90e8-102950556455,9NJPCD1R81S90,z785 Collapsible Hook/ Gator,equipment,Piece Remplacement/ Electronique,equipment,No,0,No,No,,z785 Collapsible Hook/ Gator,No — falta stock/imagen
92769b48-563a-408c-bb6b-86b4a9bfead3,6Q88XZ1ZPE4A4,10899 Zilla Vitamin Supp.Spray 8oz,supplement,Supplement,supplement,No,0,No,No,Zilla,Zilla Vitamin Supp.Spray 8oz,No — falta stock/imagen
e57fde8b-e2af-4687-9289-658214616ba5,W0B7QKYED6C5Y,28677 Jurassimite Wipes (26),supplement,Supplement,supplement,No,0,No,No,,Jurassimite Wipes (26),No — falta stock/imagen
875e3f81-94cf-4976-835c-f0c62b7ff76e,1VVJ4FB8TSYZT,28678 Jurassimite 250ml,supplement,Supplement,supplement,No,0,No,No,,Jurassimite 250ml,No — falta stock/imagen
242e80c0-fea5-4cc6-975a-ec992001785e,Z766ND6ZXR39Y,90404 Zilla Turtle Miracle Ball,supplement,Supplement,supplement,No,0,No,No,Zilla,Zilla Turtle Miracle Ball,No — falta stock/imagen
be8c196d-0c9b-4c23-9da6-eba6f43cd08e,6RWR7EAMH6GPM,A7510 Bloc Neutrafin Pour Tortue 15g,supplement,Supplement,supplement,No,0,No,No,,Bloc Neutrafin Pour Tortue 15g,No — falta stock/imagen
734c778d-1686-4493-b48a-b6dd6226bb72,5ZS2Y8PX00HPR,Cuttlebone Vrak,supplement,Supplement,supplement,No,0,No,No,,Cuttlebone Vrak,No — falta stock/imagen
6e488868-1084-4ad0-8e0c-1645b2ce264a,3YMKP85DM1D0A,Dendrocare,supplement,Supplement,supplement,No,0,No,No,,Dendrocare,No — falta stock/imagen
2dfb1620-3eac-489e-8812-d670826af8bc,S2EDH927YRXK6,No-Mite Dendrocare,supplement,Supplement,supplement,No,0,No,No,,No-Mite Dendrocare,No — falta stock/imagen
53c5a63e-079a-4abc-8773-480fd6758e02,GM8J2MTARYJ4T,Z561 Reptivite With D3 2oz,supplement,Supplement,supplement,No,0,No,No,,Reptivite With D3 2oz,No — falta stock/imagen
c0ff2928-5569-41d1-9508-32e6fb0ff8b1,GB642GQXXEHFW,Z591 Repti Calcium Without D3 3oz,supplement,Supplement,supplement,No,0,No,No,,Repti Calcium Without D3 3oz,No — falta stock/imagen
478a8db4-94e1-450c-b8a1-80a3e0592de8,T54NT5Y0VXT3W,Z592 Repti Calcium Without D3 8oz,supplement,Supplement,supplement,No,0,No,No,,Repti Calcium Without D3 8oz,No — falta stock/imagen
dd5a6b95-cefa-4c5e-a4ab-0bc6ad3a8d28,JT05430H0XTRY,Z596 Zoomed Repticalcium With D3,supplement,Supplement,supplement,No,0,No,No,Zoo Med,Zoomed Repticalcium With D3,No — falta stock/imagen
3328faa2-8c42-4b32-8ddb-35da248511fb,ZFFVCQSXCM3YY,Z597 Repticalcium With D3 8oz,supplement,Supplement,supplement,No,0,No,No,,Repticalcium With D3 8oz,No — falta stock/imagen
71bf8969-3f0f-4d11-88fd-6c236ff7f4e8,2B8BT4X9RW3ZJ,Z961 Reptivite Without D3 2oz,supplement,Supplement,supplement,No,0,No,No,,Reptivite Without D3 2oz,No — falta stock/imagen