cloverItemId,name,priceCAD,recordType,suggestedCloverCategory,suggestedSiteCategory,cloverChange,confidence,brand,cleanNameFr,reason,action
ZASPES8QX486G,02110 Collemboles blanc / White Springtails (Folsomia Candida),15.00,product,Insecte Vivant,food_live,"Asignar ""Insecte Vivant"" en Clover",high,La Swamp / misc SKU,Collemboles blanc / White Springtails (Folsomia Candida),"Patrón nombre → Clover ""Insecte Vivant"" / sitio ""food_live""",Bulk create Product
WCPGA0F7EFE1T,02113 Collemboles tropicaux rose / Tropical Pink Springtails (Sinella curviseta),16.00,product,Insecte Vivant,food_live,"Asignar ""Insecte Vivant"" en Clover",high,La Swamp / misc SKU,Collemboles tropicaux rose / Tropical Pink Springtails (Sinella curviseta),"Patrón nombre → Clover ""Insecte Vivant"" / sitio ""food_live""",Bulk create Product
TYD7ZZ14E0TM2,10160 La Swamp Bruche du haricot,12.00,product,Insecte Vivant,food_live,"Asignar ""Insecte Vivant"" en Clover",high,La Swamp / misc SKU,La Swamp Bruche du haricot,"Patrón nombre → Clover ""Insecte Vivant"" / sitio ""food_live""",Bulk create Product
XMSMJ1MFY1YMW,12640 Atasuki 12x12x18,105.00,product,Habitat,terrarium,"Asignar ""Habitat"" en Clover",high,La Swamp / misc SKU,Atasuki 12x12x18,"Patrón nombre → Clover ""Habitat"" / sitio ""terrarium""",Bulk create Product
CXGJ0N19T5QXG,13731 Zilla Floating Turtle Trunk,79.99,product,Decoration,decor,"Asignar ""Decoration"" en Clover",medium,La Swamp / misc SKU,Zilla Floating Turtle Trunk,"Patrón nombre → Clover ""Decoration"" / sitio ""decor""",Bulk create Product
VQNSHDMCX3ZQC,21979 Jurassic Fiber 5kg,35.00,product,Substrat,substrate,"Asignar ""Substrat"" en Clover",high,La Swamp / misc SKU,Jurassic Fiber 5kg,"Patrón nombre → Clover ""Substrat"" / sitio ""substrate""",Bulk create Product
Z7ZCDKMJ4HPRE,3RML Feuille de Magnolia,12.99,product,Decoration,decor,"Asignar ""Decoration"" en Clover",medium,,Feuille de Magnolia,"Patrón nombre → Clover ""Decoration"" / sitio ""decor""",Bulk create Product
GRETBAYZCV108,48401 Fond d'aquarium (prix au pied),3.50,product,Habitat,terrarium,"Asignar ""Habitat"" en Clover",high,La Swamp / misc SKU,Fond d'aquarium (prix au pied),"Patrón nombre → Clover ""Habitat"" / sitio ""terrarium""",Bulk create Product
BR3526Y95RMT8,5TNL  Mazuri Carnivorous Reptile Meal KG,70.99,product,Nourriture,food_packaged,"Asignar ""Nourriture"" en Clover",high,Mazuri,Mazuri Carnivorous Reptile Meal KG,"Patrón nombre → Clover ""Nourriture"" / sitio ""food_packaged""",Bulk create Product
E9FVJZCPAJBR0,65404 Botanicals Botte de Foin des Prés + Fleurs,15.00,product,Decoration,decor,"Asignar ""Decoration"" en Clover",medium,La Swamp / misc SKU,Botanicals Botte de Foin des Prés + Fleurs,"Patrón nombre → Clover ""Decoration"" / sitio ""decor""",Bulk create Product
72KBS20S2C944,76997 Basking Hut 8'',21.99,product,Decoration,decor,"Asignar ""Decoration"" en Clover",medium,La Swamp / misc SKU,Basking Hut 8'',"Patrón nombre → Clover ""Decoration"" / sitio ""decor""",Bulk create Product
7W847VZHF8XTP,ASF Adulte vivant,3.50,product,Insecte Vivant,food_live,"Asignar ""Insecte Vivant"" en Clover",high,,Adulte vivant,"Patrón nombre → Clover ""Insecte Vivant"" / sitio ""food_live""",Bulk create Product
EAZCRB78RN5Z6,Acanthosaura Capra,100.00,animal,Lezard,,"Asignar ""Lezard"" en Clover",medium,,Acanthosaura Capra,"Nombre sugiere animal vivo → categoría Clover existente ""Lezard""",Créer Animal (no Product)
VKE8BSE2S8VJJ,Acanthosaura Lepidogaster,300.00,animal,Lezard,,"Asignar ""Lezard"" en Clover",medium,,Acanthosaura Lepidogaster,"Nombre sugiere animal vivo → categoría Clover existente ""Lezard""",Créer Animal (no Product)
CBWSB7Q5JGMQC,Acanthoscurria Geniculato,100.00,animal,Isopod et Araignee et Fourmis,,"Asignar ""Isopod et Araignee et Fourmis"" en Clover",medium,,Acanthoscurria Geniculato,"Nombre sugiere animal vivo → categoría Clover existente ""Isopod et Araignee et Fourmis""",Créer Animal (no Product)
W0A3TM297N9EY,Arachnid Biobedding / Substrat Araignée,18.50,product,Substrat,substrate,"Asignar ""Substrat"" en Clover",high,,Arachnid Biobedding / Substrat Araignée,"Patrón nombre → Clover ""Substrat"" / sitio ""substrate""",Bulk create Product
D74AJRJ2ZDZR0,Betta Catappa Leaf,3.99,product,Decoration,decor,"Asignar ""Decoration"" en Clover",medium,,Betta Catappa Leaf,"Patrón nombre → Clover ""Decoration"" / sitio ""decor""",Bulk create Product
VH472Z5X04F34,Blate Discoid,2.00,review,,,Revisar manual,low,,Blate Discoid,Sin categoría Clover y sin patrón reconocido — revisión manual,Revisión manual
HE4VXWH8JNYZM,Boa Male Napalm,175.00,animal,Serpent,,"Asignar ""Serpent"" en Clover",medium,,Boa Male Napalm,"Nombre sugiere animal vivo → categoría Clover existente ""Serpent""",Créer Animal (no Product)
VMXQFXDSSRJ08,Boa Poss Super Ghost Het VPI Femelle,450.00,animal,Serpent,,"Asignar ""Serpent"" en Clover",medium,,Boa Poss Super Ghost Het VPI Femelle,"Nombre sugiere animal vivo → categoría Clover existente ""Serpent""",Créer Animal (no Product)
R18X0M3GJG02P,Calypso Misting Intelligent Automatic System,80.00,product,Piece Remplacement/ Electronique,equipment,"Asignar ""Piece Remplacement/ Electronique"" en Clover",medium,,Calypso Misting Intelligent Automatic System,"Patrón nombre → Clover ""Piece Remplacement/ Electronique"" / sitio ""equipment""",Bulk create Product
FHY2YQPR7VGMR,Carnivorous Plant Soil,37.00,product,Substrat,substrate,"Asignar ""Substrat"" en Clover",high,,Carnivorous Plant Soil,"Patrón nombre → Clover ""Substrat"" / sitio ""substrate""",Bulk create Product
BADJW56GNJHFG,Ceramc Cave Hide Large Cachette,40.99,product,Decoration,decor,"Asignar ""Decoration"" en Clover",medium,,Ceramc Cave Hide Large Cachette,"Patrón nombre → Clover ""Decoration"" / sitio ""decor""",Bulk create Product
5BJ7MN930ESR2,Ceramic Cave Hide Medium Cachette,25.99,product,Decoration,decor,"Asignar ""Decoration"" en Clover",medium,,Ceramic Cave Hide Medium Cachette,"Patrón nombre → Clover ""Decoration"" / sitio ""decor""",Bulk create Product
8MBN9NEX4NWF0,Certificat Cadeau/ Gift Certificate,86.98,ignore,,,Revisar manual,high,,Certificat Cadeau/ Gift Certificate,Certificat / frais / service — no publicar en boutique,Ignorer / no publicar
DMRC79PCC27MY,Cricket 150,12.00,product,Insecte Vivant,food_live,"Asignar ""Insecte Vivant"" en Clover",high,,Cricket 150,"Patrón nombre → Clover ""Insecte Vivant"" / sitio ""food_live""",Bulk create Product
XXCQQ29C1DJY2,Cricket 6,1.25,product,Insecte Vivant,food_live,"Asignar ""Insecte Vivant"" en Clover",high,,Cricket 6,"Patrón nombre → Clover ""Insecte Vivant"" / sitio ""food_live""",Bulk create Product
01TFHG0Z3P1RM,Crocodile Skink Red Eyes (couple),800.00,animal,Lezard,,"Asignar ""Lezard"" en Clover",medium,,Crocodile Skink Red Eyes (couple),"Nombre sugiere animal vivo → categoría Clover existente ""Lezard""",Créer Animal (no Product)
8T10TRKYCJW2W,DR001,21.99,product,Nourriture,food_packaged,"Asignar ""Nourriture"" en Clover",high,Repashy,DR001,"Patrón nombre → Clover ""Nourriture"" / sitio ""food_packaged""",Bulk create Product
2JNPK2PQQ2ZK2,DR002,32.99,product,Nourriture,food_packaged,"Asignar ""Nourriture"" en Clover",high,Repashy,DR002,"Patrón nombre → Clover ""Nourriture"" / sitio ""food_packaged""",Bulk create Product
RBVN0JH8SDDN6,DR011 Mulberry Madness Crested Gecko Diet 3 oz,26.99,animal,Lezard,,"Asignar ""Lezard"" en Clover",medium,Repashy,Mulberry Madness Crested Gecko Diet 3 oz,"Nombre sugiere animal vivo → categoría Clover existente ""Lezard""",Créer Animal (no Product)
PG2PRHXZNDPVJ,DR012,35.99,product,Nourriture,food_packaged,"Asignar ""Nourriture"" en Clover",high,Repashy,DR012,"Patrón nombre → Clover ""Nourriture"" / sitio ""food_packaged""",Bulk create Product
XKPB0WSX2BDDC,DR046 Repashy Cherry Bomb 3oz,26.99,product,Nourriture,food_packaged,"Asignar ""Nourriture"" en Clover",high,Repashy,Repashy Cherry Bomb 3oz,"Patrón nombre → Clover ""Nourriture"" / sitio ""food_packaged""",Bulk create Product
WEK9K65G9DWQJ,DR047 Repashy Cherry Bomb 6oz,40.99,product,Nourriture,food_packaged,"Asignar ""Nourriture"" en Clover",high,Repashy,Repashy Cherry Bomb 6oz,"Patrón nombre → Clover ""Nourriture"" / sitio ""food_packaged""",Bulk create Product
EQYYWMVQFY024,DR067  Beardie Buffet 6oz,31.99,product,Nourriture,food_packaged,"Asignar ""Nourriture"" en Clover",high,Repashy,Beardie Buffet 6oz,"Patrón nombre → Clover ""Nourriture"" / sitio ""food_packaged""",Bulk create Product
BV9QZ9XXCSASP,DR071,26.99,product,Nourriture,food_packaged,"Asignar ""Nourriture"" en Clover",high,Repashy,DR071,"Patrón nombre → Clover ""Nourriture"" / sitio ""food_packaged""",Bulk create Product
8BZZV2XBTHEW2,DR072 Repashy Pineapple Express Gecko Diet 6 oz,35.99,animal,Lezard,,"Asignar ""Lezard"" en Clover",medium,Repashy,Repashy Pineapple Express Gecko Diet 6 oz,"Nombre sugiere animal vivo → categoría Clover existente ""Lezard""",Créer Animal (no Product)
FW9A6QT9DYR9J,DR111 Repashy Calcium plus Lo D 3oz,22.99,product,Nourriture,food_packaged,"Asignar ""Nourriture"" en Clover",high,Repashy,Repashy Calcium plus Lo D 3oz,"Patrón nombre → Clover ""Nourriture"" / sitio ""food_packaged""",Bulk create Product
MNPHS9YAVFA1G,DR191 Repashy Vitamine A Plus 3oz,23.99,product,Nourriture,food_packaged,"Asignar ""Nourriture"" en Clover",high,Repashy,Repashy Vitamine A Plus 3oz,"Patrón nombre → Clover ""Nourriture"" / sitio ""food_packaged""",Bulk create Product
4WZDJZNW0W0N6,DR217 Repashy Mango Tango Crested Gecko Diet 6oz,40.99,animal,Lezard,,"Asignar ""Lezard"" en Clover",medium,Repashy,Repashy Mango Tango Crested Gecko Diet 6oz,"Nombre sugiere animal vivo → categoría Clover existente ""Lezard""",Créer Animal (no Product)
9HNGDSQ46FVEJ,DR221   Repashy Meat Pie 3oz,21.99,product,Nourriture,food_packaged,"Asignar ""Nourriture"" en Clover",high,Repashy,Repashy Meat Pie 3oz,"Patrón nombre → Clover ""Nourriture"" / sitio ""food_packaged""",Bulk create Product
G8506RZ21Y6VG,DR301 Repashy Bug Burger 3oz,19.50,product,Nourriture,food_packaged,"Asignar ""Nourriture"" en Clover",high,Repashy,Repashy Bug Burger 3oz,"Patrón nombre → Clover ""Nourriture"" / sitio ""food_packaged""",Bulk create Product
2SXW9KR7MAD62,DR307 Repashy Superhorn 6oz,27.99,product,Nourriture,food_packaged,"Asignar ""Nourriture"" en Clover",high,Repashy,Repashy Superhorn 6oz,"Patrón nombre → Clover ""Nourriture"" / sitio ""food_packaged""",Bulk create Product
16JPW62V823EG,DR325 Repashy Superfly,70.00,product,Nourriture,food_packaged,"Asignar ""Nourriture"" en Clover",high,Repashy,Repashy Superfly,"Patrón nombre → Clover ""Nourriture"" / sitio ""food_packaged""",Bulk create Product
HFKJ3QXQ46NVJ,DR402 Repashy Super Hatch Incubation 6 oz,14.99,animal,Serpent,,"Asignar ""Serpent"" en Clover",medium,Repashy,Repashy Super Hatch Incubation 6 oz,"Nombre sugiere animal vivo → categoría Clover existente ""Serpent""",Créer Animal (no Product)
09HGCMHXSKMT4,DR565 Repashy Morning Wood 70.4 oz,243.00,product,Nourriture,food_packaged,"Asignar ""Nourriture"" en Clover",high,Repashy,Repashy Morning Wood 70.4 oz,"Patrón nombre → Clover ""Nourriture"" / sitio ""food_packaged""",Bulk create Product
BMZ574WDZKEE0,Dendrobates Oophaga Paru (Couple),1200.00,review,,,Revisar manual,low,,Dendrobates Oophaga Paru (Couple),Sin categoría Clover y sin patrón reconocido — revisión manual,Revisión manual
XYVJX8V6ZKQAM,EXS-12,44.99,review,,,Revisar manual,low,,EXS-12,Sin categoría Clover y sin patrón reconocido — revisión manual,Revisión manual
ZHFE5CT7NDTRW,EXS23,37.99,review,,,Revisar manual,low,,EXS23,Sin categoría Clover y sin patrón reconocido — revisión manual,Revisión manual
Y0BQF8A01PMW0,Eastern Black Neck Garter Snake ( Thamnophis cyrtopsis ocellatus,240.00,review,,,Revisar manual,low,,Eastern Black Neck Garter Snake ( Thamnophis cyrtopsis ocellatus,Sin categoría Clover y sin patrón reconocido — revisión manual,Revisión manual
RVNB4VCYKG3KM,FF2200 Gentle Giants DOG Chicken - Kibble 3lb,19.99,review,,,Revisar manual,low,,Gentle Giants DOG Chicken - Kibble 3lb,Sin categoría Clover y sin patrón reconocido — revisión manual,Revisión manual
84Y48BQ6QN4CY,FF2205 Gentle Giants DOG Chicken- Kibble 30lbs,89.99,review,,,Revisar manual,low,,Gentle Giants DOG Chicken- Kibble 30lbs,Sin categoría Clover y sin patrón reconocido — revisión manual,Revisión manual
FX9WNHK6MQXT8,FF2220 Gentle Giants DOG Beef with Bacon - Kibble 3 lbs,25.99,review,,,Revisar manual,low,,Gentle Giants DOG Beef with Bacon - Kibble 3 lbs,Sin categoría Clover y sin patrón reconocido — revisión manual,Revisión manual
B7D77YECZ5KGP,FF2224 Gentle Giants DOG Beef with Bacon - Kibble 24 lbs,89.99,review,,,Revisar manual,low,,Gentle Giants DOG Beef with Bacon - Kibble 24 lbs,Sin categoría Clover y sin patrón reconocido — revisión manual,Revisión manual
S7P3P5CC2WZMG,FF2240 Gentle Giants DOG 90% Chicken - Can 13oz,5.99,review,,,Revisar manual,low,,Gentle Giants DOG 90% Chicken - Can 13oz,Sin categoría Clover y sin patrón reconocido — revisión manual,Revisión manual
1M23YPN69R49T,FF2242 Gentle Giants DOG 90% Beef - Can 13oz,5.99,review,,,Revisar manual,low,,Gentle Giants DOG 90% Beef - Can 13oz,Sin categoría Clover y sin patrón reconocido — revisión manual,Revisión manual
CR4T5EFVBH6X2,G146 Reptile Hide Box XXL,39.99,product,Decoration,decor,"Asignar ""Decoration"" en Clover",medium,,Reptile Hide Box XXL,"Patrón nombre → Clover ""Decoration"" / sitio ""decor""",Bulk create Product
EZ020SA0X5CQ0,Gardiennage Semaine,100.00,review,,,Revisar manual,low,,Gardiennage Semaine,Sin categoría Clover y sin patrón reconocido — revisión manual,Revisión manual
70BMBYV6392VA,Gardiennage par jour,15.00,review,,,Revisar manual,low,,Gardiennage par jour,Sin categoría Clover y sin patrón reconocido — revisión manual,Revisión manual
6ZHFTA1WD2A6E,Gardiennage par mois,150.00,review,,,Revisar manual,low,,Gardiennage par mois,Sin categoría Clover y sin patrón reconocido — revisión manual,Revisión manual
KWFQ57BVQJAK8,Gecko A Crete,250.00,animal,Lezard,,"Asignar ""Lezard"" en Clover",medium,,Gecko A Crete,"Nombre sugiere animal vivo → categoría Clover existente ""Lezard""",Créer Animal (no Product)
S50826PZ3F12C,Gecko à Crête Lily White,250.00,animal,Lezard,,"Asignar ""Lezard"" en Clover",medium,,Gecko à Crête Lily White,"Nombre sugiere animal vivo → categoría Clover existente ""Lezard""",Créer Animal (no Product)
4F12690QXFMVA,Gerbille / Rat natal vivant/ ASF,10.25,animal,Rongeur,,"Asignar ""Rongeur"" en Clover",medium,,Gerbille / Rat natal vivant/ ASF,"Nombre sugiere animal vivo → categoría Clover existente ""Rongeur""",Créer Animal (no Product)
S3BJAWBE7EX48,Gift card,0.00,review,,,Revisar manual,low,,Gift card,Sin categoría Clover y sin patrón reconocido — revisión manual,Revisión manual
XHN7NCG58SKQW,Guppies,6.00,review,,,Revisar manual,low,,Guppies,Sin categoría Clover y sin patrón reconocido — revisión manual,Revisión manual
D71Y46XZGFH38,Guyana Leaf,11.99,product,Decoration,decor,"Asignar ""Decoration"" en Clover",medium,,Guyana Leaf,"Patrón nombre → Clover ""Decoration"" / sitio ""decor""",Bulk create Product
ZFRSB9YEVMPTP,H20631 Hikari Mulberific Delite 7.7oz,31.99,review,,,Revisar manual,low,,Hikari Mulberific Delite 7.7oz,Sin categoría Clover y sin patrón reconocido — revisión manual,Revisión manual
GG6PTXA35D9J8,H20633 Hikari Mulberific Delite 22.9 oz,60.99,review,,,Revisar manual,low,,Hikari Mulberific Delite 22.9 oz,Sin categoría Clover y sin patrón reconocido — revisión manual,Revisión manual
76JNCZY75VN6Y,H96155 Hikari Mossy Skull 4.1 Resin Ornament,26.99,product,Substrat,substrate,"Asignar ""Substrat"" en Clover",high,,Hikari Mossy Skull 4.1 Resin Ornament,"Patrón nombre → Clover ""Substrat"" / sitio ""substrate""",Bulk create Product
XT4V5HW1DPV6P,HF30104 Mini Bloodworms 1.58oz,6.99,product,Insecte Vivant,food_live,"Asignar ""Insecte Vivant"" en Clover",high,,HF30104 Mini Bloodworms 1.58oz,"Patrón nombre → Clover ""Insecte Vivant"" / sitio ""food_live""",Bulk create Product
2XFTWKTNA2GSR,HF30120 / 15234 Frozen Bloodworms 100gr (3.5oz),9.99,product,Insecte Vivant,food_live,"Asignar ""Insecte Vivant"" en Clover",high,,HF30120 / 15234 Frozen Bloodworms 100gr (3.5oz),"Patrón nombre → Clover ""Insecte Vivant"" / sitio ""food_live""",Bulk create Product
PB0DW30ZV1YHP,HF30250 Hikari Jumbo Blood Worm,42.99,product,Insecte Vivant,food_live,"Asignar ""Insecte Vivant"" en Clover",high,,HF30250 Hikari Jumbo Blood Worm,"Patrón nombre → Clover ""Insecte Vivant"" / sitio ""food_live""",Bulk create Product
VJJT8FRXSFCZT,HH0232 Pet's Pick Aspen 41L,17.99,review,,,Revisar manual,low,,Pet's Pick Aspen 41L,Sin categoría Clover y sin patrón reconocido — revisión manual,Revisión manual
87K6PZDYA1NYC,HH1666 Mazuri Hamster et Gerbil Diet,7.00,animal,Rongeur,,"Asignar ""Rongeur"" en Clover",medium,Mazuri,Mazuri Hamster et Gerbil Diet,"Nombre sugiere animal vivo → categoría Clover existente ""Rongeur""",Créer Animal (no Product)
1X3TKWVGQY7AY,HH1672 Mazuri Rat & Mouse Diet 2lb,14.00,animal,Rongeur,,"Asignar ""Rongeur"" en Clover",medium,Mazuri,Mazuri Rat & Mouse Diet 2lb,"Nombre sugiere animal vivo → categoría Clover existente ""Rongeur""",Créer Animal (no Product)
A94PEAV9QRG2T,HK30240 Jumbo Bloodworms Flat Pack 16oz,42.99,product,Insecte Vivant,food_live,"Asignar ""Insecte Vivant"" en Clover",high,,HK30240 Jumbo Bloodworms Flat Pack 16oz,"Patrón nombre → Clover ""Insecte Vivant"" / sitio ""food_live""",Bulk create Product
NBHKCD4FEQY7Y,HK30920 Hikari Frozen Okanagan FW Mysis 3.5 oz Cubes,11.99,product,Nourriture,food_frozen,"Asignar ""Nourriture"" en Clover",medium,,HK30920 Hikari Frozen Okanagan FW Mysis 3.5 oz Cubes,"Patrón nombre → Clover ""Nourriture"" / sitio ""food_frozen""",Bulk create Product
01ACQ8T64A1QC,HK31027 Hikari Frozen Okanagan FW Mysis 8 oz,23.99,product,Nourriture,food_frozen,"Asignar ""Nourriture"" en Clover",medium,,HK31027 Hikari Frozen Okanagan FW Mysis 8 oz,"Patrón nombre → Clover ""Nourriture"" / sitio ""food_frozen""",Bulk create Product
8H6WSWAQP9D7W,Hamster Syrian Assorted,18.00,animal,Rongeur,,"Asignar ""Rongeur"" en Clover",medium,,Hamster Syrian Assorted,"Nombre sugiere animal vivo → categoría Clover existente ""Rongeur""",Créer Animal (no Product)
5ZDKJR4D8BWZR,Hikari Dragon Delite,24.00,animal,Lezard,,"Asignar ""Lezard"" en Clover",medium,,Hikari Dragon Delite,"Nombre sugiere animal vivo → categoría Clover existente ""Lezard""",Créer Animal (no Product)
97N5TP1GB54CC,Hydroball 50L,40.00,review,,,Revisar manual,low,,Hydroball 50L,Sin categoría Clover y sin patrón reconocido — revisión manual,Revisión manual
8XPB9KNXX7V6G,ITEM CORRECTIF,1.00,review,,,Revisar manual,low,,CORRECTIF,Sin categoría Clover y sin patrón reconocido — revisión manual,Revisión manual
ZVZJXV7G4CCTA,Imprime 3D,15.00,review,,,Revisar manual,low,,Imprime 3D,Sin categoría Clover y sin patrón reconocido — revisión manual,Revisión manual
X9GFZ01YNAEFG,Intérêt,1.00,review,,,Revisar manual,low,,Intérêt,Sin categoría Clover y sin patrón reconocido — revisión manual,Revisión manual
943E0J3E1FHA6,Isopod Armadillidum nasatum Gold Flake Jelly Bean,40.00,animal,Isopod et Araignee et Fourmis,,"Asignar ""Isopod et Araignee et Fourmis"" en Clover",medium,,Isopod Armadillidum nasatum Gold Flake Jelly Bean,"Nombre sugiere animal vivo → categoría Clover existente ""Isopod et Araignee et Fourmis""",Créer Animal (no Product)
8BTZ7ZYN6B37C,Isopod Cubaris Murina Glacier,40.00,animal,Isopod et Araignee et Fourmis,,"Asignar ""Isopod et Araignee et Fourmis"" en Clover",medium,,Isopod Cubaris Murina Glacier,"Nombre sugiere animal vivo → categoría Clover existente ""Isopod et Araignee et Fourmis""",Créer Animal (no Product)
53J0P0P33KRYT,Isopod Cubaris Sp. ''Cappuccino'',250.00,animal,Isopod et Araignee et Fourmis,,"Asignar ""Isopod et Araignee et Fourmis"" en Clover",medium,,Isopod Cubaris Sp. ''Cappuccino'',"Nombre sugiere animal vivo → categoría Clover existente ""Isopod et Araignee et Fourmis""",Créer Animal (no Product)
538CBJW0FHXSR,Isopod Cubaris sp. ''Soil'',100.00,animal,Isopod et Araignee et Fourmis,,"Asignar ""Isopod et Araignee et Fourmis"" en Clover",medium,,Isopod Cubaris sp. ''Soil'',"Nombre sugiere animal vivo → categoría Clover existente ""Isopod et Araignee et Fourmis""",Créer Animal (no Product)
2BT19C1JN4MDJ,Isopod Nesodillo Arcangelii ''Shiro Utsuri'',55.00,animal,Isopod et Araignee et Fourmis,,"Asignar ""Isopod et Araignee et Fourmis"" en Clover",medium,,Isopod Nesodillo Arcangelii ''Shiro Utsuri'',"Nombre sugiere animal vivo → categoría Clover existente ""Isopod et Araignee et Fourmis""",Créer Animal (no Product)
0MCFKYCRV2BY8,Isopod Porcellio Scaber Calico,20.00,animal,Isopod et Araignee et Fourmis,,"Asignar ""Isopod et Araignee et Fourmis"" en Clover",medium,,Isopod Porcellio Scaber Calico,"Nombre sugiere animal vivo → categoría Clover existente ""Isopod et Araignee et Fourmis""",Créer Animal (no Product)
4F5R0KADF9PW0,Isopods P. Scaber Koi 15+,30.00,review,,,Revisar manual,low,,Isopods P. Scaber Koi 15+,Sin categoría Clover y sin patrón reconocido — revisión manual,Revisión manual
3FQ6HAWKZ30SG,JSK Zoomed Creatures Jumping Spider Kit,35.00,review,,,Revisar manual,low,Zoo Med,Zoomed Creatures Jumping Spider Kit,Sin categoría Clover y sin patrón reconocido — revisión manual,Revisión manual
8BCVTTFF9Z058,Jumping Spider / Araignée Sauteuse,70.00,review,,,Revisar manual,low,,Jumping Spider / Araignée Sauteuse,Sin categoría Clover y sin patrón reconocido — revisión manual,Revisión manual
FT71J2G672G18,La Swamp - Feuilles de Logan,4.99,product,Decoration,decor,"Asignar ""Decoration"" en Clover",medium,,La Swamp - Feuilles de Logan,"Patrón nombre → Clover ""Decoration"" / sitio ""decor""",Bulk create Product
GC19P69AX61WM,La Swamp - Nourriture Isopods 16oz,29.99,review,,,Revisar manual,low,,La Swamp - Nourriture Isopods 16oz,Sin categoría Clover y sin patrón reconocido — revisión manual,Revisión manual
GAC6WTJHY8868,La Swamp - Nourriture Isopods 4oz,9.99,review,,,Revisar manual,low,,La Swamp - Nourriture Isopods 4oz,Sin categoría Clover y sin patrón reconocido — revisión manual,Revisión manual
F02DMHZ94M6J8,La Swamp Feuilles de Catappa,2.99,product,Decoration,decor,"Asignar ""Decoration"" en Clover",medium,,La Swamp Feuilles de Catappa,"Patrón nombre → Clover ""Decoration"" / sitio ""decor""",Bulk create Product
EYSF77KNHSYTR,"La Swamp Feuilles de Kumbuk 0,5 oz",6.99,product,Decoration,decor,"Asignar ""Decoration"" en Clover",medium,,"La Swamp Feuilles de Kumbuk 0,5 oz","Patrón nombre → Clover ""Decoration"" / sitio ""decor""",Bulk create Product
6VQTZNWKAAVVR,La Swamp Écorce Mixte de l'Est,5.99,review,,,Revisar manual,low,,La Swamp Écorce Mixte de l'Est,Sin categoría Clover y sin patrón reconocido — revisión manual,Revisión manual
PX5RB8SG7A8M0,Lacerta Mélanique BB,500.00,review,,,Revisar manual,low,,Lacerta Mélanique BB,Sin categoría Clover y sin patrón reconocido — revisión manual,Revisión manual
8RHMC24WV2ZQG,Lapin / Cochon d'Inde 150-300 gr.,9.50,review,,,Revisar manual,low,,Lapin / Cochon d'Inde 150-300 gr.,Sin categoría Clover y sin patrón reconocido — revisión manual,Revisión manual
22QSETH9T3BDE,Lapin / Cochon d'Inde 300-500 gr,13.99,review,,,Revisar manual,low,,Lapin / Cochon d'Inde 300-500 gr,Sin categoría Clover y sin patrón reconocido — revisión manual,Revisión manual
R2J52T2V10WX6,Lapin / Cochon d'Inde 500-800gr,19.99,review,,,Revisar manual,low,,Lapin / Cochon d'Inde 500-800gr,Sin categoría Clover y sin patrón reconocido — revisión manual,Revisión manual
5VSK859K7423W,Lapin / Cochon d'Inde 800-1000 gr.,23.99,review,,,Revisar manual,low,,Lapin / Cochon d'Inde 800-1000 gr.,Sin categoría Clover y sin patrón reconocido — revisión manual,Revisión manual
EY9N8WTF4ZNW8,Lapin 1001-2000 gr.,30.00,review,,,Revisar manual,low,,Lapin 1001-2000 gr.,Sin categoría Clover y sin patrón reconocido — revisión manual,Revisión manual
ZEHYW34YCJ79M,Leachieanus bb,600.00,review,,,Revisar manual,low,,Leachieanus bb,Sin categoría Clover y sin patrón reconocido — revisión manual,Revisión manual
GC5XQMA31AEV0,MBCL Cashew Leaf Litter,13.99,product,Decoration,decor,"Asignar ""Decoration"" en Clover",medium,,Cashew Leaf Litter,"Patrón nombre → Clover ""Decoration"" / sitio ""decor""",Bulk create Product
K3RQKWMNVS8JR,MBEX,10.99,review,,,Revisar manual,low,,MBEX,Sin categoría Clover y sin patrón reconocido — revisión manual,Revisión manual
6Z6FJHMXFSJCG,MBOL Oak Leaf Litter 1 oz,15.99,product,Decoration,decor,"Asignar ""Decoration"" en Clover",medium,,Oak Leaf Litter 1 oz,"Patrón nombre → Clover ""Decoration"" / sitio ""decor""",Bulk create Product
6J67AD8JMBW7A,MBPL Maple Leaf Litter 1oz,14.99,product,Decoration,decor,"Asignar ""Decoration"" en Clover",medium,,Maple Leaf Litter 1oz,"Patrón nombre → Clover ""Decoration"" / sitio ""decor""",Bulk create Product
JAFRJVERV6FZE,MZF RC Nourriture à crickets 1.8 kg,21.99,product,Insecte Vivant,food_live,"Asignar ""Insecte Vivant"" en Clover",high,,RC Nourriture à crickets 1.8 kg,"Patrón nombre → Clover ""Insecte Vivant"" / sitio ""food_live""",Bulk create Product
X9DM8PK3YVH2P,MZF08 Cricket Food 8oz,4.50,product,Insecte Vivant,food_live,"Asignar ""Insecte Vivant"" en Clover",high,,Cricket Food 8oz,"Patrón nombre → Clover ""Insecte Vivant"" / sitio ""food_live""",Bulk create Product
46AFY8E4FN88C,MZF16 RC Nourriture à crickets 300g,8.49,product,Insecte Vivant,food_live,"Asignar ""Insecte Vivant"" en Clover",high,,RC Nourriture à crickets 300g,"Patrón nombre → Clover ""Insecte Vivant"" / sitio ""food_live""",Bulk create Product
E4KSQRESVN8A0,MZF32 RC Nourriture à crickets 600g,14.99,product,Insecte Vivant,food_live,"Asignar ""Insecte Vivant"" en Clover",high,,RC Nourriture à crickets 600g,"Patrón nombre → Clover ""Insecte Vivant"" / sitio ""food_live""",Bulk create Product
SZYJ7NDW4GKKC,MZM livre,60.00,review,,,Revisar manual,low,,livre,Sin categoría Clover y sin patrón reconocido — revisión manual,Revisión manual
T1RHDV6MFJPFY,MZM08,4.99,review,,,Revisar manual,low,,MZM08,Sin categoría Clover y sin patrón reconocido — revisión manual,Revisión manual
VZR335FPA92WW,MZM16,8.49,review,,,Revisar manual,low,,MZM16,Sin categoría Clover y sin patrón reconocido — revisión manual,Revisión manual
CQ176FV5RDQ3A,MZM32,14.99,review,,,Revisar manual,low,,MZM32,Sin categoría Clover y sin patrón reconocido — revisión manual,Revisión manual
V33VGKVBYRSBG,MZSM Mousse de Sphaigne 240L / Sphagnum Moss,339.99,product,Substrat,substrate,"Asignar ""Substrat"" en Clover",high,,Mousse de Sphaigne 240L / Sphagnum Moss,"Patrón nombre → Clover ""Substrat"" / sitio ""substrate""",Bulk create Product
QRAA8ZTQ99VD0,Madagascar Spiny,250.00,review,,,Revisar manual,low,,Madagascar Spiny,Sin categoría Clover y sin patrón reconocido — revisión manual,Revisión manual
HYVCVB91010RY,Mango Leaf (1.5oz),16.99,product,Decoration,decor,"Asignar ""Decoration"" en Clover",medium,,Mango Leaf (1.5oz),"Patrón nombre → Clover ""Decoration"" / sitio ""decor""",Bulk create Product
FFGREXTGPR6JT,Mante Religieuse,35.00,review,,,Revisar manual,low,,Mante Religieuse,Sin categoría Clover y sin patrón reconocido — revisión manual,Revisión manual
T03VKECNNV4N6,Marginated Tortoise,600.00,review,,,Revisar manual,low,,Marginated Tortoise,Sin categoría Clover y sin patrón reconocido — revisión manual,Revisión manual
SECEG51Z44P7Y,Mazouri Herbivore,149.99,review,,,Revisar manual,low,,Mazouri Herbivore,Sin categoría Clover y sin patrón reconocido — revisión manual,Revisión manual
VH2N0YQ1BZ29E,Mazuri 5E5M Herb. Repti. Diet,204.00,product,Nourriture,food_packaged,"Asignar ""Nourriture"" en Clover",high,Mazuri,Mazuri 5E5M Herb. Repti. Diet,"Patrón nombre → Clover ""Nourriture"" / sitio ""food_packaged""",Bulk create Product
G9N9EPD45SW8E,Mazuri 5M87 100g,10.00,product,Nourriture,food_packaged,"Asignar ""Nourriture"" en Clover",high,Mazuri,Mazuri 5M87 100g,"Patrón nombre → Clover ""Nourriture"" / sitio ""food_packaged""",Bulk create Product
RFXMQYK00S6P0,Mazuri Sac En Vrac,39.99,product,Nourriture,food_packaged,"Asignar ""Nourriture"" en Clover",high,Mazuri,Mazuri Sac En Vrac,"Patrón nombre → Clover ""Nourriture"" / sitio ""food_packaged""",Bulk create Product
9BCD1WRJ5PY7J,Mazuri Tortoise Food Sac Cricket,45.00,product,Nourriture,food_packaged,"Asignar ""Nourriture"" en Clover",high,Mazuri,Mazuri Tortoise Food Sac Cricket,"Patrón nombre → Clover ""Nourriture"" / sitio ""food_packaged""",Bulk create Product
0FH64PW6Z3KTM,Medium Bromelads/Bromelia,40.00,review,,,Revisar manual,low,,Medium Bromelads/Bromelia,Sin categoría Clover y sin patrón reconocido — revisión manual,Revisión manual
4BJ38JXD7R99A,Mini Bromelads / Bromelia,26.00,review,,,Revisar manual,low,,Mini Bromelads / Bromelia,Sin categoría Clover y sin patrón reconocido — revisión manual,Revisión manual
5HDTGDFV2ZCG6,Mood Ring / Bague,5.99,review,,,Revisar manual,low,,Mood Ring / Bague,Sin categoría Clover y sin patrón reconocido — revisión manual,Revisión manual
0KKAR5RN14JYM,Mousse De Java,9.99,review,,,Revisar manual,low,,Mousse De Java,Sin categoría Clover y sin patrón reconocido — revisión manual,Revisión manual
4DFK1F127QE2J,Mousse Sphaigne Vrak 200g,25.99,review,,,Revisar manual,low,,Mousse Sphaigne Vrak 200g,Sin categoría Clover y sin patrón reconocido — revisión manual,Revisión manual
SSCPSCQZC55WE,Mousse Vivante Grosse,20.00,review,,,Revisar manual,low,,Mousse Vivante Grosse,Sin categoría Clover y sin patrón reconocido — revisión manual,Revisión manual
0SC7E2J9V4466,Mushroom naturel Champignon,3.00,review,,,Revisar manual,low,,Mushroom naturel Champignon,Sin categoría Clover y sin patrón reconocido — revisión manual,Revisión manual
TNHCA8R4V5F0C,NC014,39.99,review,,,Revisar manual,low,,NC014,Sin categoría Clover y sin patrón reconocido — revisión manual,Revisión manual
CX5Q1N6H2RK7Y,NC101 Newcal Pet Live Oak Leaf Litter 0.5oz,10.00,product,Decoration,decor,"Asignar ""Decoration"" en Clover",medium,,Newcal Pet Live Oak Leaf Litter 0.5oz,"Patrón nombre → Clover ""Decoration"" / sitio ""decor""",Bulk create Product
CPPJY7Q862FS0,NC221 Newcal Pet Coconut Half Bowl 8 app,9.75,review,,,Revisar manual,low,,Newcal Pet Coconut Half Bowl 8 app,Sin categoría Clover y sin patrón reconocido — revisión manual,Revisión manual
3J470PW04K8H4,NC239 Lotus Pods (3-pack),11.00,review,,,Revisar manual,low,,Lotus Pods (3-pack),Sin categoría Clover y sin patrón reconocido — revisión manual,Revisión manual
MHZ8GH32X1EPC,NC403 Newcal Pet Galho Estrela Natural Cork Branch 36'',22.00,product,Decoration,decor,"Asignar ""Decoration"" en Clover",medium,,Newcal Pet Galho Estrela Natural Cork Branch 36'',"Patrón nombre → Clover ""Decoration"" / sitio ""decor""",Bulk create Product
GV8RZ1RS07FKR,NC431 Newcal Pet Birch Tree Pole 12'',13.00,review,,,Revisar manual,low,,Newcal Pet Birch Tree Pole 12'',Sin categoría Clover y sin patrón reconocido — revisión manual,Revisión manual
VF5SPSPZ9YPQ0,NC432 Newcal Pet Birch Tree Pole 18'',16.50,review,,,Revisar manual,low,,Newcal Pet Birch Tree Pole 18'',Sin categoría Clover y sin patrón reconocido — revisión manual,Revisión manual
BN8HWFCSY6FE6,NC433 Newcal Pet Birch Tree Pole 24'',20.50,review,,,Revisar manual,low,,Newcal Pet Birch Tree Pole 24'',Sin categoría Clover y sin patrón reconocido — revisión manual,Revisión manual
CNJRNMB9NCPQJ,NC434 Newcal Pet Birch Tree Pole 36'',28.00,review,,,Revisar manual,low,,Newcal Pet Birch Tree Pole 36'',Sin categoría Clover y sin patrón reconocido — revisión manual,Revisión manual
3HZB8BDHDDZGJ,NC446 Newcal Pet Curry Tree Branch 10-13,15.00,product,Decoration,decor,"Asignar ""Decoration"" en Clover",medium,,Newcal Pet Curry Tree Branch 10-13,"Patrón nombre → Clover ""Decoration"" / sitio ""decor""",Bulk create Product
KWBA6843AC96G,NC471 Newcal Pet Liana Vine Rosca 12'',24.00,review,,,Revisar manual,low,,Newcal Pet Liana Vine Rosca 12'',Sin categoría Clover y sin patrón reconocido — revisión manual,Revisión manual
43QHGDVAFG4AY,NC496 Newcal Pet Nerve Wood 14-18,11.00,review,,,Revisar manual,low,,Newcal Pet Nerve Wood 14-18,Sin categoría Clover y sin patrón reconocido — revisión manual,Revisión manual
2P8ZBNH47ADMT,Neon LED x2 used 36 pouces & 30``,300.00,review,,,Revisar manual,low,,Neon LED x2 used 36 pouces & 30``,Sin categoría Clover y sin patrón reconocido — revisión manual,Revisión manual
TZSSFE8FYRCDP,Night Crawlers / Vers de Terre,9.99,review,,,Revisar manual,low,,Night Crawlers / Vers de Terre,Sin categoría Clover y sin patrón reconocido — revisión manual,Revisión manual
A9X0MYBRGFGC2,Nourriture Vers à Soie,100.00,review,,,Revisar manual,low,,Nourriture Vers à Soie,Sin categoría Clover y sin patrón reconocido — revisión manual,Revisión manual
0KNYQ7RS1V602,Nourriture Vers à Soie OZ,6.25,review,,,Revisar manual,low,,Nourriture Vers à Soie OZ,Sin categoría Clover y sin patrón reconocido — revisión manual,Revisión manual
01P2VXNSY5P48,Oeuf de caille 12 oeuf,8.00,review,,,Revisar manual,low,,Oeuf de caille 12 oeuf,Sin categoría Clover y sin patrón reconocido — revisión manual,Revisión manual
SMFF0TTMC40AW,Oniscus Asellus 15+,14.99,review,,,Revisar manual,low,,Oniscus Asellus 15+,Sin categoría Clover y sin patrón reconocido — revisión manual,Revisión manual
VV21MZAXEW8D4,P. Leavis Dairy Cow 15+,25.00,review,,,Revisar manual,low,,P. Leavis Dairy Cow 15+,Sin categoría Clover y sin patrón reconocido — revisión manual,Revisión manual
0R71QGHYYSXR8,P. Scaber Lava 15+,54.99,review,,,Revisar manual,low,,P. Scaber Lava 15+,Sin categoría Clover y sin patrón reconocido — revisión manual,Revisión manual
W00YE71YYRH2E,P. Scaber Orange Dalmatian 15+,29.99,review,,,Revisar manual,low,,P. Scaber Orange Dalmatian 15+,Sin categoría Clover y sin patrón reconocido — revisión manual,Revisión manual
SKNKK4K9F03D6,P. Spinicornis 15+,14.99,review,,,Revisar manual,low,,P. Spinicornis 15+,Sin categoría Clover y sin patrón reconocido — revisión manual,Revisión manual
RPYWX1CE9Q1SG,PB005 Probugs Dubia Coakroaches - Large 150 gr,45.00,product,Insecte Vivant,food_live,"Asignar ""Insecte Vivant"" en Clover",high,,Probugs Dubia Coakroaches - Large 150 gr,"Patrón nombre → Clover ""Insecte Vivant"" / sitio ""food_live""",Bulk create Product
V6BZNAYVQ8K04,PGD Pangea Insect Complete Gecko Diet,63.49,animal,Lezard,,"Asignar ""Lezard"" en Clover",medium,,Pangea Insect Complete Gecko Diet,"Nombre sugiere animal vivo → categoría Clover existente ""Lezard""",Créer Animal (no Product)
9AAY30QJFVJ2E,PP1642 petit Helxine 8po,14.99,review,,,Revisar manual,low,,petit Helxine 8po,Sin categoría Clover y sin patrón reconocido — revisión manual,Revisión manual
R2ZF0ZQJMQCP0,PP1701 Ornement Aponogeton crispe,23.99,review,,,Revisar manual,low,,Ornement Aponogeton crispe,Sin categoría Clover y sin patrón reconocido — revisión manual,Revisión manual
RTMR52XN37XBW,PP1703 Ornement Lycopode obscur,23.99,review,,,Revisar manual,low,,Ornement Lycopode obscur,Sin categoría Clover y sin patrón reconocido — revisión manual,Revisión manual
DD2RC92032PEE,PP1734 Ludwigia a pointe blanches 14po,19.99,review,,,Revisar manual,low,,Ludwigia a pointe blanches 14po,Sin categoría Clover y sin patrón reconocido — revisión manual,Revisión manual
976K3HZ5BHBGW,PT1973 Exo Terra Supplément Liquide de Calcium 4oz / 120 ml,8.50,product,Habitat,terrarium,"Asignar ""Habitat"" en Clover",high,Exo Terra,Exo Terra Supplément Liquide de Calcium 4oz / 120 ml,"Patrón nombre → Clover ""Habitat"" / sitio ""terrarium""",Bulk create Product
1KJCW5CMQJ3PC,PT1979 Traitement de l'eau Aquatize 120ml,10.49,product,Habitat,terrarium,"Asignar ""Habitat"" en Clover",high,Exo Terra,Traitement de l'eau Aquatize 120ml,"Patrón nombre → Clover ""Habitat"" / sitio ""terrarium""",Bulk create Product
3Z4AJXVBVNPK2,PT1993 Exo Terra Supplément Liquide d'Électrolytes 4oz / 120 ml,8.50,product,Habitat,terrarium,"Asignar ""Habitat"" en Clover",high,Exo Terra,Exo Terra Supplément Liquide d'Électrolytes 4oz / 120 ml,"Patrón nombre → Clover ""Habitat"" / sitio ""terrarium""",Bulk create Product
3A5SMY36J4DR8,PT2062 Lampe a pince en Porcelaine,64.99,product,Habitat,terrarium,"Asignar ""Habitat"" en Clover",high,Exo Terra,Lampe a pince en Porcelaine,"Patrón nombre → Clover ""Habitat"" / sitio ""terrarium""",Bulk create Product
153DAQAWMH88W,PT2076,7.49,product,Habitat,terrarium,"Asignar ""Habitat"" en Clover",high,Exo Terra,PT2076,"Patrón nombre → Clover ""Habitat"" / sitio ""terrarium""",Bulk create Product
PEAYHGNR6PHH2,PT2081  ExoTerra Générateur de Brouillard Ultrasonique,119.99,product,Habitat,terrarium,"Asignar ""Habitat"" en Clover",high,Exo Terra,ExoTerra Générateur de Brouillard Ultrasonique,"Patrón nombre → Clover ""Habitat"" / sitio ""terrarium""",Bulk create Product
SV6AYTPT02DQE,PT2192 Ampoule Solar Glo ET 125w,75.99,product,Habitat,terrarium,"Asignar ""Habitat"" en Clover",high,Exo Terra,Ampoule Solar Glo ET 125w,"Patrón nombre → Clover ""Habitat"" / sitio ""terrarium""",Bulk create Product
PCBPB6JG1G8ZG,PT2193 Ampoule Solar Glo ET 160w,79.99,product,Habitat,terrarium,"Asignar ""Habitat"" en Clover",high,Exo Terra,Ampoule Solar Glo ET 160w,"Patrón nombre → Clover ""Habitat"" / sitio ""terrarium""",Bulk create Product
6ZKNSTM6VJBG8,PT2223 ExoTerra Support pour dôme d'éclairage,25.00,product,Habitat,terrarium,"Asignar ""Habitat"" en Clover",high,Exo Terra,ExoTerra Support pour dôme d'éclairage,"Patrón nombre → Clover ""Habitat"" / sitio ""terrarium""",Bulk create Product
Q9DRMZJW7611Y,PT2280 Exo Terra Boite de Reproduction Grand,34.99,product,Habitat,terrarium,"Asignar ""Habitat"" en Clover",high,Exo Terra,Exo Terra Boite de Reproduction Grand,"Patrón nombre → Clover ""Habitat"" / sitio ""terrarium""",Bulk create Product
EN6F0QHZTEJ9C,PT2285 Habitat pour Grillon (petit),18.99,product,Habitat,terrarium,"Asignar ""Habitat"" en Clover",high,Exo Terra,Habitat pour Grillon (petit),"Patrón nombre → Clover ""Habitat"" / sitio ""terrarium""",Bulk create Product
FVBTV5MT0F7QR,PT2301,29.70,product,Habitat,terrarium,"Asignar ""Habitat"" en Clover",high,Exo Terra,PT2301,"Patrón nombre → Clover ""Habitat"" / sitio ""terrarium""",Bulk create Product
BVJ8Z8938RQK2,PT2334 ExoTerra Solar Glo 80W,72.00,product,Habitat,terrarium,"Asignar ""Habitat"" en Clover",high,Exo Terra,ExoTerra Solar Glo 80W,"Patrón nombre → Clover ""Habitat"" / sitio ""terrarium""",Bulk create Product
ZD65986PXPWJG,"PT2365 Apareil d'éclairage, scorpions 15 DEL",30.49,product,Habitat,terrarium,"Asignar ""Habitat"" en Clover",high,Exo Terra,"Apareil d'éclairage, scorpions 15 DEL","Patrón nombre → Clover ""Habitat"" / sitio ""terrarium""",Bulk create Product
PW0H92VPS9J18,PT2414 Terrasky Exoterra Led & control,239.99,product,Habitat,terrarium,"Asignar ""Habitat"" en Clover",high,Exo Terra,Terrasky Exoterra Led & control,"Patrón nombre → Clover ""Habitat"" / sitio ""terrarium""",Bulk create Product
0M32GZK3ZH3YT,PT2443 Exo Terra Incubation Box,14.99,product,Habitat,terrarium,"Asignar ""Habitat"" en Clover",high,Exo Terra,Exo Terra Incubation Box,"Patrón nombre → Clover ""Habitat"" / sitio ""terrarium""",Bulk create Product
CWWKQATY01MST,PT2444 Exo Terra Tabletop Incubator,359.99,product,Habitat,terrarium,"Asignar ""Habitat"" en Clover",high,Exo Terra,Exo Terra Tabletop Incubator,"Patrón nombre → Clover ""Habitat"" / sitio ""terrarium""",Bulk create Product
DY77NH4KYF1XJ,PT2464  Ther. et 600w hygro.100w et minut,234.99,product,Habitat,terrarium,"Asignar ""Habitat"" en Clover",high,Exo Terra,Ther. et 600w hygro.100w et minut,"Patrón nombre → Clover ""Habitat"" / sitio ""terrarium""",Bulk create Product
J0VJZQ4GTT08M,PT2468 Exo Terra Ramasse-Selles en acier,16.99,product,Habitat,terrarium,"Asignar ""Habitat"" en Clover",high,Exo Terra,Exo Terra Ramasse-Selles en acier,"Patrón nombre → Clover ""Habitat"" / sitio ""terrarium""",Bulk create Product
SV4V4W7K1VR04,PT2478 ExoTerra Boule de Mousse,12.49,product,Habitat,terrarium,"Asignar ""Habitat"" en Clover",high,Exo Terra,ExoTerra Boule de Mousse,"Patrón nombre → Clover ""Habitat"" / sitio ""terrarium""",Bulk create Product
T0Y561J3VTTW6,PT2482 Tapis  de Mousse Exo Terra 45x45 cm,17.99,product,Habitat,terrarium,"Asignar ""Habitat"" en Clover",high,Exo Terra,Tapis  de Mousse Exo Terra 45x45 cm,"Patrón nombre → Clover ""Habitat"" / sitio ""terrarium""",Bulk create Product
DGQ2M3ZHJMN4A,PT2490 ExoTerra Plante à ruissellement Petit,54.99,product,Habitat,terrarium,"Asignar ""Habitat"" en Clover",high,Exo Terra,ExoTerra Plante à ruissellement Petit,"Patrón nombre → Clover ""Habitat"" / sitio ""terrarium""",Bulk create Product
TRW60RMNWADQW,PT2561 Tapis de Sable Exo Terra (mini),13.99,product,Habitat,terrarium,"Asignar ""Habitat"" en Clover",high,Exo Terra,Tapis de Sable Exo Terra (mini),"Patrón nombre → Clover ""Habitat"" / sitio ""terrarium""",Bulk create Product
ERDQF3ZDAKH9W,PT2562 Tapis de Sable (petit),20.99,product,Habitat,terrarium,"Asignar ""Habitat"" en Clover",high,Exo Terra,Tapis de Sable (petit),"Patrón nombre → Clover ""Habitat"" / sitio ""terrarium""",Bulk create Product
TKGBHTTVB809P,PT2563 Tapis de Sable Exo Terra (moyen),23.99,product,Habitat,terrarium,"Asignar ""Habitat"" en Clover",high,Exo Terra,Tapis de Sable Exo Terra (moyen),"Patrón nombre → Clover ""Habitat"" / sitio ""terrarium""",Bulk create Product
49AH9VGKX0JM8,PT2589 ExoTerra Vista 120 48x24x24,650.00,product,Habitat,terrarium,"Asignar ""Habitat"" en Clover",high,Exo Terra,ExoTerra Vista 120 48x24x24,"Patrón nombre → Clover ""Habitat"" / sitio ""terrarium""",Bulk create Product
PC5V6T70YFGGG,"PT2595 Paludarium Naturel et mini , très haut",191.99,product,Habitat,terrarium,"Asignar ""Habitat"" en Clover",high,Exo Terra,"Paludarium Naturel et mini , très haut","Patrón nombre → Clover ""Habitat"" / sitio ""terrarium""",Bulk create Product
CM153SVXXEAJ4,PT2600 Terrarium 30*30*30,119.99,product,Habitat,terrarium,"Asignar ""Habitat"" en Clover",high,Exo Terra,Terrarium 30*30*30,"Patrón nombre → Clover ""Habitat"" / sitio ""terrarium""",Bulk create Product
55ATW5P3G04PJ,PT2601 Terrarium nano 20*20*30,95.99,product,Habitat,terrarium,"Asignar ""Habitat"" en Clover",high,Exo Terra,Terrarium nano 20*20*30,"Patrón nombre → Clover ""Habitat"" / sitio ""terrarium""",Bulk create Product
NDM3CFYZSCYBE,PT2607 ExoTerra Terrarium 18 x 18 x 24,259.99,product,Habitat,terrarium,"Asignar ""Habitat"" en Clover",high,Exo Terra,ExoTerra Terrarium 18 x 18 x 24,"Patrón nombre → Clover ""Habitat"" / sitio ""terrarium""",Bulk create Product
7J56HCCC2XX7Y,PT2614 ExoTerra Terrarium en verre (90*45*60cm),500.00,product,Habitat,terrarium,"Asignar ""Habitat"" en Clover",high,Exo Terra,ExoTerra Terrarium en verre (90*45*60cm),"Patrón nombre → Clover ""Habitat"" / sitio ""terrarium""",Bulk create Product
0HFMDE2X5CP0Y,PT2668 Nettoyant Vitre 250mL,9.99,product,Habitat,terrarium,"Asignar ""Habitat"" en Clover",high,Exo Terra,Nettoyant Vitre 250mL,"Patrón nombre → Clover ""Habitat"" / sitio ""terrarium""",Bulk create Product
Q6J294S8FM9M6,PT2745 Exo Terra Dart Frog Terrarium EN RÉDUCTION,200.00,animal,Amphibien,,"Asignar ""Amphibien"" en Clover",medium,Exo Terra,Exo Terra Dart Frog Terrarium EN RÉDUCTION,"Nombre sugiere animal vivo → categoría Clover existente ""Amphibien""",Créer Animal (no Product)
74EHS92GPG06W,PT2754 ExoTerra Ecorce/Reptiles 27.26L,59.99,product,Habitat,terrarium,"Asignar ""Habitat"" en Clover",high,Exo Terra,ExoTerra Ecorce/Reptiles 27.26L,"Patrón nombre → Clover ""Habitat"" / sitio ""terrarium""",Bulk create Product
950C55JAK2G64,PT2770,6.99,product,Habitat,terrarium,"Asignar ""Habitat"" en Clover",high,Exo Terra,PT2770,"Patrón nombre → Clover ""Habitat"" / sitio ""terrarium""",Bulk create Product
1SS0XDAT1G4ZC,PT2771,15.49,product,Habitat,terrarium,"Asignar ""Habitat"" en Clover",high,Exo Terra,PT2771,"Patrón nombre → Clover ""Habitat"" / sitio ""terrarium""",Bulk create Product
HESPKE2DS3PZP,PT2776 Substrat Tropical Coco Husk 3 x 8.8L,15.99,product,Habitat,terrarium,"Asignar ""Habitat"" en Clover",high,Exo Terra,Substrat Tropical Coco Husk 3 x 8.8L,"Patrón nombre → Clover ""Habitat"" / sitio ""terrarium""",Bulk create Product
Y0M573EAB016G,PT2787 ExoTerra Substrat Coque de Noix de Coco 26.4L,37.99,product,Habitat,terrarium,"Asignar ""Habitat"" en Clover",high,Exo Terra,ExoTerra Substrat Coque de Noix de Coco 26.4L,"Patrón nombre → Clover ""Habitat"" / sitio ""terrarium""",Bulk create Product
GDV72WND3DQ58,PT2801 Bol Eau Exo Terra Petit,12.99,product,Habitat,terrarium,"Asignar ""Habitat"" en Clover",high,Exo Terra,Bol Eau Exo Terra Petit,"Patrón nombre → Clover ""Habitat"" / sitio ""terrarium""",Bulk create Product
4SD6JC22VZRKC,PT2802 Bol Eau Exo Terra Moyen,13.99,product,Habitat,terrarium,"Asignar ""Habitat"" en Clover",high,Exo Terra,Bol Eau Exo Terra Moyen,"Patrón nombre → Clover ""Habitat"" / sitio ""terrarium""",Bulk create Product
4JPHDCNBH89T4,PT2803 Bol Eau Exo Terra Grand,19.99,product,Habitat,terrarium,"Asignar ""Habitat"" en Clover",high,Exo Terra,Bol Eau Exo Terra Grand,"Patrón nombre → Clover ""Habitat"" / sitio ""terrarium""",Bulk create Product
AKZRX19ETTQYY,PT2804 Bol Eau Exo Terra Grand,26.99,product,Habitat,terrarium,"Asignar ""Habitat"" en Clover",high,Exo Terra,Bol Eau Exo Terra Grand,"Patrón nombre → Clover ""Habitat"" / sitio ""terrarium""",Bulk create Product
7AQS6CMRMK2N4,PT2808 Distr. de Petits Vers de Farine ExoTerra,16.99,product,Habitat,terrarium,"Asignar ""Habitat"" en Clover",high,Exo Terra,Distr. de Petits Vers de Farine ExoTerra,"Patrón nombre → Clover ""Habitat"" / sitio ""terrarium""",Bulk create Product
A6QMPTYJ1CQ3W,PT2809 Bol Eau X-Small,9.49,product,Habitat,terrarium,"Asignar ""Habitat"" en Clover",high,Exo Terra,Bol Eau X-Small,"Patrón nombre → Clover ""Habitat"" / sitio ""terrarium""",Bulk create Product
PW2QQPTFY2FDJ,PT2810 Bol Gecko Exo Terra,15.99,animal,Lezard,,"Asignar ""Lezard"" en Clover",medium,Exo Terra,Bol Gecko Exo Terra,"Nombre sugiere animal vivo → categoría Clover existente ""Lezard""",Créer Animal (no Product)
Z1BPSGW33Y7J0,PT2811 Bol Nourriture Exo Petit,12.99,product,Habitat,terrarium,"Asignar ""Habitat"" en Clover",high,Exo Terra,Bol Nourriture Exo Petit,"Patrón nombre → Clover ""Habitat"" / sitio ""terrarium""",Bulk create Product
1WZ27T69MK6CT,PT2812 Bol Nourriture Exo Moyen,18.99,product,Habitat,terrarium,"Asignar ""Habitat"" en Clover",high,Exo Terra,Bol Nourriture Exo Moyen,"Patrón nombre → Clover ""Habitat"" / sitio ""terrarium""",Bulk create Product
A6T4KTGKXH5CP,PT2813 Bol Nourriture  Exo Grand,26.49,product,Habitat,terrarium,"Asignar ""Habitat"" en Clover",high,Exo Terra,Bol Nourriture  Exo Grand,"Patrón nombre → Clover ""Habitat"" / sitio ""terrarium""",Bulk create Product
NQD1DXGE298GJ,PT2816 Distributeur Vers Farine Exo,17.99,product,Habitat,terrarium,"Asignar ""Habitat"" en Clover",high,Exo Terra,Distributeur Vers Farine Exo,"Patrón nombre → Clover ""Habitat"" / sitio ""terrarium""",Bulk create Product
59D1TWM4BBXG4,PT2821 Exo Terra Distributeur de Grillons-V,18.99,product,Habitat,terrarium,"Asignar ""Habitat"" en Clover",high,Exo Terra,Exo Terra Distributeur de Grillons-V,"Patrón nombre → Clover ""Habitat"" / sitio ""terrarium""",Bulk create Product
70HSEJNJT0Y76,PT2827 Bol Eau de Coin Exo medium,24.99,product,Habitat,terrarium,"Asignar ""Habitat"" en Clover",high,Exo Terra,Bol Eau de Coin Exo medium,"Patrón nombre → Clover ""Habitat"" / sitio ""terrarium""",Bulk create Product
1XRSB2G7SX3W2,PT2828 Bol Eau en Coin Exo Terra Grand,38.49,product,Habitat,terrarium,"Asignar ""Habitat"" en Clover",high,Exo Terra,Bol Eau en Coin Exo Terra Grand,"Patrón nombre → Clover ""Habitat"" / sitio ""terrarium""",Bulk create Product
8W2YZYJ804CHE,PT2829 Bol Eau en Coin Exo Terra Très Grand,44.99,product,Habitat,terrarium,"Asignar ""Habitat"" en Clover",high,Exo Terra,Bol Eau en Coin Exo Terra Très Grand,"Patrón nombre → Clover ""Habitat"" / sitio ""terrarium""",Bulk create Product
MBRBSSGW6ZQKG,PT2841 Exo Terra Oeufs Dinosaure,29.99,product,Habitat,terrarium,"Asignar ""Habitat"" en Clover",high,Exo Terra,Exo Terra Oeufs Dinosaure,"Patrón nombre → Clover ""Habitat"" / sitio ""terrarium""",Bulk create Product
3A0XHNDH35ZYJ,PT2852 Grotte Moyenne Exo Terra,12.99,product,Habitat,terrarium,"Asignar ""Habitat"" en Clover",high,Exo Terra,Grotte Moyenne Exo Terra,"Patrón nombre → Clover ""Habitat"" / sitio ""terrarium""",Bulk create Product
V1ETM4Q4SH48A,PT2855 Crâne de Primate Exo Terra,29.99,product,Habitat,terrarium,"Asignar ""Habitat"" en Clover",high,Exo Terra,Crâne de Primate Exo Terra,"Patrón nombre → Clover ""Habitat"" / sitio ""terrarium""",Bulk create Product
97CMAE475EC6J,PT2856 Crâne de Crocodile Exo Terra,27.99,product,Habitat,terrarium,"Asignar ""Habitat"" en Clover",high,Exo Terra,Crâne de Crocodile Exo Terra,"Patrón nombre → Clover ""Habitat"" / sitio ""terrarium""",Bulk create Product
Y9ZW8586S9W5A,PT2857 Crâne de Bison Exo Terra,31.99,product,Habitat,terrarium,"Asignar ""Habitat"" en Clover",high,Exo Terra,Crâne de Bison Exo Terra,"Patrón nombre → Clover ""Habitat"" / sitio ""terrarium""",Bulk create Product
FXSXN4AGTQN02,PT2865 Grotte pour Gecko Exo Terra Medium,34.99,animal,Lezard,,"Asignar ""Lezard"" en Clover",medium,Exo Terra,Grotte pour Gecko Exo Terra Medium,"Nombre sugiere animal vivo → categoría Clover existente ""Lezard""",Créer Animal (no Product)
NHB58PRYQ7T6C,PT2866 Grotte pour Gecko Exo Terra Grand,42.99,animal,Lezard,,"Asignar ""Lezard"" en Clover",medium,Exo Terra,Grotte pour Gecko Exo Terra Grand,"Nombre sugiere animal vivo → categoría Clover existente ""Lezard""",Créer Animal (no Product)
9ERAN85ZSHKM8,PT2876 Exo Terra Coconut Cave,23.99,product,Habitat,terrarium,"Asignar ""Habitat"" en Clover",high,Exo Terra,Exo Terra Coconut Cave,"Patrón nombre → Clover ""Habitat"" / sitio ""terrarium""",Bulk create Product
PD9TKSJKC0R2G,PT2910,67.99,product,Habitat,terrarium,"Asignar ""Habitat"" en Clover",high,Exo Terra,PT2910,"Patrón nombre → Clover ""Habitat"" / sitio ""terrarium""",Bulk create Product
RJDDKK0BM3KV0,PT2912,77.99,product,Habitat,terrarium,"Asignar ""Habitat"" en Clover",high,Exo Terra,PT2912,"Patrón nombre → Clover ""Habitat"" / sitio ""terrarium""",Bulk create Product
V66QQ8H2GWKXW,PT2914 Cascade Exo Terra Pour Reptiles Large,94.99,product,Habitat,terrarium,"Asignar ""Habitat"" en Clover",high,Exo Terra,Cascade Exo Terra Pour Reptiles Large,"Patrón nombre → Clover ""Habitat"" / sitio ""terrarium""",Bulk create Product
Z12618SFAXVFG,PT2922 Grotte pour Tortues Terrestres Exo Terra,79.99,product,Habitat,terrarium,"Asignar ""Habitat"" en Clover",high,Exo Terra,Grotte pour Tortues Terrestres Exo Terra,"Patrón nombre → Clover ""Habitat"" / sitio ""terrarium""",Bulk create Product
KAJ84RFX19Y7T,PT2930 Grotte Exo terra petite,10.99,product,Habitat,terrarium,"Asignar ""Habitat"" en Clover",high,Exo Terra,Grotte Exo terra petite,"Patrón nombre → Clover ""Habitat"" / sitio ""terrarium""",Bulk create Product
CPBR8Z58DNXTT,PT2931 Grotte Exo Terra Moyenne,16.99,product,Habitat,terrarium,"Asignar ""Habitat"" en Clover",high,Exo Terra,Grotte Exo Terra Moyenne,"Patrón nombre → Clover ""Habitat"" / sitio ""terrarium""",Bulk create Product
17WJG0DH7K25J,PT2932 Grotte Exo Terra Grande,24.49,product,Habitat,terrarium,"Asignar ""Habitat"" en Clover",high,Exo Terra,Grotte Exo Terra Grande,"Patrón nombre → Clover ""Habitat"" / sitio ""terrarium""",Bulk create Product
BRP7G81V0WX8T,PT2933 Grotte Exo Terra Tres Grande,35.99,product,Habitat,terrarium,"Asignar ""Habitat"" en Clover",high,Exo Terra,Grotte Exo Terra Tres Grande,"Patrón nombre → Clover ""Habitat"" / sitio ""terrarium""",Bulk create Product
H5XMSWXMR0NYP,PT2934 Grotte Exo Terra TTGrande,59.99,product,Habitat,terrarium,"Asignar ""Habitat"" en Clover",high,Exo Terra,Grotte Exo Terra TTGrande,"Patrón nombre → Clover ""Habitat"" / sitio ""terrarium""",Bulk create Product
CJ9X81QRYMRRG,PT2966 Arriere plan EX roche 36'',39.99,product,Habitat,terrarium,"Asignar ""Habitat"" en Clover",high,Exo Terra,Arriere plan EX roche 36'',"Patrón nombre → Clover ""Habitat"" / sitio ""terrarium""",Bulk create Product
M8HC843J0ZC86,PT3010 Plante Croton MOYEN,11.99,product,Habitat,terrarium,"Asignar ""Habitat"" en Clover",high,Exo Terra,Plante Croton MOYEN,"Patrón nombre → Clover ""Habitat"" / sitio ""terrarium""",Bulk create Product
6FPDK2MWXQWZA,PT3020 Plante Croton Exo Terra Grand,16.99,product,Habitat,terrarium,"Asignar ""Habitat"" en Clover",high,Exo Terra,Plante Croton Exo Terra Grand,"Patrón nombre → Clover ""Habitat"" / sitio ""terrarium""",Bulk create Product
C9VEHD226KW6Y,PT3061 Lentilles d'eau Flottantes Exo Terra,6.99,product,Habitat,terrarium,"Asignar ""Habitat"" en Clover",high,Exo Terra,Lentilles d'eau Flottantes Exo Terra,"Patrón nombre → Clover ""Habitat"" / sitio ""terrarium""",Bulk create Product
JVRZZJE0QM3MR,PT3083 Liane de Mousse Souple Petit,19.99,product,Habitat,terrarium,"Asignar ""Habitat"" en Clover",high,Exo Terra,Liane de Mousse Souple Petit,"Patrón nombre → Clover ""Habitat"" / sitio ""terrarium""",Bulk create Product
XAP3GBSRGC0NY,PT3084 Liane de Mousse  Souple Grand,27.99,product,Habitat,terrarium,"Asignar ""Habitat"" en Clover",high,Exo Terra,Liane de Mousse  Souple Grand,"Patrón nombre → Clover ""Habitat"" / sitio ""terrarium""",Bulk create Product
30RZZX5YGTN50,PT3085 Liane Pliable 6pi Petit,16.99,product,Habitat,terrarium,"Asignar ""Habitat"" en Clover",high,Exo Terra,Liane Pliable 6pi Petit,"Patrón nombre → Clover ""Habitat"" / sitio ""terrarium""",Bulk create Product
CDKTT6NNEPZ66,PT3086 Liane Pliable 6pi Grand,23.99,product,Habitat,terrarium,"Asignar ""Habitat"" en Clover",high,Exo Terra,Liane Pliable 6pi Grand,"Patrón nombre → Clover ""Habitat"" / sitio ""terrarium""",Bulk create Product
981YWJWFHKSWY,"PT3095 Mousse de Forêt, 500 g-V",15.99,product,Habitat,terrarium,"Asignar ""Habitat"" en Clover",high,Exo Terra,"Mousse de Forêt, 500 g-V","Patrón nombre → Clover ""Habitat"" / sitio ""terrarium""",Bulk create Product
EFCZXYBTCFC92,PT3107 Sable de Lit Exo Terra Brun 4.5kg,22.99,product,Habitat,terrarium,"Asignar ""Habitat"" en Clover",high,Exo Terra,Sable de Lit Exo Terra Brun 4.5kg,"Patrón nombre → Clover ""Habitat"" / sitio ""terrarium""",Bulk create Product
GGJY95MDPTYV8,PT3115 Exo Terra Substrat de drainage BioDrain,17.99,product,Habitat,terrarium,"Asignar ""Habitat"" en Clover",high,Exo Terra,Exo Terra Substrat de drainage BioDrain,"Patrón nombre → Clover ""Habitat"" / sitio ""terrarium""",Bulk create Product
KHRGN09W020MT,PT3131 Exo Terra BioDrain Terrarium Draining Mesh 30x30 cm,5.29,product,Habitat,terrarium,"Asignar ""Habitat"" en Clover",high,Exo Terra,Exo Terra BioDrain Terrarium Draining Mesh 30x30 cm,"Patrón nombre → Clover ""Habitat"" / sitio ""terrarium""",Bulk create Product
2V07JF75VSEY0,PT3135 Subs.Désert et Arrière-pays Rouge 5kg,18.99,product,Habitat,terrarium,"Asignar ""Habitat"" en Clover",high,Exo Terra,Subs.Désert et Arrière-pays Rouge 5kg,"Patrón nombre → Clover ""Habitat"" / sitio ""terrarium""",Bulk create Product
4AM91WRN2MYPC,PT3136,31.99,product,Habitat,terrarium,"Asignar ""Habitat"" en Clover",high,Exo Terra,PT3136,"Patrón nombre → Clover ""Habitat"" / sitio ""terrarium""",Bulk create Product
CQV31KBQQR81Y,"PT3138 Subs.Désert et Sonora,Ocre 5kg",18.99,product,Habitat,terrarium,"Asignar ""Habitat"" en Clover",high,Exo Terra,"Subs.Désert et Sonora,Ocre 5kg","Patrón nombre → Clover ""Habitat"" / sitio ""terrarium""",Bulk create Product
FM1Q0Z15VCYAM,PT3147 Subs.Désert et Oasis Bahariya 5kg,18.99,product,Habitat,terrarium,"Asignar ""Habitat"" en Clover",high,Exo Terra,Subs.Désert et Oasis Bahariya 5kg,"Patrón nombre → Clover ""Habitat"" / sitio ""terrarium""",Bulk create Product
5CCXM6MMHM2MY,PT3149 Subs.Désert et Oasis Bahariya 20kg,51.99,product,Habitat,terrarium,"Asignar ""Habitat"" en Clover",high,Exo Terra,Subs.Désert et Oasis Bahariya 20kg,"Patrón nombre → Clover ""Habitat"" / sitio ""terrarium""",Bulk create Product
BTYGWM7881F7M,PT3159 Exo Terra Cachette bol d'eau noix de coco,16.99,product,Habitat,terrarium,"Asignar ""Habitat"" en Clover",high,Exo Terra,Exo Terra Cachette bol d'eau noix de coco,"Patrón nombre → Clover ""Habitat"" / sitio ""terrarium""",Bulk create Product
KXHW4SEN9DKRE,PT3169  Bol a eau aztèque petit,5.99,product,Habitat,terrarium,"Asignar ""Habitat"" en Clover",high,Exo Terra,Bol a eau aztèque petit,"Patrón nombre → Clover ""Habitat"" / sitio ""terrarium""",Bulk create Product
WJY5S750GJ0C4,PT3170  Bol a eau aztèque medium,11.99,product,Habitat,terrarium,"Asignar ""Habitat"" en Clover",high,Exo Terra,Bol a eau aztèque medium,"Patrón nombre → Clover ""Habitat"" / sitio ""terrarium""",Bulk create Product
CYKNRYW89FA1M,PT3172 Rocher Humide Exo Terra MOYEN,11.50,product,Habitat,terrarium,"Asignar ""Habitat"" en Clover",high,Exo Terra,Rocher Humide Exo Terra MOYEN,"Patrón nombre → Clover ""Habitat"" / sitio ""terrarium""",Bulk create Product
H8ZNTSAN45C7G,PT3173 Rocher Humide Exo Terra GRAND,17.99,product,Habitat,terrarium,"Asignar ""Habitat"" en Clover",high,Exo Terra,Rocher Humide Exo Terra GRAND,"Patrón nombre → Clover ""Habitat"" / sitio ""terrarium""",Bulk create Product
RP24Z18RJGW92,PT3174 Exo Terra Frog Pond Large,24.49,animal,Amphibien,,"Asignar ""Amphibien"" en Clover",medium,Exo Terra,Exo Terra Frog Pond Large,"Nombre sugiere animal vivo → categoría Clover existente ""Amphibien""",Créer Animal (no Product)
XMHRP0ADRKK6P,PT3175 Exo Terra Frog Pond Small,17.99,animal,Amphibien,,"Asignar ""Amphibien"" en Clover",medium,Exo Terra,Exo Terra Frog Pond Small,"Nombre sugiere animal vivo → categoría Clover existente ""Amphibien""",Créer Animal (no Product)
8B474CCZP1Y0E,PT3178 Cachette et Hygroscopique bûche GRAND,39.99,product,Habitat,terrarium,"Asignar ""Habitat"" en Clover",high,Exo Terra,Cachette et Hygroscopique bûche GRAND,"Patrón nombre → Clover ""Habitat"" / sitio ""terrarium""",Bulk create Product
AN5F5B0145AAP,PT3183  Exo Terra Bioactive Volcanic Substratum 2kg,24.99,product,Habitat,terrarium,"Asignar ""Habitat"" en Clover",high,Exo Terra,Exo Terra Bioactive Volcanic Substratum 2kg,"Patrón nombre → Clover ""Habitat"" / sitio ""terrarium""",Bulk create Product
D3GNBWSEFBKBM,PT3184 Exo Terra Bioactive Volcanic Substratum 4kg,37.99,product,Habitat,terrarium,"Asignar ""Habitat"" en Clover",high,Exo Terra,Exo Terra Bioactive Volcanic Substratum 4kg,"Patrón nombre → Clover ""Habitat"" / sitio ""terrarium""",Bulk create Product
AHZBBD83625Z8,PT3259 Exo Terra Support Pour Coupe Aliment (PT3260-PT3261),1.79,product,Habitat,terrarium,"Asignar ""Habitat"" en Clover",high,Exo Terra,Exo Terra Support Pour Coupe Aliment (PT3260-PT3261),"Patrón nombre → Clover ""Habitat"" / sitio ""terrarium""",Bulk create Product
9BW6S8ZBRAG6T,PT3261 Exo Terra Aliment Pour Geckos Diurnes,10.99,product,Habitat,terrarium,"Asignar ""Habitat"" en Clover",high,Exo Terra,Exo Terra Aliment Pour Geckos Diurnes,"Patrón nombre → Clover ""Habitat"" / sitio ""terrarium""",Bulk create Product
GYX33YJKX3GSP,PT3265  Gran. DGrub et p. ag. barbus juv. 125g,8.50,product,Habitat,terrarium,"Asignar ""Habitat"" en Clover",high,Exo Terra,Gran. DGrub et p. ag. barbus juv. 125g,"Patrón nombre → Clover ""Habitat"" / sitio ""terrarium""",Bulk create Product
JAE8FVF75KGR0,PT3550 ExoTerra Os de Seiche pour Tortues,12.99,product,Habitat,terrarium,"Asignar ""Habitat"" en Clover",high,Exo Terra,ExoTerra Os de Seiche pour Tortues,"Patrón nombre → Clover ""Habitat"" / sitio ""terrarium""",Bulk create Product
WCNCQJCW3DNCJ,"PT3778  Terrarium équipé Exo Terra pour gecko à crête, petit, L. 30 x l. 30 x H. 45 cm",239.99,animal,Lezard,,"Asignar ""Lezard"" en Clover",medium,Exo Terra,"Terrarium équipé Exo Terra pour gecko à crête, petit, L. 30 x l. 30 x H. 45 cm","Nombre sugiere animal vivo → categoría Clover existente ""Lezard""",Créer Animal (no Product)
JC1Q1GW2W2J40,PT3801,47.99,product,Habitat,terrarium,"Asignar ""Habitat"" en Clover",high,Exo Terra,PT3801,"Patrón nombre → Clover ""Habitat"" / sitio ""terrarium""",Bulk create Product
06QSW7R20DXMM,PT3833 Cailloux Turtle Pebbl 10-20mm  4.5kg,25.99,product,Habitat,terrarium,"Asignar ""Habitat"" en Clover",high,Exo Terra,Cailloux Turtle Pebbl 10-20mm  4.5kg,"Patrón nombre → Clover ""Habitat"" / sitio ""terrarium""",Bulk create Product
HQ4TEMATXYWA6,PT4255 Rampe Haut rendement T5 UVB 8W,69.99,product,Habitat,terrarium,"Asignar ""Habitat"" en Clover",high,Exo Terra,Rampe Haut rendement T5 UVB 8W,"Patrón nombre → Clover ""Habitat"" / sitio ""terrarium""",Bulk create Product
214TEYK35Q6GC,PT4256 Rampe Haut rendement T5 UVB 24W,99.99,product,Habitat,terrarium,"Asignar ""Habitat"" en Clover",high,Exo Terra,Rampe Haut rendement T5 UVB 24W,"Patrón nombre → Clover ""Habitat"" / sitio ""terrarium""",Bulk create Product
524ARK03JF9M2,PT4257 Rampe Haut rendement T5 UVB 39W,109.99,product,Habitat,terrarium,"Asignar ""Habitat"" en Clover",high,Exo Terra,Rampe Haut rendement T5 UVB 39W,"Patrón nombre → Clover ""Habitat"" / sitio ""terrarium""",Bulk create Product
RK8QWT2KYARQY,PT4258 Rampe Haut rendement T5 UVB 54W,129.99,product,Habitat,terrarium,"Asignar ""Habitat"" en Clover",high,Exo Terra,Rampe Haut rendement T5 UVB 54W,"Patrón nombre → Clover ""Habitat"" / sitio ""terrarium""",Bulk create Product
YBB41V768DXT6,"PT4406 Pro Paludarium, S/X-Tall 45x45x90cm",359.99,product,Habitat,terrarium,"Asignar ""Habitat"" en Clover",high,Exo Terra,"Pro Paludarium, S/X-Tall 45x45x90cm","Patrón nombre → Clover ""Habitat"" / sitio ""terrarium""",Bulk create Product
81HEFAT4FGFBP,PT4410 Paludarium M/X-tall 60*45*90 (24''*18''*36''),499.99,product,Habitat,terrarium,"Asignar ""Habitat"" en Clover",high,Exo Terra,Paludarium M/X-tall 60*45*90 (24''*18''*36''),"Patrón nombre → Clover ""Habitat"" / sitio ""terrarium""",Bulk create Product
TZ048SW49XERT,Paille,32.99,review,,,Revisar manual,low,,Paille,Sin categoría Clover y sin patrón reconocido — revisión manual,Revisión manual
62V7DS7RVB6T4,Panneau Cork 3X1,24.99,product,Decoration,decor,"Asignar ""Decoration"" en Clover",medium,,Panneau Cork 3X1,"Patrón nombre → Clover ""Decoration"" / sitio ""decor""",Bulk create Product
A61A90YMHA4R0,Party Mix Isopod Leavis Feeder (50+QTY),30.00,animal,Isopod et Araignee et Fourmis,,"Asignar ""Isopod et Araignee et Fourmis"" en Clover",medium,,Party Mix Isopod Leavis Feeder (50+QTY),"Nombre sugiere animal vivo → categoría Clover existente ""Isopod et Araignee et Fourmis""",Créer Animal (no Product)
QR6C0ADSEWK5C,Party Mix Isopod Leavis Orange/Milkback/Dairy Cow (15+QTY),16.00,animal,Isopod et Araignee et Fourmis,,"Asignar ""Isopod et Araignee et Fourmis"" en Clover",medium,,Party Mix Isopod Leavis Orange/Milkback/Dairy Cow (15+QTY),"Nombre sugiere animal vivo → categoría Clover existente ""Isopod et Araignee et Fourmis""",Créer Animal (no Product)
Q4F3QN8W873A2,Party Mix Isopod Pruinosus Blue Powder/Orange  (QTY15+),12.00,animal,Isopod et Araignee et Fourmis,,"Asignar ""Isopod et Araignee et Fourmis"" en Clover",medium,,Party Mix Isopod Pruinosus Blue Powder/Orange  (QTY15+),"Nombre sugiere animal vivo → categoría Clover existente ""Isopod et Araignee et Fourmis""",Créer Animal (no Product)
1RTNHHQ0ZWT8J,Party Mix Isopod Pruinosus Feeder (QTY 50),36.00,animal,Isopod et Araignee et Fourmis,,"Asignar ""Isopod et Araignee et Fourmis"" en Clover",medium,,Party Mix Isopod Pruinosus Feeder (QTY 50),"Nombre sugiere animal vivo → categoría Clover existente ""Isopod et Araignee et Fourmis""",Créer Animal (no Product)
WXG7R1XF2Q374,Party Mix Isopod Scaber (QTY 12),16.00,animal,Isopod et Araignee et Fourmis,,"Asignar ""Isopod et Araignee et Fourmis"" en Clover",medium,,Party Mix Isopod Scaber (QTY 12),"Nombre sugiere animal vivo → categoría Clover existente ""Isopod et Araignee et Fourmis""",Créer Animal (no Product)
E081FK0PCR82J,Pinguicula Agnata x Ping Debbertiana 'Johanna',25.00,review,,,Revisar manual,low,,Pinguicula Agnata x Ping Debbertiana 'Johanna',Sin categoría Clover y sin patrón reconocido — revisión manual,Revisión manual
CWZJRZ18WJMAM,Pinguicula Ehlersiae 'Victoria',25.00,review,,,Revisar manual,low,,Pinguicula Ehlersiae 'Victoria',Sin categoría Clover y sin patrón reconocido — revisión manual,Revisión manual
C2PGT5YAW4SC6,Pinguicula Jauvamensis x Emarginata (Red Rosette),25.00,review,,,Revisar manual,low,,Pinguicula Jauvamensis x Emarginata (Red Rosette),Sin categoría Clover y sin patrón reconocido — revisión manual,Revisión manual
K96QMA1AJMX7C,Pinky Pump & Probes,95.00,product,Piece Remplacement/ Electronique,equipment,"Asignar ""Piece Remplacement/ Electronique"" en Clover",medium,,Pinky Pump & Probes,"Patrón nombre → Clover ""Piece Remplacement/ Electronique"" / sitio ""equipment""",Bulk create Product
1XQ427H1PQD04,Plante Aquatique,8.99,review,,,Revisar manual,low,,Plante Aquatique,Sin categoría Clover y sin patrón reconocido — revisión manual,Revisión manual
S77Z4F2H7SGPW,Plante Pot Bleu,30.00,review,,,Revisar manual,low,,Plante Pot Bleu,Sin categoría Clover y sin patrón reconocido — revisión manual,Revisión manual
5PDQ3ZGTEWD5G,Plante Pot Gros Noir,15.00,review,,,Revisar manual,low,,Plante Pot Gros Noir,Sin categoría Clover y sin patrón reconocido — revisión manual,Revisión manual
9CNF9QV2GFP6A,Plante Pot Jaune,25.00,review,,,Revisar manual,low,,Plante Pot Jaune,Sin categoría Clover y sin patrón reconocido — revisión manual,Revisión manual
HRM1PEA1THB04,Plante Pot Petit Noir,10.00,review,,,Revisar manual,low,,Plante Pot Petit Noir,Sin categoría Clover y sin patrón reconocido — revisión manual,Revisión manual
ZCVMQ2VJE0SSR,Plante Pot Rouge,20.00,review,,,Revisar manual,low,,Plante Pot Rouge,Sin categoría Clover y sin patrón reconocido — revisión manual,Revisión manual
JVH0RS9ZTBZTC,Plante Pot Vert,35.00,review,,,Revisar manual,low,,Plante Pot Vert,Sin categoría Clover y sin patrón reconocido — revisión manual,Revisión manual
M24QHHD5SR44E,Plante Pothos,7.99,review,,,Revisar manual,low,,Plante Pothos,Sin categoría Clover y sin patrón reconocido — revisión manual,Revisión manual
T3FYR4JMM8EM2,Plante grasse / plant succulent 2 inch,10.00,review,,,Revisar manual,low,,Plante grasse / plant succulent 2 inch,Sin categoría Clover y sin patrón reconocido — revisión manual,Revisión manual
KE1Z443S3K3RY,Plugs Pour Calypso Nozzles,1.00,review,,,Revisar manual,low,,Plugs Pour Calypso Nozzles,Sin categoría Clover y sin patrón reconocido — revisión manual,Revisión manual
P0Q45MQ2QHGBE,Pollen d'abeille,4.25,review,,,Revisar manual,low,,Pollen d'abeille,Sin categoría Clover y sin patrón reconocido — revisión manual,Revisión manual
R0ZRQSTJZ5CM4,Porcellio Haasi Light Form,50.00,review,,,Revisar manual,low,,Porcellio Haasi Light Form,Sin categoría Clover y sin patrón reconocido — revisión manual,Revisión manual
ZV6EGSH8FHNH0,Poussin Poulet 1 Jour,2.99,review,,,Revisar manual,low,,Poussin Poulet 1 Jour,Sin categoría Clover y sin patrón reconocido — revisión manual,Revisión manual
TRMAKWK388512,Probe Zoomed,5.00,review,,,Revisar manual,low,Zoo Med,Probe Zoomed,Sin categoría Clover y sin patrón reconocido — revisión manual,Revisión manual
SZPDS7H2VYFPC,Python Royale Banana Het Pied Femelle (Asphalt/Yb),350.00,animal,Serpent,,"Asignar ""Serpent"" en Clover",medium,,Python Royale Banana Het Pied Femelle (Asphalt/Yb),"Nombre sugiere animal vivo → categoría Clover existente ""Serpent""",Créer Animal (no Product)
89NVQFHG174DA,RAREPIF250 Arcadia EarthPro InsectFuel Insect Feed 250g,29.99,review,,,Revisar manual,low,,RAREPIF250 Arcadia EarthPro InsectFuel Insect Feed 250g,Sin categoría Clover y sin patrón reconocido — revisión manual,Revisión manual
S5BMC34BADJ24,"RARLZ24FZ Arcadia LumenIZE Pro T5 UVB Kit, D3 Forest, 6% UV-B, 24 Watt",174.99,product,Lumiere,lighting,"Asignar ""Lumiere"" en Clover",high,,"RARLZ24FZ Arcadia LumenIZE Pro T5 UVB Kit, D3 Forest, 6% UV-B, 24 Watt","Patrón nombre → Clover ""Lumiere"" / sitio ""lighting""",Bulk create Product
CPF8ZMC58XW8E,"RARLZ24RZ Arcadia LumenIZE Pro T5 UVB Kit, D3+ Desert, 12% UV-B, 24 Watt",174.99,product,Lumiere,lighting,"Asignar ""Lumiere"" en Clover",high,,"RARLZ24RZ Arcadia LumenIZE Pro T5 UVB Kit, D3+ Desert, 12% UV-B, 24 Watt","Patrón nombre → Clover ""Lumiere"" / sitio ""lighting""",Bulk create Product
FWEFRT6F5TR4A,"RARLZ39FZ Arcadia LumenIZE Pro T5 UVB Kit, D3 Forest, 6% UV-B, 39 Watt",189.99,product,Lumiere,lighting,"Asignar ""Lumiere"" en Clover",high,,"RARLZ39FZ Arcadia LumenIZE Pro T5 UVB Kit, D3 Forest, 6% UV-B, 39 Watt","Patrón nombre → Clover ""Lumiere"" / sitio ""lighting""",Bulk create Product
F5Q6WK14NC3N8,"RARLZ39RZ Arcadia LumenIZE Pro T5 UVB Kit, D3+ Desert, 12% UV-B, 39 Watt",189.99,product,Lumiere,lighting,"Asignar ""Lumiere"" en Clover",high,,"RARLZ39RZ Arcadia LumenIZE Pro T5 UVB Kit, D3+ Desert, 12% UV-B, 39 Watt","Patrón nombre → Clover ""Lumiere"" / sitio ""lighting""",Bulk create Product
D8ZQMSRA15BCE,"RARLZ54FZ Arcadia LumenIZE Pro T5 UVB Kit, D3 Forest, 6% UV-B, 54 Watt",199.99,product,Lumiere,lighting,"Asignar ""Lumiere"" en Clover",high,,"RARLZ54FZ Arcadia LumenIZE Pro T5 UVB Kit, D3 Forest, 6% UV-B, 54 Watt","Patrón nombre → Clover ""Lumiere"" / sitio ""lighting""",Bulk create Product
ZSVV2SSGYP1RY,"RARLZ54RZ Arcadia LumenIZE Pro T5 UVB Kit, D3+ Desert, 12% UV-B, 54 Watt",199.99,product,Lumiere,lighting,"Asignar ""Lumiere"" en Clover",high,,"RARLZ54RZ Arcadia LumenIZE Pro T5 UVB Kit, D3+ Desert, 12% UV-B, 54 Watt","Patrón nombre → Clover ""Lumiere"" / sitio ""lighting""",Bulk create Product
EGERSCPWZAN08,RARTP54RZ Arcadia Pro T5 UVB Kit 12% 54W,182.99,product,Lumiere,lighting,"Asignar ""Lumiere"" en Clover",high,,RARTP54RZ Arcadia Pro T5 UVB Kit 12% 54W,"Patrón nombre → Clover ""Lumiere"" / sitio ""lighting""",Bulk create Product
Z4TJKDZ2T799M,RC Billes d'Argile 2.5 lbs,9.99,review,,,Revisar manual,low,,Billes d'Argile 2.5 lbs,Sin categoría Clover y sin patrón reconocido — revisión manual,Revisión manual
44XKSQGPEDK5J,RC Bois Platte 10$/Pied,10.00,product,Decoration,decor,"Asignar ""Decoration"" en Clover",medium,,Bois Platte 10$/Pied,"Patrón nombre → Clover ""Decoration"" / sitio ""decor""",Bulk create Product
XSP91SMVS9TY4,RC Bouffe Maison Insectivore,10.00,product,Nourriture,food_packaged,"Asignar ""Nourriture"" en Clover",high,,Bouffe Maison Insectivore,"Patrón nombre → Clover ""Nourriture"" / sitio ""food_packaged""",Bulk create Product
HHSFMS5YD1PB6,RC Branches Plattes 5$ Du Pied,4.99,product,Decoration,decor,"Asignar ""Decoration"" en Clover",medium,,Branches Plattes 5$ Du Pied,"Patrón nombre → Clover ""Decoration"" / sitio ""decor""",Bulk create Product
0DPRQJQ7RA1S8,RC Ceramic Heater 100W,29.99,product,Lumiere,lighting,"Asignar ""Lumiere"" en Clover",high,,Ceramic Heater 100W,"Patrón nombre → Clover ""Lumiere"" / sitio ""lighting""",Bulk create Product
EKGBMGJ6DA9FE,RC Ceramic Heater 150W,34.99,product,Lumiere,lighting,"Asignar ""Lumiere"" en Clover",high,,Ceramic Heater 150W,"Patrón nombre → Clover ""Lumiere"" / sitio ""lighting""",Bulk create Product
YQNVATZ3WHXV2,RC Ceramic Heater 250W,44.99,product,Lumiere,lighting,"Asignar ""Lumiere"" en Clover",high,,Ceramic Heater 250W,"Patrón nombre → Clover ""Lumiere"" / sitio ""lighting""",Bulk create Product
3PHVVV59K9SBY,RC Ceramic Heater 25W,19.99,product,Lumiere,lighting,"Asignar ""Lumiere"" en Clover",high,,Ceramic Heater 25W,"Patrón nombre → Clover ""Lumiere"" / sitio ""lighting""",Bulk create Product
2TKJBMR1JWT40,RC Ceramic Heater 50W,22.99,product,Lumiere,lighting,"Asignar ""Lumiere"" en Clover",high,,Ceramic Heater 50W,"Patrón nombre → Clover ""Lumiere"" / sitio ""lighting""",Bulk create Product
N47APX1D9EVAW,RC Ceramic Heater 75W,24.99,product,Lumiere,lighting,"Asignar ""Lumiere"" en Clover",high,,Ceramic Heater 75W,"Patrón nombre → Clover ""Lumiere"" / sitio ""lighting""",Bulk create Product
DTA37T9XT9WJA,RC Charbon (250 gr),3.99,review,,,Revisar manual,low,,Charbon (250 gr),Sin categoría Clover y sin patrón reconocido — revisión manual,Revisión manual
51NQ4DT839E08,RC Pierre Décorative (1KG),5.99,review,,,Revisar manual,low,,Pierre Décorative (1KG),Sin categoría Clover y sin patrón reconocido — revisión manual,Revisión manual
WJSV0QQ01FW4R,RC Pierre Volcanique Noire (2lbs),5.99,review,,,Revisar manual,low,,Pierre Volcanique Noire (2lbs),Sin categoría Clover y sin patrón reconocido — revisión manual,Revisión manual
WE9KBMTX32PGY,RC Repti Mélange 24 Qt,32.99,review,,,Revisar manual,low,,Repti Mélange 24 Qt,Sin categoría Clover y sin patrón reconocido — revisión manual,Revisión manual
1G5Y4S6APTPPG,RC Roche Platte,9.99,product,Decoration,decor,"Asignar ""Decoration"" en Clover",medium,,Roche Platte,"Patrón nombre → Clover ""Decoration"" / sitio ""decor""",Bulk create Product
B12DD4Y6CCTT4,RFD3SD14 Arcadia ShadeDweller Max Replacement Lamp (110V),38.99,review,,,Revisar manual,low,,RFD3SD14 Arcadia ShadeDweller Max Replacement Lamp (110V),Sin categoría Clover y sin patrón reconocido — revisión manual,Revisión manual
J368QJ8AYM48R,RR1022 Omega One Frog and Tadpole pellets 1.2oz,5.99,animal,Amphibien,,"Asignar ""Amphibien"" en Clover",medium,,Omega One Frog and Tadpole pellets 1.2oz,"Nombre sugiere animal vivo → categoría Clover existente ""Amphibien""",Créer Animal (no Product)
EZTSDSGMVXPSM,RR4116 Mazuri Tortoise LS Diet 12oz,21.99,product,Nourriture,food_packaged,"Asignar ""Nourriture"" en Clover",high,Mazuri,Mazuri Tortoise LS Diet 12oz,"Patrón nombre → Clover ""Nourriture"" / sitio ""food_packaged""",Bulk create Product
2B2TG1F2XY8ER,RR4117 Mazuri 5E5L Tortoise Diet LS,185.00,product,Nourriture,food_packaged,"Asignar ""Nourriture"" en Clover",high,Mazuri,Mazuri 5E5L Tortoise Diet LS,"Patrón nombre → Clover ""Nourriture"" / sitio ""food_packaged""",Bulk create Product
347AHF9JT3RD8,RR4138 Komodo Tortoise Hay 24oz,15.50,review,,,Revisar manual,low,,Komodo Tortoise Hay 24oz,Sin categoría Clover y sin patrón reconocido — revisión manual,Revisión manual
0ZDXD2YCTR446,RR4201 Komodo Twin Jelly Pot Holder,9.99,review,,,Revisar manual,low,,Komodo Twin Jelly Pot Holder,Sin categoría Clover y sin patrón reconocido — revisión manual,Revisión manual
YNKVQ7BKPCVC4,RR4214 Komodo Mealworm Dish,5.99,product,Insecte Vivant,food_live,"Asignar ""Insecte Vivant"" en Clover",high,,Komodo Mealworm Dish,"Patrón nombre → Clover ""Insecte Vivant"" / sitio ""food_live""",Bulk create Product
ZNAFPK2K9HPFR,Ranarium Carotenoid plus 2oz,46.99,review,,,Revisar manual,low,,Ranarium Carotenoid plus 2oz,Sin categoría Clover y sin patrón reconocido — revisión manual,Revisión manual
KPR1F9EFH9R4E,Rat Chow,69.99,animal,Rongeur,,"Asignar ""Rongeur"" en Clover",medium,,Rat Chow,"Nombre sugiere animal vivo → categoría Clover existente ""Rongeur""",Créer Animal (no Product)
4JNE76PSYZC0A,Rat Natal Fuzzy Vivant,4.00,animal,Rongeur,,"Asignar ""Rongeur"" en Clover",medium,,Rat Natal Fuzzy Vivant,"Nombre sugiere animal vivo → categoría Clover existente ""Rongeur""",Créer Animal (no Product)
Q3SN3DCPEPKHR,Rats Colossal,8.50,review,,,Revisar manual,low,,Rats Colossal,Sin categoría Clover y sin patrón reconocido — revisión manual,Revisión manual
9Q0WCSBKF9J0R,Red Wiggler / Vers de Terre Rouge,13.59,review,,,Revisar manual,low,,Red Wiggler / Vers de Terre Rouge,Sin categoría Clover y sin patrón reconocido — revisión manual,Revisión manual
47GN9V4RV0TNW,S086  Bedding Sani Chip Bulk,80.00,product,Substrat,substrate,"Asignar ""Substrat"" en Clover",high,,Bedding Sani Chip Bulk,"Patrón nombre → Clover ""Substrat"" / sitio ""substrate""",Bulk create Product
V3EVD44M8268A,S089 Bedding Paper Shavings 2.8 CU.FT,19.99,product,Substrat,substrate,"Asignar ""Substrat"" en Clover",high,,Bedding Paper Shavings 2.8 CU.FT,"Patrón nombre → Clover ""Substrat"" / sitio ""substrate""",Bulk create Product
1YJRNHCMQGCRJ,"SBG SunBlaster Mini Greenhouse Kit - 18"" LED",109.99,review,,,Revisar manual,low,,"SunBlaster Mini Greenhouse Kit - 18"" LED",Sin categoría Clover y sin patrón reconocido — revisión manual,Revisión manual
J7SY3V6Y9W064,SCA Salvinia cullculata  Aquatic,3.99,review,,,Revisar manual,low,,Salvinia cullculata  Aquatic,Sin categoría Clover y sin patrón reconocido — revisión manual,Revisión manual
P54MQ5WEQSVV8,SMAC Aspen Chips Nepco 8 Cu Ft,148.99,review,,,Revisar manual,low,,Aspen Chips Nepco 8 Cu Ft,Sin categoría Clover y sin patrón reconocido — revisión manual,Revisión manual
TFP3R0N09KE8E,Shiping Corn scaleless Okeetee BB,73.94,review,,,Revisar manual,low,,Shiping Corn scaleless Okeetee BB,Sin categoría Clover y sin patrón reconocido — revisión manual,Revisión manual
KTJ890M3XVE0J,Sprayer 1.5L,5.00,review,,,Revisar manual,low,,Sprayer 1.5L,Sin categoría Clover y sin patrón reconocido — revisión manual,Revisión manual
11X1RNP987A1E,Sunburst Ant Nectar (by Formica) 120ml,28.99,review,,,Revisar manual,low,,Sunburst Ant Nectar (by Formica) 120ml,Sin categoría Clover y sin patrón reconocido — revisión manual,Revisión manual
2SZNG6KAM106P,Sunburst Ant Nectar (by Formica) 240ml,35.99,review,,,Revisar manual,low,,Sunburst Ant Nectar (by Formica) 240ml,Sin categoría Clover y sin patrón reconocido — revisión manual,Revisión manual
CXHB1CD45DWVJ,Sunburst Ant Nectar (by Formica) 60 ml,21.99,review,,,Revisar manual,low,,Sunburst Ant Nectar (by Formica) 60 ml,Sin categoría Clover y sin patrón reconocido — revisión manual,Revisión manual
0RNQM7GYNZNC2,T. Tomentosa Dwarf White 20+,9.99,review,,,Revisar manual,low,,T. Tomentosa Dwarf White 20+,Sin categoría Clover y sin patrón reconocido — revisión manual,Revisión manual
FKWXE3FB1X6XJ,TC Magnet Nest / Nid,15.99,review,,,Revisar manual,low,,Magnet Nest / Nid,Sin categoría Clover y sin patrón reconocido — revisión manual,Revisión manual
MP2Y86JVTCV9C,TC Magnet Water Vial / Flacon d'eau,13.99,review,,,Revisar manual,low,,Magnet Water Vial / Flacon d'eau,Sin categoría Clover y sin patrón reconocido — revisión manual,Revisión manual
RF1Y82JBECHYY,TC1 Berceaux Mygale - Casket mini 6''x3''x3'',59.99,review,,,Revisar manual,low,,Berceaux Mygale - Casket mini 6''x3''x3'',Sin categoría Clover y sin patrón reconocido — revisión manual,Revisión manual
S7MTTBJXSZ1V8,TC10 Tarantula Cribs Coffin Large,249.99,animal,Isopod et Araignee et Fourmis,,"Asignar ""Isopod et Araignee et Fourmis"" en Clover",medium,,Tarantula Cribs Coffin Large,"Nombre sugiere animal vivo → categoría Clover existente ""Isopod et Araignee et Fourmis""",Créer Animal (no Product)
ZRAFNQ15X8MVG,TC2 Cube 4 x 4x 4,36.50,review,,,Revisar manual,low,,Cube 4 x 4x 4,Sin categoría Clover y sin patrón reconocido — revisión manual,Revisión manual
KS3D9339GHAP8,"TC3 Berceaux Mygale - Canopy Mini 3""",31.50,review,,,Revisar manual,low,,"Berceaux Mygale - Canopy Mini 3""",Sin categoría Clover y sin patrón reconocido — revisión manual,Revisión manual
7SA02XTPM008A,TC4 Berceaux Mygale - Small Treehouse Switch- Clear Back,62.99,review,,,Revisar manual,low,,Berceaux Mygale - Small Treehouse Switch- Clear Back,Sin categoría Clover y sin patrón reconocido — revisión manual,Revisión manual
XBPRJB18X7KDW,TC5 Berceaux Mygale - Canopy - Understory 3x3x6,41.99,review,,,Revisar manual,low,,Berceaux Mygale - Canopy - Understory 3x3x6,Sin categoría Clover y sin patrón reconocido — revisión manual,Revisión manual
7DYDRRTFQPY48,TC6 Berceaux Mygale - Canopy - Flat top 3x3x6,41.99,review,,,Revisar manual,low,,Berceaux Mygale - Canopy - Flat top 3x3x6,Sin categoría Clover y sin patrón reconocido — revisión manual,Revisión manual
92G345GWVXBNA,"TC7 Tarantula Cribs - Treehouse Mini 2""x2""x3""",26.25,animal,Isopod et Araignee et Fourmis,,"Asignar ""Isopod et Araignee et Fourmis"" en Clover",medium,,"Tarantula Cribs - Treehouse Mini 2""x2""x3""","Nombre sugiere animal vivo → categoría Clover existente ""Isopod et Araignee et Fourmis""",Créer Animal (no Product)
FHSM0RWWW5NN0,TC8 Medium Coffin Green Glitter 10''x5''x5'',89.99,review,,,Revisar manual,low,,Medium Coffin Green Glitter 10''x5''x5'',Sin categoría Clover y sin patrón reconocido — revisión manual,Revisión manual
WCQE5STSQNB96,TC9 Tarantula Kat Sweet Dreams Blue,52.49,animal,Isopod et Araignee et Fourmis,,"Asignar ""Isopod et Araignee et Fourmis"" en Clover",medium,,Tarantula Kat Sweet Dreams Blue,"Nombre sugiere animal vivo → categoría Clover existente ""Isopod et Araignee et Fourmis""",Créer Animal (no Product)
Z42B7NN4AQ0QA,Tad-Pool mix color,21.99,review,,,Revisar manual,low,,Tad-Pool mix color,Sin categoría Clover y sin patrón reconocido — revisión manual,Revisión manual
Y61MF6NKB3802,Tinctorius Yellow Back,130.00,review,,,Revisar manual,low,,Tinctorius Yellow Back,Sin categoría Clover y sin patrón reconocido — revisión manual,Revisión manual
TD964NGT5C7CJ,Tliltocatl Kahlenbetgi,75.00,review,,,Revisar manual,low,,Tliltocatl Kahlenbetgi,Sin categoría Clover y sin patrón reconocido — revisión manual,Revisión manual
3GWR32DR0YRT6,Tortue Chinese Godentred Yearling,200.00,animal,Serpent,,"Asignar ""Serpent"" en Clover",medium,,Tortue Chinese Godentred Yearling,"Nombre sugiere animal vivo → categoría Clover existente ""Serpent""",Créer Animal (no Product)
Q8583YKPS060G,Tortue Chinese Yellowthread,200.00,animal,Serpent,,"Asignar ""Serpent"" en Clover",medium,,Tortue Chinese Yellowthread,"Nombre sugiere animal vivo → categoría Clover existente ""Serpent""",Créer Animal (no Product)
N3J94N65DER60,Tortue Costa rican Ornate,200.00,animal,Serpent,,"Asignar ""Serpent"" en Clover",medium,,Tortue Costa rican Ornate,"Nombre sugiere animal vivo → categoría Clover existente ""Serpent""",Créer Animal (no Product)
DQ2ZD86SH0G5W,Tortue Grecque,500.00,animal,Serpent,,"Asignar ""Serpent"" en Clover",medium,,Tortue Grecque,"Nombre sugiere animal vivo → categoría Clover existente ""Serpent""",Créer Animal (no Product)
CEEA2VTCA8WBW,Tortue Herman BB,700.00,animal,Serpent,,"Asignar ""Serpent"" en Clover",medium,,Tortue Herman BB,"Nombre sugiere animal vivo → categoría Clover existente ""Serpent""",Créer Animal (no Product)
Y1SKBZNNCFKVR,Tortue Hermann Male,600.00,animal,Serpent,,"Asignar ""Serpent"" en Clover",medium,,Tortue Hermann Male,"Nombre sugiere animal vivo → categoría Clover existente ""Serpent""",Créer Animal (no Product)
ZHJD1AM3MAAPA,Tortue Mississippi Map Turtle,250.00,animal,Serpent,,"Asignar ""Serpent"" en Clover",medium,,Tortue Mississippi Map Turtle,"Nombre sugiere animal vivo → categoría Clover existente ""Serpent""",Créer Animal (no Product)
F8Q8QD8NBXPE8,Tortue Ornata Ornata Western,700.00,animal,Serpent,,"Asignar ""Serpent"" en Clover",medium,,Tortue Ornata Ornata Western,"Nombre sugiere animal vivo → categoría Clover existente ""Serpent""",Créer Animal (no Product)
NRDZDRY5KKNWC,Tortue Ornata Wood,400.00,animal,Serpent,,"Asignar ""Serpent"" en Clover",medium,,Tortue Ornata Wood,"Nombre sugiere animal vivo → categoría Clover existente ""Serpent""",Créer Animal (no Product)
STJMNGRKK8PS8,Tortue Redfooted BB,600.00,animal,Serpent,,"Asignar ""Serpent"" en Clover",medium,,Tortue Redfooted BB,"Nombre sugiere animal vivo → categoría Clover existente ""Serpent""",Créer Animal (no Product)
7K72K60FPSWN2,Tortue Reeve's,275.00,animal,Serpent,,"Asignar ""Serpent"" en Clover",medium,,Tortue Reeve's,"Nombre sugiere animal vivo → categoría Clover existente ""Serpent""",Créer Animal (no Product)
P0P6QDD4TA81W,Tortue Russe,600.00,animal,Serpent,,"Asignar ""Serpent"" en Clover",medium,,Tortue Russe,"Nombre sugiere animal vivo → categoría Clover existente ""Serpent""",Créer Animal (no Product)
Y6NEJBVG9A9KP,Tortue Sulcata,600.00,animal,Serpent,,"Asignar ""Serpent"" en Clover",medium,,Tortue Sulcata,"Nombre sugiere animal vivo → categoría Clover existente ""Serpent""",Créer Animal (no Product)
4MEQB8PV83SBE,Tortue Yellow Bellied BB,200.00,animal,Serpent,,"Asignar ""Serpent"" en Clover",medium,,Tortue Yellow Bellied BB,"Nombre sugiere animal vivo → categoría Clover existente ""Serpent""",Créer Animal (no Product)
8ANXRAE44K5E4,Trichoniscus Sp. Dwarf Purple 20+,12.00,review,,,Revisar manual,low,,Trichoniscus Sp. Dwarf Purple 20+,Sin categoría Clover y sin patrón reconocido — revisión manual,Revisión manual
N4EJTY26KTH5Y,Trout Chow,65.00,review,,,Revisar manual,low,,Trout Chow,Sin categoría Clover y sin patrón reconocido — revisión manual,Revisión manual
0EDSTDSRRW1GA,V-Beurre / Butter 10,10.00,review,,,Revisar manual,low,,V-Beurre / Butter 10,Sin categoría Clover y sin patrón reconocido — revisión manual,Revisión manual
168AA2GMK10C2,V-Beurre / Butter 100,100.00,review,,,Revisar manual,low,,V-Beurre / Butter 100,Sin categoría Clover y sin patrón reconocido — revisión manual,Revisión manual
WWHEJ3GYTQNDY,V-Beurre / Butter 25,25.00,review,,,Revisar manual,low,,V-Beurre / Butter 25,Sin categoría Clover y sin patrón reconocido — revisión manual,Revisión manual
T4GXEVFTDJWM6,V-Beurre / Butter 50,50.00,review,,,Revisar manual,low,,V-Beurre / Butter 50,Sin categoría Clover y sin patrón reconocido — revisión manual,Revisión manual
7GW5P5F4TPW0E,WPGD Pangea Watermelon Complete Gecko Diet,62.99,animal,Lezard,,"Asignar ""Lezard"" en Clover",medium,,Pangea Watermelon Complete Gecko Diet,"Nombre sugiere animal vivo → categoría Clover existente ""Lezard""",Créer Animal (no Product)
NPVQXS759DS50,WSG-2 Pangea Succulent Garden #2,28.99,review,,,Revisar manual,low,,WSG-2 Pangea Succulent Garden #2,Sin categoría Clover y sin patrón reconocido — revisión manual,Revisión manual
H124565THTE8M,X46025 Oase Cleaner Pump,23.99,product,Piece Remplacement/ Electronique,equipment,"Asignar ""Piece Remplacement/ Electronique"" en Clover",medium,,Oase Cleaner Pump,"Patrón nombre → Clover ""Piece Remplacement/ Electronique"" / sitio ""equipment""",Bulk create Product
XM35WG7M22TGT,Z112E Mini Tropical UVB Lighting Combo,46.99,product,Lumiere,lighting,"Asignar ""Lumiere"" en Clover",high,,Mini Tropical UVB Lighting Combo,"Patrón nombre → Clover ""Lumiere"" / sitio ""lighting""",Bulk create Product
2X7ZHM22N6912,Z112F Aquatic Turtle Lighting Combo,57.99,review,,,Revisar manual,low,,Aquatic Turtle Lighting Combo,Sin categoría Clover y sin patrón reconocido — revisión manual,Revisión manual
1G1005ZDGYNPT,Z112J Aquatic Turtle UVB & Heat Lighting Combo,84.99,product,Lumiere,lighting,"Asignar ""Lumiere"" en Clover",high,,Aquatic Turtle UVB & Heat Lighting Combo,"Patrón nombre → Clover ""Lumiere"" / sitio ""lighting""",Bulk create Product
Z88DWD2FHKW28,Z114 Zoomed Wire Cage Clamp Lamp,32.99,review,,,Revisar manual,low,Zoo Med,Zoomed Wire Cage Clamp Lamp,Sin categoría Clover y sin patrón reconocido — revisión manual,Revisión manual
9GVSZ4TNY070G,Z115,48.99,review,,,Revisar manual,low,,Z115,Sin categoría Clover y sin patrón reconocido — revisión manual,Revisión manual
8SYHEZN6J5DZA,Z115M,38.99,review,,,Revisar manual,low,,Z115M,Sin categoría Clover y sin patrón reconocido — revisión manual,Revisión manual
2XH3N9VPFCNEM,Z115O,51.99,review,,,Revisar manual,low,,Z115O,Sin categoría Clover y sin patrón reconocido — revisión manual,Revisión manual
35T1QZV5SWVQR,Z115P,58.99,review,,,Revisar manual,low,,Z115P,Sin categoría Clover y sin patrón reconocido — revisión manual,Revisión manual
FP4QRFHSQXV5W,Z115R,102.99,review,,,Revisar manual,low,,Z115R,Sin categoría Clover y sin patrón reconocido — revisión manual,Revisión manual
XX6Y7H35X8MSE,Z116 Repti Lamp Stand (20-100 Gal)  LF-20,60.99,review,,,Revisar manual,low,,Repti Lamp Stand (20-100 Gal)  LF-20,Sin categoría Clover y sin patrón reconocido — revisión manual,Revisión manual
ND45KA25481AA,Z116S Economy Lamp Stand (10-20 Gal)  LF-21,51.99,review,,,Revisar manual,low,,Economy Lamp Stand (10-20 Gal)  LF-21,Sin categoría Clover y sin patrón reconocido — revisión manual,Revisión manual
21T49WXV61WWR,Z126B Reptile Digital min-max Thermometer,24.99,product,Piece Remplacement/ Electronique,equipment,"Asignar ""Piece Remplacement/ Electronique"" en Clover",medium,,Reptile Digital min-max Thermometer,"Patrón nombre → Clover ""Piece Remplacement/ Electronique"" / sitio ""equipment""",Bulk create Product
QP2KB512QJ65Y,Z150C Repti Rapids LED Waterfall Wood MD,119.99,review,,,Revisar manual,low,,Repti Rapids LED Waterfall Wood MD,Sin categoría Clover y sin patrón reconocido — revisión manual,Revisión manual
7B1X8PCVK5N10,Z153,319.99,review,,,Revisar manual,low,,Z153,Sin categoría Clover y sin patrón reconocido — revisión manual,Revisión manual
SHWTBXDYF8VR2,Z159M ZooMed Turtle Dock 15 gal MD,42.99,review,,,Revisar manual,low,Zoo Med,ZooMed Turtle Dock 15 gal MD,Sin categoría Clover y sin patrón reconocido — revisión manual,Revisión manual
X6Y0JK1KHRWNE,Z159S,21.99,review,,,Revisar manual,low,,Z159S,Sin categoría Clover y sin patrón reconocido — revisión manual,Revisión manual
QRSHKA00CYGA6,Z159X ZooMed Floating Turtle Dock X-Large,111.99,product,Decoration,decor,"Asignar ""Decoration"" en Clover",medium,Zoo Med,ZooMed Floating Turtle Dock X-Large,"Patrón nombre → Clover ""Decoration"" / sitio ""decor""",Bulk create Product
NCWMEPW5NNVKY,Z160C Nano 10/30 Carbon (1 pack),7.99,review,,,Revisar manual,low,,Nano 10/30 Carbon (1 pack),Sin categoría Clover y sin patrón reconocido — revisión manual,Revisión manual
P3D31AEYEQY90,Z160CM Nano 10/30 Ceramic Media,7.99,review,,,Revisar manual,low,,Nano 10/30 Ceramic Media,Sin categoría Clover y sin patrón reconocido — revisión manual,Revisión manual
DBWK77SA3D552,Z160MS Mechanical Sponge Nano 10,7.99,review,,,Revisar manual,low,,Mechanical Sponge Nano 10,Sin categoría Clover y sin patrón reconocido — revisión manual,Revisión manual
S9VWHAAQNFN4T,Z162 Macro 50 External Canister Filter,199.99,product,Piece Remplacement/ Electronique,equipment,"Asignar ""Piece Remplacement/ Electronique"" en Clover",medium,,Macro 50 External Canister Filter,"Patrón nombre → Clover ""Piece Remplacement/ Electronique"" / sitio ""equipment""",Bulk create Product
WNNBZSG4KHYNJ,Z162C Macro 50/75 Carbon (2 pack),13.99,review,,,Revisar manual,low,,Macro 50/75 Carbon (2 pack),Sin categoría Clover y sin patrón reconocido — revisión manual,Revisión manual
9VC1ZAJE4KZYC,Z162MS Mechanical Sponge Macro 50,16.99,review,,,Revisar manual,low,,Mechanical Sponge Macro 50,Sin categoría Clover y sin patrón reconocido — revisión manual,Revisión manual
1HEE2YK5DB708,Z162PS  Pre Filter Sponge Macro 50,17.99,product,Piece Remplacement/ Electronique,equipment,"Asignar ""Piece Remplacement/ Electronique"" en Clover",medium,,Pre Filter Sponge Macro 50,"Patrón nombre → Clover ""Piece Remplacement/ Electronique"" / sitio ""equipment""",Bulk create Product
9TFV1DGP46DG0,Z164 Zoomed Ceramic Catfish Log,13.49,review,,,Revisar manual,low,Zoo Med,Zoomed Ceramic Catfish Log,Sin categoría Clover y sin patrón reconocido — revisión manual,Revisión manual
HSRP6B2EQ5WWT,Z166 Turtleclean Filter (10Gal),29.25,product,Piece Remplacement/ Electronique,equipment,"Asignar ""Piece Remplacement/ Electronique"" en Clover",medium,,Turtleclean Filter (10Gal),"Patrón nombre → Clover ""Piece Remplacement/ Electronique"" / sitio ""equipment""",Bulk create Product
8STJVNN9Y57V4,Z166A Turtleclean Filter (10Gal) Repl. Cartridge,5.99,product,Piece Remplacement/ Electronique,equipment,"Asignar ""Piece Remplacement/ Electronique"" en Clover",medium,,Turtleclean Filter (10Gal) Repl. Cartridge,"Patrón nombre → Clover ""Piece Remplacement/ Electronique"" / sitio ""equipment""",Bulk create Product
BYTGNJYWZS2R2,Z166B Turtleclean Filter (20Gal),36.99,product,Piece Remplacement/ Electronique,equipment,"Asignar ""Piece Remplacement/ Electronique"" en Clover",medium,,Turtleclean Filter (20Gal),"Patrón nombre → Clover ""Piece Remplacement/ Electronique"" / sitio ""equipment""",Bulk create Product
2SV50TD4Y80X0,Z166c Turtleclean Filter (20Gal) Repl. Cartridge,8.99,product,Piece Remplacement/ Electronique,equipment,"Asignar ""Piece Remplacement/ Electronique"" en Clover",medium,,Z166c Turtleclean Filter (20Gal) Repl. Cartridge,"Patrón nombre → Clover ""Piece Remplacement/ Electronique"" / sitio ""equipment""",Bulk create Product
ZMD96NG25J80R,Z167 Zoomed Hanging Mealworm Feeder Bowl,5.99,product,Insecte Vivant,food_live,"Asignar ""Insecte Vivant"" en Clover",high,Zoo Med,Zoomed Hanging Mealworm Feeder Bowl,"Patrón nombre → Clover ""Insecte Vivant"" / sitio ""food_live""",Bulk create Product
VS64FJ10WJR0C,Z169 Turtletherm Heater 50W (15GAL),34.99,product,Lumiere,lighting,"Asignar ""Lumiere"" en Clover",high,,Turtletherm Heater 50W (15GAL),"Patrón nombre → Clover ""Lumiere"" / sitio ""lighting""",Bulk create Product
QV37PC41EY3NW,Z169A Turtletherm Heater 100W (30GAL),41.99,product,Lumiere,lighting,"Asignar ""Lumiere"" en Clover",high,,Turtletherm Heater 100W (30GAL),"Patrón nombre → Clover ""Lumiere"" / sitio ""lighting""",Bulk create Product
4RTGA1JHKS3MP,Z169B Turtletherm Heater 150W (50GAL),63.99,product,Lumiere,lighting,"Asignar ""Lumiere"" en Clover",high,,Turtletherm Heater 150W (50GAL),"Patrón nombre → Clover ""Lumiere"" / sitio ""lighting""",Bulk create Product
P1SZKX57GBJNC,Z169C Turtletherm Heater 300W (100GAL),74.99,product,Lumiere,lighting,"Asignar ""Lumiere"" en Clover",high,,Turtletherm Heater 300W (100GAL),"Patrón nombre → Clover ""Lumiere"" / sitio ""lighting""",Bulk create Product
DS0R2H3W2QV54,Z170 Repti Reservoir,11.49,review,,,Revisar manual,low,,Repti Reservoir,Sin categoría Clover y sin patrón reconocido — revisión manual,Revisión manual
ZCYFWQCBCTQCW,Z171,12.99,review,,,Revisar manual,low,,Z171,Sin categoría Clover y sin patrón reconocido — revisión manual,Revisión manual
QPV8CZEZRGP2C,Z172,36.99,review,,,Revisar manual,low,,Z172,Sin categoría Clover y sin patrón reconocido — revisión manual,Revisión manual
775XC2YXE2BF0,Z173,54.99,review,,,Revisar manual,low,,Z173,Sin categoría Clover y sin patrón reconocido — revisión manual,Revisión manual
6PV0Y8BQ6TT6M,Z174,10.99,review,,,Revisar manual,low,,Z174,Sin categoría Clover y sin patrón reconocido — revisión manual,Revisión manual
BBP61QY8MA4XT,Z174L,31.99,review,,,Revisar manual,low,,Z174L,Sin categoría Clover y sin patrón reconocido — revisión manual,Revisión manual
70CEV2BP5BHNA,Z174M,17.99,review,,,Revisar manual,low,,Z174M,Sin categoría Clover y sin patrón reconocido — revisión manual,Revisión manual
GPXTWBR8JG5XE,Z174X,45.99,review,,,Revisar manual,low,,Z174X,Sin categoría Clover y sin patrón reconocido — revisión manual,Revisión manual
RRMVFPYJC17R2,Z175F ZooMed Repti Rock Food Dish Small,5.99,review,,,Revisar manual,low,Zoo Med,ZooMed Repti Rock Food Dish Small,Sin categoría Clover y sin patrón reconocido — revisión manual,Revisión manual
BZSXN2NQ9AWJE,Z175M Combo Repti Rock Dishes SM,10.99,review,,,Revisar manual,low,,Combo Repti Rock Dishes SM,Sin categoría Clover y sin patrón reconocido — revisión manual,Revisión manual
EDNSHX3NVFQXT,Z176 Zoomed Repti Rock Water Dish small,8.99,review,,,Revisar manual,low,Zoo Med,Zoomed Repti Rock Water Dish small,Sin categoría Clover y sin patrón reconocido — revisión manual,Revisión manual
1Z66082TSHE64,Z177,12.99,review,,,Revisar manual,low,,Z177,Sin categoría Clover y sin patrón reconocido — revisión manual,Revisión manual
JY90DQWWJBJ5W,Z177F,9.99,review,,,Revisar manual,low,,Z177F,Sin categoría Clover y sin patrón reconocido — revisión manual,Revisión manual
5TXGT1BNPKYGP,Z177M Combo Repti Rock Dishes MD,16.99,review,,,Revisar manual,low,,Combo Repti Rock Dishes MD,Sin categoría Clover y sin patrón reconocido — revisión manual,Revisión manual
36JCZ6QQ5AXPA,Z178F,14.00,review,,,Revisar manual,low,,Z178F,Sin categoría Clover y sin patrón reconocido — revisión manual,Revisión manual
XATTBYMEMVR52,Z178M Combo Repti Rock Dishes LG,27.99,review,,,Revisar manual,low,,Combo Repti Rock Dishes LG,Sin categoría Clover y sin patrón reconocido — revisión manual,Revisión manual
JV8Z85MR7YQXM,Z179,28.99,review,,,Revisar manual,low,,Z179,Sin categoría Clover y sin patrón reconocido — revisión manual,Revisión manual
0XNN15TMQWQHR,Z179F,17.99,review,,,Revisar manual,low,,Z179F,Sin categoría Clover y sin patrón reconocido — revisión manual,Revisión manual
6NATHTJHFWBBM,Z179M Combo Repti Rock Dishes XL,34.99,review,,,Revisar manual,low,,Combo Repti Rock Dishes XL,Sin categoría Clover y sin patrón reconocido — revisión manual,Revisión manual
8XX88TT21DSK6,Z180 Zoomed Eco Earth (1 brick),7.99,review,,,Revisar manual,low,Zoo Med,Zoomed Eco Earth (1 brick),Sin categoría Clover y sin patrón reconocido — revisión manual,Revisión manual
QSZJT8N60GX64,Z181,15.49,review,,,Revisar manual,low,,Z181,Sin categoría Clover y sin patrón reconocido — revisión manual,Revisión manual
7VTWGDM8EGRBP,Z1822 Excavator 10lbs,19.99,review,,,Revisar manual,low,,Excavator 10lbs,Sin categoría Clover y sin patrón reconocido — revisión manual,Revisión manual
2WZKH6XDWSYEW,Z1832 Zoomed Coconut Chips (Jumbo Brick 5kg),39.99,review,,,Revisar manual,low,Zoo Med,Zoomed Coconut Chips (Jumbo Brick 5kg),Sin categoría Clover y sin patrón reconocido — revisión manual,Revisión manual
0PR0R6CNJME0E,Z184 Zoomed Reptisand - Desert White 10lbs,17.99,review,,,Revisar manual,low,Zoo Med,Zoomed Reptisand - Desert White 10lbs,Sin categoría Clover y sin patrón reconocido — revisión manual,Revisión manual
7FHZ5W40C5CA4,Z185H Zoomed Eco Carpet (18x36) Breeder 40 Gal Green / Vert,16.99,review,,,Revisar manual,low,Zoo Med,Zoomed Eco Carpet (18x36) Breeder 40 Gal Green / Vert,Sin categoría Clover y sin patrón reconocido — revisión manual,Revisión manual
NYQ34H071SNN8,Z187,16.49,review,,,Revisar manual,low,,Z187,Sin categoría Clover y sin patrón reconocido — revisión manual,Revisión manual
PTW6Y9ANMY448,Z197B Aspen Snake Bedding 8qt,11.99,product,Substrat,substrate,"Asignar ""Substrat"" en Clover",high,,Aspen Snake Bedding 8qt,"Patrón nombre → Clover ""Substrat"" / sitio ""substrate""",Bulk create Product
T2Y9JE15SWJEA,Z197C Zoomed  Aspen Snake Bedding 24QT,29.99,product,Substrat,substrate,"Asignar ""Substrat"" en Clover",high,Zoo Med,Zoomed  Aspen Snake Bedding 24QT,"Patrón nombre → Clover ""Substrat"" / sitio ""substrate""",Bulk create Product
ZXCE5XFG597ZR,Z200A ZooMed Aquarocks Natural Aquatic Substrate 10 lbs,21.99,product,Substrat,substrate,"Asignar ""Substrat"" en Clover",high,Zoo Med,ZooMed Aquarocks Natural Aquatic Substrate 10 lbs,"Patrón nombre → Clover ""Substrat"" / sitio ""substrate""",Bulk create Product
2QT9DF49QEAYM,Z200P Aquatic River Pebbles 10 LB.,18.99,review,,,Revisar manual,low,,Aquatic River Pebbles 10 LB.,Sin categoría Clover y sin patrón reconocido — revisión manual,Revisión manual
99SWS1J4GX342,Z201,10.99,review,,,Revisar manual,low,,Z201,Sin categoría Clover y sin patrón reconocido — revisión manual,Revisión manual
D5887ANP9K0DE,Z202,10.99,review,,,Revisar manual,low,,Z202,Sin categoría Clover y sin patrón reconocido — revisión manual,Revisión manual
ZJKRC6AZC4MDP,Z203,15.99,review,,,Revisar manual,low,,Z203,Sin categoría Clover y sin patrón reconocido — revisión manual,Revisión manual
0GR6DFN9Z0EFE,Z204 Zoomed Terrarium Moss 30-40 Gallons Xlg,18.99,product,Habitat,terrarium,"Asignar ""Habitat"" en Clover",high,Zoo Med,Zoomed Terrarium Moss 30-40 Gallons Xlg,"Patrón nombre → Clover ""Habitat"" / sitio ""terrarium""",Bulk create Product
TZ4VKJEA4NTCT,Z207 ZooMed ReptiBark 4Qt,9.99,review,,,Revisar manual,low,Zoo Med,ZooMed ReptiBark 4Qt,Sin categoría Clover y sin patrón reconocido — revisión manual,Revisión manual
AXF9SRRMAQWS2,Z209A Zoomed Repti Soil 4Qt,7.49,product,Substrat,substrate,"Asignar ""Substrat"" en Clover",high,Zoo Med,Zoomed Repti Soil 4Qt,"Patrón nombre → Clover ""Substrat"" / sitio ""substrate""",Bulk create Product
J8ZSPJHS5146E,Z211 Repti Chips 10qt,14.99,review,,,Revisar manual,low,,Repti Chips 10qt,Sin categoría Clover y sin patrón reconocido — revisión manual,Revisión manual
3EEA7M71MB1VT,Z212 Reptichips 24qt,32.99,review,,,Revisar manual,low,,Reptichips 24qt,Sin categoría Clover y sin patrón reconocido — revisión manual,Revisión manual
QG4X573WXJ36T,Z225,33.99,review,,,Revisar manual,low,,Z225,Sin categoría Clover y sin patrón reconocido — revisión manual,Revisión manual
723RJ20BS5HV8,Z230 Zoomed Powersun UV 160 Watt,151.99,review,,,Revisar manual,low,Zoo Med,Zoomed Powersun UV 160 Watt,Sin categoría Clover y sin patrón reconocido — revisión manual,Revisión manual
4GJT5TNBFK4S4,Z232R Splashproof Halogen 50Watt,19.99,review,,,Revisar manual,low,,Splashproof Halogen 50Watt,Sin categoría Clover y sin patrón reconocido — revisión manual,Revisión manual
GBA5YGS7B8C7R,Z232S Splashproof Halogen 75Watt,18.99,review,,,Revisar manual,low,,Splashproof Halogen 75Watt,Sin categoría Clover y sin patrón reconocido — revisión manual,Revisión manual
Z53XMD12REV76,Z232T Splashproof Halogen 90 Watt,25.99,review,,,Revisar manual,low,,Splashproof Halogen 90 Watt,Sin categoría Clover y sin patrón reconocido — revisión manual,Revisión manual
8S4CR4V0C7ZZG,Z244 Zoomed Infrared Heat Projector 60 Watt,44.99,product,Lumiere,lighting,"Asignar ""Lumiere"" en Clover",high,Zoo Med,Zoomed Infrared Heat Projector 60 Watt,"Patrón nombre → Clover ""Lumiere"" / sitio ""lighting""",Bulk create Product
XJJCAEFD0B41R,Z244A ZooMed Repticare Heat Projector 100W,44.99,product,Lumiere,lighting,"Asignar ""Lumiere"" en Clover",high,Zoo Med,ZooMed Repticare Heat Projector 100W,"Patrón nombre → Clover ""Lumiere"" / sitio ""lighting""",Bulk create Product
RDMJ0078HSRJ2,Z251H Reptisun T8 10.0 18'',60.00,review,,,Revisar manual,low,,Reptisun T8 10.0 18'',Sin categoría Clover y sin patrón reconocido — revisión manual,Revisión manual
YJQ1WKYRVSCAJ,"Z252X Reptisun T5 HO 10.0 UVB 24W / 22"" Lamp",45.99,product,Lumiere,lighting,"Asignar ""Lumiere"" en Clover",high,,"Reptisun T5 HO 10.0 UVB 24W / 22"" Lamp","Patrón nombre → Clover ""Lumiere"" / sitio ""lighting""",Bulk create Product
6F42975YBBBQ4,Z253 T8 36'' Reptisun 5.0 25W,51.99,review,,,Revisar manual,low,,T8 36'' Reptisun 5.0 25W,Sin categoría Clover y sin patrón reconocido — revisión manual,Revisión manual
NJ5QCYMP4DFAC,Z263 Zoomed Repti Basking Spot Lamp 150W,18.99,product,Lumiere,lighting,"Asignar ""Lumiere"" en Clover",high,Zoo Med,Zoomed Repti Basking Spot Lamp 150W,"Patrón nombre → Clover ""Lumiere"" / sitio ""lighting""",Bulk create Product
3HEZW9XQTFC0A,Z275 Nat. Flora Reptivine,13.99,review,,,Revisar manual,low,,Nat. Flora Reptivine,Sin categoría Clover y sin patrón reconocido — revisión manual,Revisión manual
H3NT18A83CRB8,Z278 Silver Mullein,24.99,review,,,Revisar manual,low,,Silver Mullein,Sin categoría Clover y sin patrón reconocido — revisión manual,Revisión manual
BFHV2Z255Y8S6,Z278A Euphorbia,24.99,review,,,Revisar manual,low,,Euphorbia,Sin categoría Clover y sin patrón reconocido — revisión manual,Revisión manual
81YH5CQAQSTPT,Z278B  Green Aloe,11.99,review,,,Revisar manual,low,,Green Aloe,Sin categoría Clover y sin patrón reconocido — revisión manual,Revisión manual
TKRASRVYSJ93A,Z278C Red Leaf Stonecrop,12.99,product,Decoration,decor,"Asignar ""Decoration"" en Clover",medium,,Red Leaf Stonecrop,"Patrón nombre → Clover ""Decoration"" / sitio ""decor""",Bulk create Product
RDRCQ7RTF1G7M,Z278D Burro's Tail,15.99,review,,,Revisar manual,low,,Burro's Tail,Sin categoría Clover y sin patrón reconocido — revisión manual,Revisión manual
ZJ7QGABKXRSNA,Z278E Tree Houseleek,13.99,review,,,Revisar manual,low,,Tree Houseleek,Sin categoría Clover y sin patrón reconocido — revisión manual,Revisión manual
4RWR8QBAW4AR8,Z281 Nano Dome Lamp Fixture,30.99,review,,,Revisar manual,low,,Nano Dome Lamp Fixture,Sin categoría Clover y sin patrón reconocido — revisión manual,Revisión manual
GNVRWZX86EFET,Z282 ZooMed Nano Combo Dome Lamp Fixture,63.99,review,,,Revisar manual,low,Zoo Med,ZooMed Nano Combo Dome Lamp Fixture,Sin categoría Clover y sin patrón reconocido — revisión manual,Revisión manual
4GZ85CET60AAA,Z282A ZooMed Nano Combo Dome Hold Down Kit,8.99,review,,,Revisar manual,low,Zoo Med,ZooMed Nano Combo Dome Hold Down Kit,Sin categoría Clover y sin patrón reconocido — revisión manual,Revisión manual
G0JEDSFG57VFM,Z289 Zoomed Terra Effects Model 2 (nano led w/sound),183.99,review,,,Revisar manual,low,Zoo Med,Zoomed Terra Effects Model 2 (nano led w/sound),Sin categoría Clover y sin patrón reconocido — revisión manual,Revisión manual
EAPVJ84198KR2,Z290L,14.99,review,,,Revisar manual,low,,Z290L,Sin categoría Clover y sin patrón reconocido — revisión manual,Revisión manual
QE0EVP1PEQFEW,Z290S Zoomed Plante De Plastique Mexican Phyllo Small,7.49,review,,,Revisar manual,low,Zoo Med,Zoomed Plante De Plastique Mexican Phyllo Small,Sin categoría Clover y sin patrón reconocido — revisión manual,Revisión manual
6TTHFEZ99XYZP,Z291L,14.99,review,,,Revisar manual,low,,Z291L,Sin categoría Clover y sin patrón reconocido — revisión manual,Revisión manual
FKTJ2PAFQ8W2R,Z291S,6.99,review,,,Revisar manual,low,,Z291S,Sin categoría Clover y sin patrón reconocido — revisión manual,Revisión manual
PMFNVRG49M4WA,Z292L,14.99,review,,,Revisar manual,low,,Z292L,Sin categoría Clover y sin patrón reconocido — revisión manual,Revisión manual
KGQ9G4BYD5MNW,Z292S,6.99,review,,,Revisar manual,low,,Z292S,Sin categoría Clover y sin patrón reconocido — revisión manual,Revisión manual
EVSW30ZT43JK6,Z293M,8.99,review,,,Revisar manual,low,,Z293M,Sin categoría Clover y sin patrón reconocido — revisión manual,Revisión manual
PW4T6AC200P7M,Z293S,6.99,review,,,Revisar manual,low,,Z293S,Sin categoría Clover y sin patrón reconocido — revisión manual,Revisión manual
759YZXERMF6EE,Z294L,13.99,review,,,Revisar manual,low,,Z294L,Sin categoría Clover y sin patrón reconocido — revisión manual,Revisión manual
3KTXJ92TMC90P,Z294S,6.99,review,,,Revisar manual,low,,Z294S,Sin categoría Clover y sin patrón reconocido — revisión manual,Revisión manual
29REE459BNQTE,Z295L Zoomed Plante Plastique Bolivian Croton Lg,14.99,review,,,Revisar manual,low,Zoo Med,Zoomed Plante Plastique Bolivian Croton Lg,Sin categoría Clover y sin patrón reconocido — revisión manual,Revisión manual
3XYEDA1JQ93TP,Z295M,8.99,review,,,Revisar manual,low,,Z295M,Sin categoría Clover y sin patrón reconocido — revisión manual,Revisión manual
VVMH5M1E47YBT,Z295S,6.99,review,,,Revisar manual,low,,Z295S,Sin categoría Clover y sin patrón reconocido — revisión manual,Revisión manual
Y6538A49VDT0A,Z296L,13.99,review,,,Revisar manual,low,,Z296L,Sin categoría Clover y sin patrón reconocido — revisión manual,Revisión manual
RHMTWHKFXD3K4,Z296M,8.99,review,,,Revisar manual,low,,Z296M,Sin categoría Clover y sin patrón reconocido — revisión manual,Revisión manual
SPGV53T6XNFYW,Z296S,6.99,review,,,Revisar manual,low,,Z296S,Sin categoría Clover y sin patrón reconocido — revisión manual,Revisión manual
ZGXSYM1GVS8JT,Z297L Plastic Plant Borneo Star Large,13.99,review,,,Revisar manual,low,,Plastic Plant Borneo Star Large,Sin categoría Clover y sin patrón reconocido — revisión manual,Revisión manual
6ZSW1PYAEY0XW,Z297S,6.99,review,,,Revisar manual,low,,Z297S,Sin categoría Clover y sin patrón reconocido — revisión manual,Revisión manual
V4K22Q6NX6TQ6,Z298L,13.99,review,,,Revisar manual,low,,Z298L,Sin categoría Clover y sin patrón reconocido — revisión manual,Revisión manual
6V3F5JXWXECNW,Z298M,9.99,review,,,Revisar manual,low,,Z298M,Sin categoría Clover y sin patrón reconocido — revisión manual,Revisión manual
SFAQW98BRQNRC,Z298S Plastic Plant Cashuarina Small,6.99,review,,,Revisar manual,low,,Plastic Plant Cashuarina Small,Sin categoría Clover y sin patrón reconocido — revisión manual,Revisión manual
9N0GHCRHAX5N6,Z299S,6.99,review,,,Revisar manual,low,,Z299S,Sin categoría Clover y sin patrón reconocido — revisión manual,Revisión manual
83H66EM732CBC,Z313 Arboreal Feeding Platform,28.99,review,,,Revisar manual,low,,Arboreal Feeding Platform,Sin categoría Clover y sin patrón reconocido — revisión manual,Revisión manual
CPJKT2F7B39DT,Z313A Arboreal Feeding Cup,5.99,review,,,Revisar manual,low,,Arboreal Feeding Cup,Sin categoría Clover y sin patrón reconocido — revisión manual,Revisión manual
MXT7CZP9TW0SA,Z313B Refill Cups for Arboreal Feeding (12),5.99,review,,,Revisar manual,low,,Refill Cups for Arboreal Feeding (12),Sin categoría Clover y sin patrón reconocido — revisión manual,Revisión manual
KFMMDJGP4Q5DY,Z315,7.99,review,,,Revisar manual,low,,Z315,Sin categoría Clover y sin patrón reconocido — revisión manual,Revisión manual
WFR33APH0VKHR,Z316,8.99,review,,,Revisar manual,low,,Z316,Sin categoría Clover y sin patrón reconocido — revisión manual,Revisión manual
K4NFZC5M3JPRR,Z329,39.74,review,,,Revisar manual,low,,Z329,Sin categoría Clover y sin patrón reconocido — revisión manual,Revisión manual
2YNXMK7KW5QY2,Z467 Betta Food 4.5g,3.39,review,,,Revisar manual,low,,Betta Food 4.5g,Sin categoría Clover y sin patrón reconocido — revisión manual,Revisión manual
G741B7AKQTHC2,Z551 ZooMed Reptisafe Water Cond. 4.25oz,7.99,review,,,Revisar manual,low,Zoo Med,ZooMed Reptisafe Water Cond. 4.25oz,Sin categoría Clover y sin patrón reconocido — revisión manual,Revisión manual
6DSCY15QPVMV2,Z552 ZooMed Reptisafe Water Cond. 8.75,11.49,review,,,Revisar manual,low,Zoo Med,ZooMed Reptisafe Water Cond. 8.75,Sin categoría Clover y sin patrón reconocido — revisión manual,Revisión manual
VHFPJ32S699HE,Z558 Reptile Electrolyte Soak 8oz.,11.99,product,Supplement,supplement,"Asignar ""Supplement"" en Clover",medium,,Reptile Electrolyte Soak 8oz.,"Patrón nombre → Clover ""Supplement"" / sitio ""supplement""",Bulk create Product
33SR7EF4427RJ,Z559 Reptile Electrolyte Soak 16oz.,16.99,product,Supplement,supplement,"Asignar ""Supplement"" en Clover",medium,,Reptile Electrolyte Soak 16oz.,"Patrón nombre → Clover ""Supplement"" / sitio ""supplement""",Bulk create Product
4Q830T4SMBPJ8,Z565,2.50,review,,,Revisar manual,low,,Z565,Sin categoría Clover y sin patrón reconocido — revisión manual,Revisión manual
PZN0F2H6WGBJJ,Z566 Repti Turtle Eye Drops,6.99,review,,,Revisar manual,low,,Repti Turtle Eye Drops,Sin categoría Clover y sin patrón reconocido — revisión manual,Revisión manual
5WRMXQ3WEP2RY,Z567 Repti Shedding Aid 2.25oz,9.50,review,,,Revisar manual,low,,Repti Shedding Aid 2.25oz,Sin categoría Clover y sin patrón reconocido — revisión manual,Revisión manual
ZJTMKDYGZGVRG,Z570,4.99,review,,,Revisar manual,low,,Z570,Sin categoría Clover y sin patrón reconocido — revisión manual,Revisión manual
D5T7RKQCXJS50,Z575 Wipe Out Glass Cleaner 16oz,17.99,review,,,Revisar manual,low,,Wipe Out Glass Cleaner 16oz,Sin categoría Clover y sin patrón reconocido — revisión manual,Revisión manual
2RY2SV0CZEEN2,Z576 Wipe Out #1 (4.25 oz),7.99,review,,,Revisar manual,low,,Wipe Out #1 (4.25 oz),Sin categoría Clover y sin patrón reconocido — revisión manual,Revisión manual
G12SS3V512G50,Z577 Wipe Out #1 (8.75 oz),12.99,review,,,Revisar manual,low,,Wipe Out #1 (8.75 oz),Sin categoría Clover y sin patrón reconocido — revisión manual,Revisión manual
FX2ESNV648ZZT,Z578 Zoomed Wipe Out 1  32oz,34.49,review,,,Revisar manual,low,Zoo Med,Zoomed Wipe Out 1  32oz,Sin categoría Clover y sin patrón reconocido — revisión manual,Revisión manual
8QFXYTV9TPP82,"Z600 Reptitherm Habitat Heater 18"" x 18""",109.99,product,Lumiere,lighting,"Asignar ""Lumiere"" en Clover",high,,"Reptitherm Habitat Heater 18"" x 18""","Patrón nombre → Clover ""Lumiere"" / sitio ""lighting""",Bulk create Product
VTP7MJQ79ZB0R,Z602 Zoomed Tortoise House 24 x 36 x 12,232.99,review,,,Revisar manual,low,Zoo Med,Zoomed Tortoise House 24 x 36 x 12,Sin categoría Clover y sin patrón reconocido — revisión manual,Revisión manual
FATC5JD1S4NJW,"Z603 Aquatic Turtle Tub 39"" X 21"" X  16""",266.99,review,,,Revisar manual,low,,"Aquatic Turtle Tub 39"" X 21"" X  16""",Sin categoría Clover y sin patrón reconocido — revisión manual,Revisión manual
PXNAFA43RG7PG,Z604 Aquatic Turtle Habitat Kit,577.99,review,,,Revisar manual,low,,Aquatic Turtle Habitat Kit,Sin categoría Clover y sin patrón reconocido — revisión manual,Revisión manual
0YF3XTPVPNTG6,Z6811 Tortoise Flower Food Topper 1.4 oz,10.99,review,,,Revisar manual,low,,Tortoise Flower Food Topper 1.4 oz,Sin categoría Clover y sin patrón reconocido — revisión manual,Revisión manual
1N01M8CV51RBP,Z6812 Tortoise Flower Food Topper 12 oz.,62.99,review,,,Revisar manual,low,,Tortoise Flower Food Topper 12 oz.,Sin categoría Clover y sin patrón reconocido — revisión manual,Revisión manual
Z6PCV790KG1E8,Z682 Zoomed Lizard Flower Food Topper 0.21oz,3.99,review,,,Revisar manual,low,Zoo Med,Zoomed Lizard Flower Food Topper 0.21oz,Sin categoría Clover y sin patrón reconocido — revisión manual,Revisión manual
9Y8JV8MHZ6HCJ,Z6821 Lizard Flower Food Topper 1.4oz,10.99,review,,,Revisar manual,low,,Lizard Flower Food Topper 1.4oz,Sin categoría Clover y sin patrón reconocido — revisión manual,Revisión manual
23G2KEAKBHSER,Z6822 Lizard Flower Food Topper 8.5oz,62.99,review,,,Revisar manual,low,,Lizard Flower Food Topper 8.5oz,Sin categoría Clover y sin patrón reconocido — revisión manual,Revisión manual
2AYGQ988VXAXY,Z693 Gourmet Bearded Dragon Food 8.25oz,14.99,animal,Lezard,,"Asignar ""Lezard"" en Clover",medium,,Gourmet Bearded Dragon Food 8.25oz,"Nombre sugiere animal vivo → categoría Clover existente ""Lezard""",Créer Animal (no Product)
42S41T38NQH5J,Z703 ZooMed Aqua. Turtle Growth Food 13oz,11.99,review,,,Revisar manual,low,Zoo Med,ZooMed Aqua. Turtle Growth Food 13oz,Sin categoría Clover y sin patrón reconocido — revisión manual,Revisión manual
XRM78YPFQBXAE,Z706 Zoomed Aquatic Turtle Hatchling Food 1.6 oz,4.50,review,,,Revisar manual,low,Zoo Med,Zoomed Aquatic Turtle Hatchling Food 1.6 oz,Sin categoría Clover y sin patrón reconocido — revisión manual,Revisión manual
KCXYJKBT7P776,Z707  Aq. Turtle Hatchling Food 7.5oz,10.99,review,,,Revisar manual,low,,Aq. Turtle Hatchling Food 7.5oz,Sin categoría Clover y sin patrón reconocido — revisión manual,Revisión manual
HDDT1BE6WJKF2,Z7071 Aq. Turtle Hatchling Food 15oz,17.99,review,,,Revisar manual,low,,Aq. Turtle Hatchling Food 15oz,Sin categoría Clover y sin patrón reconocido — revisión manual,Revisión manual
NEST1MBYTTYDP,Z7131 Forest Tortoise Food 15oz,17.99,review,,,Revisar manual,low,,Forest Tortoise Food 15oz,Sin categoría Clover y sin patrón reconocido — revisión manual,Revisión manual
3778N3Y0G2CAM,Z722 ZooMed Can O'Grubs,6.99,review,,,Revisar manual,low,Zoo Med,ZooMed Can O'Grubs,Sin categoría Clover y sin patrón reconocido — revisión manual,Revisión manual
9NWVXK6EV7KK6,Z724,8.49,review,,,Revisar manual,low,,Z724,Sin categoría Clover y sin patrón reconocido — revisión manual,Revisión manual
Q4YHS975EV2HA,Z730B,6.99,review,,,Revisar manual,low,,Z730B,Sin categoría Clover y sin patrón reconocido — revisión manual,Revisión manual
DP993R3TQG8PC,Z731B Zoomed Red Shrimp 10oz,29.99,review,,,Revisar manual,low,Zoo Med,Zoomed Red Shrimp 10oz,Sin categoría Clover y sin patrón reconocido — revisión manual,Revisión manual
QG7346KQNGPBM,Z735 ZooMed Aquatic Newt Food,5.99,review,,,Revisar manual,low,Zoo Med,ZooMed Aquatic Newt Food,Sin categoría Clover y sin patrón reconocido — revisión manual,Revisión manual
Z4PJ25ZVYX67E,Z775 Crested Gecko Food Watermelon 2oz,8.49,animal,Lezard,,"Asignar ""Lezard"" en Clover",medium,,Crested Gecko Food Watermelon 2oz,"Nombre sugiere animal vivo → categoría Clover existente ""Lezard""",Créer Animal (no Product)
WSK6Y6KSKHFXE,Z775A,13.99,review,,,Revisar manual,low,,Z775A,Sin categoría Clover y sin patrón reconocido — revisión manual,Revisión manual
VN5R96EDXAECC,Z775C Crested Gecko Food Watermelon 1 LB. Bag,55.99,animal,Lezard,,"Asignar ""Lezard"" en Clover",medium,,Crested Gecko Food Watermelon 1 LB. Bag,"Nombre sugiere animal vivo → categoría Clover existente ""Lezard""",Créer Animal (no Product)
JXN4QRDR7RK84,Z776 Crested Gecko Food 2oz,8.49,animal,Lezard,,"Asignar ""Lezard"" en Clover",medium,,Crested Gecko Food 2oz,"Nombre sugiere animal vivo → categoría Clover existente ""Lezard""",Créer Animal (no Product)
M44F7FVFXKC32,Z776A,13.99,review,,,Revisar manual,low,,Z776A,Sin categoría Clover y sin patrón reconocido — revisión manual,Revisión manual
NXHKDAYBCZEDT,Z776C Crested Gecko Food Tropical Fruit 1 LB. Bag,55.99,animal,Lezard,,"Asignar ""Lezard"" en Clover",medium,,Crested Gecko Food Tropical Fruit 1 LB. Bag,"Nombre sugiere animal vivo → categoría Clover existente ""Lezard""",Créer Animal (no Product)
EB6MEMEN3PTEP,Z777,8.49,review,,,Revisar manual,low,,Z777,Sin categoría Clover y sin patrón reconocido — revisión manual,Revisión manual
Y92HSRKWQ5MFY,Z777C Crested Gecko Food Plum,53.99,animal,Lezard,,"Asignar ""Lezard"" en Clover",medium,,Crested Gecko Food Plum,"Nombre sugiere animal vivo → categoría Clover existente ""Lezard""",Créer Animal (no Product)
4185F4QVCAPYM,Z778 Crested Gecko food BB 2oz,8.49,animal,Lezard,,"Asignar ""Lezard"" en Clover",medium,,Crested Gecko food BB 2oz,"Nombre sugiere animal vivo → categoría Clover existente ""Lezard""",Créer Animal (no Product)
MFB1NPD0Y7R1Y,Z781,9.99,review,,,Revisar manual,low,,Z781,Sin categoría Clover y sin patrón reconocido — revisión manual,Revisión manual
DKHG65983NY16,Z846 Aquarium sans monture Purevue 5.5g avec lumière,349.99,review,,,Revisar manual,low,,Aquarium sans monture Purevue 5.5g avec lumière,Sin categoría Clover y sin patrón reconocido — revisión manual,Revisión manual
9A3ERQ2ZCBM1M,Z850 Zoomed Steampunk Copper Bear Skull,18.99,review,,,Revisar manual,low,Zoo Med,Zoomed Steampunk Copper Bear Skull,Sin categoría Clover y sin patrón reconocido — revisión manual,Revisión manual
7FY1GDP8Q2TQ2,Z941 Creature Dome Lamp Fixture,30.99,review,,,Revisar manual,low,,Creature Dome Lamp Fixture,Sin categoría Clover y sin patrón reconocido — revisión manual,Revisión manual
FATJPCGWEFHDP,Z942 Zoomed Creatures Led Black Light 5W,25.50,review,,,Revisar manual,low,Zoo Med,Zoomed Creatures Led Black Light 5W,Sin categoría Clover y sin patrón reconocido — revisión manual,Revisión manual
81YX2T7TW2HWR,Z943 Zoomed Creatures Led Lamp 5W,17.99,review,,,Revisar manual,low,Zoo Med,Zoomed Creatures Led Lamp 5W,Sin categoría Clover y sin patrón reconocido — revisión manual,Revisión manual
W2EN2QCK75BJ6,Z949 Creatures Floor 1Qt,3.00,review,,,Revisar manual,low,,Creatures Floor 1Qt,Sin categoría Clover y sin patrón reconocido — revisión manual,Revisión manual
FHD3XDF5V2EWG,Z952 Zoomed Creatures White Sand 2lb,6.49,review,,,Revisar manual,low,Zoo Med,Zoomed Creatures White Sand 2lb,Sin categoría Clover y sin patrón reconocido — revisión manual,Revisión manual
1CJQSV9KC42E2,Z953 Zoomed Creatures Climbing Branch,12.99,product,Decoration,decor,"Asignar ""Decoration"" en Clover",medium,Zoo Med,Zoomed Creatures Climbing Branch,"Patrón nombre → Clover ""Decoration"" / sitio ""decor""",Bulk create Product
F5JSYRJGRK9X2,Z954 Zoomed Creature View Magnifier,11.99,review,,,Revisar manual,low,Zoo Med,Zoomed Creature View Magnifier,Sin categoría Clover y sin patrón reconocido — revisión manual,Revisión manual
53DJEHB358CFJ,Z958 Zoomed Creatures Rock Bowl,3.99,review,,,Revisar manual,low,Zoo Med,Zoomed Creatures Rock Bowl,Sin categoría Clover y sin patrón reconocido — revisión manual,Revisión manual
B13BRABY170GG,Z959 Zoomed Creatures Feeding Tongs,4.99,review,,,Revisar manual,low,Zoo Med,Zoomed Creatures Feeding Tongs,Sin categoría Clover y sin patrón reconocido — revisión manual,Revisión manual
VRSGGY80KN914,Z963A ReptiHabitat 40G. Aquatic Turtle Kit,535.99,review,,,Revisar manual,low,,ReptiHabitat 40G. Aquatic Turtle Kit,Sin categoría Clover y sin patrón reconocido — revisión manual,Revisión manual
5HPKWZC9R9QF0,Z964B Zoomed Reptihabitat 20 Gal. Juv. Aquatic Turtle Kit,382.99,review,,,Revisar manual,low,Zoo Med,Zoomed Reptihabitat 20 Gal. Juv. Aquatic Turtle Kit,Sin categoría Clover y sin patrón reconocido — revisión manual,Revisión manual
REXW4W3CVSN9M,Z966A Zoomed Creatures Habitat Kit 3 Gal.,57.99,review,,,Revisar manual,low,Zoo Med,Zoomed Creatures Habitat Kit 3 Gal.,Sin categoría Clover y sin patrón reconocido — revisión manual,Revisión manual
82BM46GPX6J8R,Z966B Zoomed Creatures Den Low Profile 6 gal,92.99,review,,,Revisar manual,low,Zoo Med,Zoomed Creatures Den Low Profile 6 gal,Sin categoría Clover y sin patrón reconocido — revisión manual,Revisión manual
4ASGYYDX9EESA,Z967 Zoomed Frog Terrarium Kit 12x12x18,157.99,animal,Amphibien,,"Asignar ""Amphibien"" en Clover",medium,Zoo Med,Zoomed Frog Terrarium Kit 12x12x18,"Nombre sugiere animal vivo → categoría Clover existente ""Amphibien""",Créer Animal (no Product)
4DPQE9TMKHS7W,Z976 Paludarium UVB & Plante Growth Lighting Kit,79.99,product,Habitat,terrarium,"Asignar ""Habitat"" en Clover",high,Zoo Med,Paludarium UVB & Plante Growth Lighting Kit,"Patrón nombre → Clover ""Habitat"" / sitio ""terrarium""",Bulk create Product
RYBDXAAY6R4N0,Z977 Paludarium Filter 10GAL,28.99,product,Habitat,terrarium,"Asignar ""Habitat"" en Clover",high,Zoo Med,Paludarium Filter 10GAL,"Patrón nombre → Clover ""Habitat"" / sitio ""terrarium""",Bulk create Product
WDE3GBVVHNTXT,Z977RC Paludarium Filter 10 Repl. Cartridge,5.99,product,Habitat,terrarium,"Asignar ""Habitat"" en Clover",high,Zoo Med,Paludarium Filter 10 Repl. Cartridge,"Patrón nombre → Clover ""Habitat"" / sitio ""terrarium""",Bulk create Product
HNQ22T5DZ1HNT,Z978 Paludarium Filter 20GAL,36.99,product,Habitat,terrarium,"Asignar ""Habitat"" en Clover",high,Zoo Med,Paludarium Filter 20GAL,"Patrón nombre → Clover ""Habitat"" / sitio ""terrarium""",Bulk create Product
GD15294JZ7FGR,Z978RC Paludarium Filter 20 Repl. Cartridge,8.99,product,Habitat,terrarium,"Asignar ""Habitat"" en Clover",high,Zoo Med,Paludarium Filter 20 Repl. Cartridge,"Patrón nombre → Clover ""Habitat"" / sitio ""terrarium""",Bulk create Product
H3N52Q1KFHJ08,Z979 Paludarium Heater 25W,36.99,product,Habitat,terrarium,"Asignar ""Habitat"" en Clover",high,Zoo Med,Paludarium Heater 25W,"Patrón nombre → Clover ""Habitat"" / sitio ""terrarium""",Bulk create Product
454YP65BSG5MJ,Z979A Paludarium Heater 50W,36.99,product,Habitat,terrarium,"Asignar ""Habitat"" en Clover",high,Zoo Med,Paludarium Heater 50W,"Patrón nombre → Clover ""Habitat"" / sitio ""terrarium""",Bulk create Product
H9BJ5N3Y2FEH0,Z979B Paludarium Heater 100W,43.99,product,Habitat,terrarium,"Asignar ""Habitat"" en Clover",high,Zoo Med,Paludarium Heater 100W,"Patrón nombre → Clover ""Habitat"" / sitio ""terrarium""",Bulk create Product
K7DXC8XQQ8ZHT,Z990 ZooMed Naturalistic Terrarium Repti Lock,9.99,product,Habitat,terrarium,"Asignar ""Habitat"" en Clover",high,Zoo Med,ZooMed Naturalistic Terrarium Repti Lock,"Patrón nombre → Clover ""Habitat"" / sitio ""terrarium""",Bulk create Product
JDSH884ADA5AJ,"Z994 PVC Terrarium 24x24x48"" (120gallon) With Glass Door",720.00,product,Habitat,terrarium,"Asignar ""Habitat"" en Clover",high,Zoo Med,"PVC Terrarium 24x24x48"" (120gallon) With Glass Door","Patrón nombre → Clover ""Habitat"" / sitio ""terrarium""",Bulk create Product
66RTJ80YVQKVY,Z995 (NT-1),147.99,product,Habitat,terrarium,"Asignar ""Habitat"" en Clover",high,Zoo Med,Z995 (NT-1),"Patrón nombre → Clover ""Habitat"" / sitio ""terrarium""",Bulk create Product
5C52K8NVSYBWP,Zoomed Eco Earth Coconut Chips 1lb,5.99,review,,,Revisar manual,low,Zoo Med,Zoomed Eco Earth Coconut Chips 1lb,Sin categoría Clover y sin patrón reconocido — revisión manual,Revisión manual
2D07Y2XA142D0,Zoomed Madagascar Bamboo Large,14.99,review,,,Revisar manual,low,Zoo Med,Zoomed Madagascar Bamboo Large,Sin categoría Clover y sin patrón reconocido — revisión manual,Revisión manual
R56JNPC15NMT2,Zoomed Malaysian Fern Large,14.99,review,,,Revisar manual,low,Zoo Med,Zoomed Malaysian Fern Large,Sin categoría Clover y sin patrón reconocido — revisión manual,Revisión manual
F269GY35ZS6R0,Zoomed Multiport Fogger Attachment,18.99,review,,,Revisar manual,low,Zoo Med,Zoomed Multiport Fogger Attachment,Sin categoría Clover y sin patrón reconocido — revisión manual,Revisión manual
XXJY3ZSEEX4J6,Zoomed Repti Fogger,130.99,review,,,Revisar manual,low,Zoo Med,Zoomed Repti Fogger,Sin categoría Clover y sin patrón reconocido — revisión manual,Revisión manual
76NSWYAGN5GFP,Zoomed Repti Rock Water Dish L,25.99,review,,,Revisar manual,low,Zoo Med,Zoomed Repti Rock Water Dish L,Sin categoría Clover y sin patrón reconocido — revisión manual,Revisión manual
QA9XJ2TFJ8VTM,boa régulier femelle,150.00,animal,Serpent,,"Asignar ""Serpent"" en Clover",medium,,boa régulier femelle,"Nombre sugiere animal vivo → categoría Clover existente ""Serpent""",Créer Animal (no Product)
MTW3T7Z9G6V4T,hamster,4.00,animal,Rongeur,,"Asignar ""Rongeur"" en Clover",medium,,hamster,"Nombre sugiere animal vivo → categoría Clover existente ""Rongeur""",Créer Animal (no Product)
SXC3A8KBQ9VF6,poisson congelé 116g et +,5.00,product,Nourriture,food_frozen,"Asignar ""Nourriture"" en Clover",medium,,poisson congelé 116g et +,"Patrón nombre → Clover ""Nourriture"" / sitio ""food_frozen""",Bulk create Product
MDN1RR6RJG8WJ,z244B ZooMed Repticare Heat Projector 150W,51.99,product,Lumiere,lighting,"Asignar ""Lumiere"" en Clover",high,Zoo Med,z244B ZooMed Repticare Heat Projector 150W,"Patrón nombre → Clover ""Lumiere"" / sitio ""lighting""",Bulk create Product
4PE9SDE0K9FR0,z244C ZooMed Infrared Heat Projector 35w,44.99,product,Lumiere,lighting,"Asignar ""Lumiere"" en Clover",high,Zoo Med,z244C ZooMed Infrared Heat Projector 35w,"Patrón nombre → Clover ""Lumiere"" / sitio ""lighting""",Bulk create Product
3AJ87SACG2GYP,z253H T8 36'' 10.0 25w,64.99,review,,,Revisar manual,low,,z253H T8 36'' 10.0 25w,Sin categoría Clover y sin patrón reconocido — revisión manual,Revisión manual
QPW12QWHPT6DA,z681 Tortoise Flower Topper 0.21,3.75,review,,,Revisar manual,low,,z681 Tortoise Flower Topper 0.21,Sin categoría Clover y sin patrón reconocido — revisión manual,Revisión manual