row_id,source,cloverItemId,siteId,name,cloverCategory,siteCategory,queueStatus,recordType,confidence,suggestedCloverCategory,suggestedSiteCategory,priceCAD,stockQty,published,hasImage,hasDescription,brand,cleanNameFr,recommendedAction,reason,notes
1,site_product_clover,XMSMJ1MFY1YMW,500c2d36-41aa-4267-8d86-edf0731fa845,12640 Atasuki 12x12x18,,terrarium,created,product,high,Habitat,terrarium,105.00,0,no,no,no,La Swamp / misc SKU,Atasuki 12x12x18,enrichir luego publicar,"Patrón nombre → Clover ""Habitat"" / sitio ""terrarium""",
2,site_product_clover,GRETBAYZCV108,a87ff126-b1d8-4c33-aa2a-94aed6720f3c,48401 Fond d'aquarium (prix au pied),,terrarium,created,product,high,Habitat,terrarium,3.50,0,no,no,no,La Swamp / misc SKU,Fond d'aquarium (prix au pied),enrichir luego publicar,"Patrón nombre → Clover ""Habitat"" / sitio ""terrarium""",
3,site_product_clover,QV7XGQ1R471CR,c2ece3ab-7857-445d-a3f3-708273e5b817,78383 Zoomed Roly-Poly Kit,Habitat,terrarium,created,product,high,Habitat,terrarium,35.99,0,no,no,no,La Swamp / misc SKU,Zoomed Roly-Poly Kit,enrichir luego publicar,Mapeo directo Clover → sitio (sin cambiar Clover),
4,site_product_clover,AW0953G2MYFBY,924d60b7-f03f-47c0-98a2-0ec1677010cb,AF Creation Habitat Imprimé,Habitat,terrarium,created,product,high,Habitat,terrarium,70.00,0,no,no,no,,Creation Habitat Imprimé,enrichir luego publicar,Mapeo directo Clover → sitio (sin cambiar Clover),
5,site_product_clover,C2M7X5TWD4VNC,8a77d868-7a48-4fb0-8db6-953b5f72b78a,Cage Atasuki Used,Habitat,terrarium,created,product,high,Habitat,terrarium,275.00,0,no,no,no,Atasuki,Cage Atasuki Used,enrichir luego publicar,Mapeo directo Clover → sitio (sin cambiar Clover),
6,site_product_clover,MKGDET86FK3WP,c8594393-78f9-4616-b926-61b544fe34e5,Cage Used,Habitat,terrarium,created,product,high,Habitat,terrarium,90.00,0,no,no,no,,Cage Used,enrichir luego publicar,Mapeo directo Clover → sitio (sin cambiar Clover),
7,site_product_clover,976K3HZ5BHBGW,e29595a2-39ec-4df2-b2fa-b7f990516b0d,PT1973 Exo Terra Supplément Liquide de Calcium 4oz / 120 ml,,terrarium,created,product,high,Habitat,terrarium,8.50,0,no,no,no,Exo Terra,Exo Terra Supplément Liquide de Calcium 4oz / 120 ml,enrichir luego publicar,"Patrón nombre → Clover ""Habitat"" / sitio ""terrarium""",
8,site_product_clover,1KJCW5CMQJ3PC,99777a1e-7f07-40ad-8521-bfb8fd83705f,PT1979 Traitement de l'eau Aquatize 120ml,,terrarium,created,product,high,Habitat,terrarium,10.49,0,no,no,no,Exo Terra,Traitement de l'eau Aquatize 120ml,enrichir luego publicar,"Patrón nombre → Clover ""Habitat"" / sitio ""terrarium""",
9,site_product_clover,3Z4AJXVBVNPK2,92be8542-cb06-4976-af88-f692b2bb8e74,PT1993 Exo Terra Supplément Liquide d'Électrolytes 4oz / 120 ml,,terrarium,created,product,high,Habitat,terrarium,8.50,0,no,no,no,Exo Terra,Exo Terra Supplément Liquide d'Électrolytes 4oz / 120 ml,enrichir luego publicar,"Patrón nombre → Clover ""Habitat"" / sitio ""terrarium""",
10,site_product_clover,3A5SMY36J4DR8,90874270-991a-4657-9804-258d185d3a8a,PT2062 Lampe a pince en Porcelaine,,terrarium,created,product,high,Habitat,terrarium,64.99,0,no,no,no,Exo Terra,Lampe a pince en Porcelaine,enrichir luego publicar,"Patrón nombre → Clover ""Habitat"" / sitio ""terrarium""",
11,site_product_clover,153DAQAWMH88W,f1d8ee8d-0fa2-4783-8123-87ebada30938,PT2076,,terrarium,created,product,high,Habitat,terrarium,7.49,0,no,no,no,Exo Terra,PT2076,enrichir luego publicar,"Patrón nombre → Clover ""Habitat"" / sitio ""terrarium""",
12,site_product_clover,PEAYHGNR6PHH2,6f7ec3b0-8fe3-43c7-9fa1-f096de90c099,PT2081  ExoTerra Générateur de Brouillard Ultrasonique,,terrarium,created,product,high,Habitat,terrarium,119.99,0,no,no,no,Exo Terra,ExoTerra Générateur de Brouillard Ultrasonique,enrichir luego publicar,"Patrón nombre → Clover ""Habitat"" / sitio ""terrarium""",
13,site_product_clover,SV6AYTPT02DQE,c379afd8-b3ad-4641-9604-c112a09bf4cc,PT2192 Ampoule Solar Glo ET 125w,,terrarium,created,product,high,Habitat,terrarium,75.99,0,no,no,no,Exo Terra,Ampoule Solar Glo ET 125w,enrichir luego publicar,"Patrón nombre → Clover ""Habitat"" / sitio ""terrarium""",
14,site_product_clover,PCBPB6JG1G8ZG,61e44711-ff01-4e17-a4d2-df1ef9750bb4,PT2193 Ampoule Solar Glo ET 160w,,terrarium,created,product,high,Habitat,terrarium,79.99,0,no,no,no,Exo Terra,Ampoule Solar Glo ET 160w,enrichir luego publicar,"Patrón nombre → Clover ""Habitat"" / sitio ""terrarium""",
15,site_product_clover,6ZKNSTM6VJBG8,321a2bb5-7f58-47a7-a9b2-c032d71231a7,PT2223 ExoTerra Support pour dôme d'éclairage,,terrarium,created,product,high,Habitat,terrarium,25.00,0,no,no,no,Exo Terra,ExoTerra Support pour dôme d'éclairage,enrichir luego publicar,"Patrón nombre → Clover ""Habitat"" / sitio ""terrarium""",
16,site_product_clover,ZFHXFXGNFW224,42a4f839-08b7-4635-99f1-55a63347ad7a,PT2255 Faunarium ExoTerra  (petit),Habitat,terrarium,created,product,high,Habitat,terrarium,9.99,0,no,no,no,Exo Terra,Faunarium ExoTerra  (petit),enrichir luego publicar,Mapeo directo Clover → sitio (sin cambiar Clover),
17,site_product_clover,GM2PARY3M7AYR,c1bdc004-531d-45ff-ad77-e7efef8cd4f0,PT2260 Faunarium Exo Terra (moyen),Habitat,terrarium,created,product,high,Habitat,terrarium,19.99,0,no,no,no,Exo Terra,Faunarium Exo Terra (moyen),enrichir luego publicar,Mapeo directo Clover → sitio (sin cambiar Clover),
18,site_product_clover,T8EJ90FN4J90P,b0ef0e07-f636-457d-a783-6f74af550ebc,PT2265 Faunarium Exo Terra (grand),Habitat,terrarium,created,product,high,Habitat,terrarium,25.99,0,no,no,no,Exo Terra,Faunarium Exo Terra (grand),enrichir luego publicar,Mapeo directo Clover → sitio (sin cambiar Clover),
19,site_product_clover,Q9DRMZJW7611Y,0040b23c-c616-4782-92f0-5222eb1aa575,PT2280 Exo Terra Boite de Reproduction Grand,,terrarium,created,product,high,Habitat,terrarium,34.99,0,no,no,no,Exo Terra,Exo Terra Boite de Reproduction Grand,enrichir luego publicar,"Patrón nombre → Clover ""Habitat"" / sitio ""terrarium""",
20,site_product_clover,EN6F0QHZTEJ9C,218f84db-1989-4917-8fd0-bc3e1fc1418a,PT2285 Habitat pour Grillon (petit),,terrarium,created,product,high,Habitat,terrarium,18.99,0,no,no,no,Exo Terra,Habitat pour Grillon (petit),enrichir luego publicar,"Patrón nombre → Clover ""Habitat"" / sitio ""terrarium""",
21,site_product_clover,3TGTGR06FRQ2Y,698359bb-35c1-49fb-8f23-ebf6a46069a3,PT2287 Habitat pour Grillons (grand),Habitat,terrarium,created,product,high,Habitat,terrarium,33.99,0,no,no,no,Exo Terra,Habitat pour Grillons (grand),enrichir luego publicar,Mapeo directo Clover → sitio (sin cambiar Clover),
22,site_product_clover,8956XQPP1Y1H6,d9303283-e8ac-4826-aa76-bff2d3bfcfc0,PT2300 Faunarium Plat  avec Séparateur (moyen),Habitat,terrarium,created,product,high,Habitat,terrarium,21.49,0,no,no,no,Exo Terra,Faunarium Plat  avec Séparateur (moyen),enrichir luego publicar,Mapeo directo Clover → sitio (sin cambiar Clover),
23,site_product_clover,FVBTV5MT0F7QR,e8b39b80-70a9-4d34-ac0a-747e45298005,PT2301,,terrarium,created,product,high,Habitat,terrarium,29.70,0,no,no,no,Exo Terra,PT2301,enrichir luego publicar,"Patrón nombre → Clover ""Habitat"" / sitio ""terrarium""",
24,site_product_clover,FHFXEDKGEDV1W,866e5781-218d-437c-9034-352e62858c2a,PT2310 Exo Terra Faunarium Flat Home (Large),Habitat,terrarium,created,product,high,Habitat,terrarium,35.99,0,no,no,no,Exo Terra,Exo Terra Faunarium Flat Home (Large),enrichir luego publicar,Mapeo directo Clover → sitio (sin cambiar Clover),
25,site_product_clover,BVJ8Z8938RQK2,3d67f282-30cd-4440-8319-1899ea6644ec,PT2334 ExoTerra Solar Glo 80W,,terrarium,created,product,high,Habitat,terrarium,72.00,0,no,no,no,Exo Terra,ExoTerra Solar Glo 80W,enrichir luego publicar,"Patrón nombre → Clover ""Habitat"" / sitio ""terrarium""",
26,site_product_clover,ZD65986PXPWJG,3bbdfba7-b6ac-43e6-9918-c616c31cd919,"PT2365 Apareil d'éclairage, scorpions 15 DEL",,terrarium,created,product,high,Habitat,terrarium,30.49,0,no,no,no,Exo Terra,"Apareil d'éclairage, scorpions 15 DEL",enrichir luego publicar,"Patrón nombre → Clover ""Habitat"" / sitio ""terrarium""",
27,site_product_clover,PW0H92VPS9J18,338f6364-f2c2-4888-97db-8cf323bba931,PT2414 Terrasky Exoterra Led & control,,terrarium,created,product,high,Habitat,terrarium,239.99,0,no,no,no,Exo Terra,Terrasky Exoterra Led & control,enrichir luego publicar,"Patrón nombre → Clover ""Habitat"" / sitio ""terrarium""",
28,site_product_clover,0M32GZK3ZH3YT,fe158f67-fde9-471e-8bcb-cf2ea8724954,PT2443 Exo Terra Incubation Box,,terrarium,created,product,high,Habitat,terrarium,14.99,0,no,no,no,Exo Terra,Exo Terra Incubation Box,enrichir luego publicar,"Patrón nombre → Clover ""Habitat"" / sitio ""terrarium""",
29,site_product_clover,CWWKQATY01MST,34a11cfb-c665-40fc-be53-b18afe3dd400,PT2444 Exo Terra Tabletop Incubator,,terrarium,created,product,high,Habitat,terrarium,359.99,0,no,no,no,Exo Terra,Exo Terra Tabletop Incubator,enrichir luego publicar,"Patrón nombre → Clover ""Habitat"" / sitio ""terrarium""",
30,site_product_clover,DY77NH4KYF1XJ,98c6d43d-6438-4a9b-8535-f2431c0320ec,PT2464  Ther. et 600w hygro.100w et minut,,terrarium,created,product,high,Habitat,terrarium,234.99,0,no,no,no,Exo Terra,Ther. et 600w hygro.100w et minut,enrichir luego publicar,"Patrón nombre → Clover ""Habitat"" / sitio ""terrarium""",
31,site_product_clover,J0VJZQ4GTT08M,f8c0c369-1d95-47c7-9f98-e62912c73384,PT2468 Exo Terra Ramasse-Selles en acier,,terrarium,created,product,high,Habitat,terrarium,16.99,0,no,no,no,Exo Terra,Exo Terra Ramasse-Selles en acier,enrichir luego publicar,"Patrón nombre → Clover ""Habitat"" / sitio ""terrarium""",
32,site_product_clover,SV4V4W7K1VR04,a954e0f1-5bed-4aaf-9492-40e9d22edcd6,PT2478 ExoTerra Boule de Mousse,,terrarium,created,product,high,Habitat,terrarium,12.49,0,no,no,no,Exo Terra,ExoTerra Boule de Mousse,enrichir luego publicar,"Patrón nombre → Clover ""Habitat"" / sitio ""terrarium""",
33,site_product_clover,T0Y561J3VTTW6,b20f6c6f-05e1-44f4-bfa9-251bd2280c9e,PT2482 Tapis  de Mousse Exo Terra 45x45 cm,,terrarium,created,product,high,Habitat,terrarium,17.99,0,no,no,no,Exo Terra,Tapis  de Mousse Exo Terra 45x45 cm,enrichir luego publicar,"Patrón nombre → Clover ""Habitat"" / sitio ""terrarium""",
34,site_product_clover,DGQ2M3ZHJMN4A,4058df19-dad7-415e-899f-18cbcc1aa1ec,PT2490 ExoTerra Plante à ruissellement Petit,,terrarium,created,product,high,Habitat,terrarium,54.99,0,no,no,no,Exo Terra,ExoTerra Plante à ruissellement Petit,enrichir luego publicar,"Patrón nombre → Clover ""Habitat"" / sitio ""terrarium""",
35,site_product_clover,TRW60RMNWADQW,b3b0a3b5-265f-4224-9b68-52801293e8d5,PT2561 Tapis de Sable Exo Terra (mini),,terrarium,created,product,high,Habitat,terrarium,13.99,0,no,no,no,Exo Terra,Tapis de Sable Exo Terra (mini),enrichir luego publicar,"Patrón nombre → Clover ""Habitat"" / sitio ""terrarium""",
36,site_product_clover,ERDQF3ZDAKH9W,b4647e09-819b-4522-b912-c5cea4cf8c1e,PT2562 Tapis de Sable (petit),,terrarium,created,product,high,Habitat,terrarium,20.99,0,no,no,no,Exo Terra,Tapis de Sable (petit),enrichir luego publicar,"Patrón nombre → Clover ""Habitat"" / sitio ""terrarium""",
37,site_product_clover,TKGBHTTVB809P,3178a728-37fe-4bb1-8c9e-05560c506352,PT2563 Tapis de Sable Exo Terra (moyen),,terrarium,created,product,high,Habitat,terrarium,23.99,0,no,no,no,Exo Terra,Tapis de Sable Exo Terra (moyen),enrichir luego publicar,"Patrón nombre → Clover ""Habitat"" / sitio ""terrarium""",
38,site_product_clover,49AH9VGKX0JM8,41d53803-cb15-4b4c-8a8c-d5be60016870,PT2589 ExoTerra Vista 120 48x24x24,,terrarium,created,product,high,Habitat,terrarium,650.00,0,no,no,no,Exo Terra,ExoTerra Vista 120 48x24x24,enrichir luego publicar,"Patrón nombre → Clover ""Habitat"" / sitio ""terrarium""",
39,site_product_clover,PC5V6T70YFGGG,978474a1-ce52-4e52-add4-010f1a701dcb,"PT2595 Paludarium Naturel et mini , très haut",,terrarium,created,product,high,Habitat,terrarium,191.99,0,no,no,no,Exo Terra,"Paludarium Naturel et mini , très haut",enrichir luego publicar,"Patrón nombre → Clover ""Habitat"" / sitio ""terrarium""",
40,site_product_clover,CM153SVXXEAJ4,f2cc6aa5-5c31-46ac-98b1-57b918aa6eaf,PT2600 Terrarium 30*30*30,,terrarium,created,product,high,Habitat,terrarium,119.99,0,no,no,no,Exo Terra,Terrarium 30*30*30,enrichir luego publicar,"Patrón nombre → Clover ""Habitat"" / sitio ""terrarium""",
41,site_product_clover,55ATW5P3G04PJ,4492310b-52cf-4147-aadd-83c833d6952a,PT2601 Terrarium nano 20*20*30,,terrarium,created,product,high,Habitat,terrarium,95.99,0,no,no,no,Exo Terra,Terrarium nano 20*20*30,enrichir luego publicar,"Patrón nombre → Clover ""Habitat"" / sitio ""terrarium""",
42,site_product_clover,NDM3CFYZSCYBE,72f33576-1f62-4516-8aa3-019fefdf36c7,PT2607 ExoTerra Terrarium 18 x 18 x 24,,terrarium,created,product,high,Habitat,terrarium,259.99,0,no,no,no,Exo Terra,ExoTerra Terrarium 18 x 18 x 24,enrichir luego publicar,"Patrón nombre → Clover ""Habitat"" / sitio ""terrarium""",
43,site_product_clover,7J56HCCC2XX7Y,c91b49c1-078a-45e1-a894-f8c9186d448c,PT2614 ExoTerra Terrarium en verre (90*45*60cm),,terrarium,created,product,high,Habitat,terrarium,500.00,0,no,no,no,Exo Terra,ExoTerra Terrarium en verre (90*45*60cm),enrichir luego publicar,"Patrón nombre → Clover ""Habitat"" / sitio ""terrarium""",
44,site_product_clover,0HFMDE2X5CP0Y,efc3a3e3-a39a-4182-9564-b6c94e9173ec,PT2668 Nettoyant Vitre 250mL,,terrarium,created,product,high,Habitat,terrarium,9.99,0,no,no,no,Exo Terra,Nettoyant Vitre 250mL,enrichir luego publicar,"Patrón nombre → Clover ""Habitat"" / sitio ""terrarium""",
45,site_product_clover,74EHS92GPG06W,17e736a5-2055-4937-9b5e-f752cf7b993d,PT2754 ExoTerra Ecorce/Reptiles 27.26L,,terrarium,created,product,high,Habitat,terrarium,59.99,0,no,no,no,Exo Terra,ExoTerra Ecorce/Reptiles 27.26L,enrichir luego publicar,"Patrón nombre → Clover ""Habitat"" / sitio ""terrarium""",
46,site_product_clover,950C55JAK2G64,fb5c2d4f-8210-42aa-a28b-ded6ec0ea1e1,PT2770,,terrarium,created,product,high,Habitat,terrarium,6.99,0,no,no,no,Exo Terra,PT2770,enrichir luego publicar,"Patrón nombre → Clover ""Habitat"" / sitio ""terrarium""",
47,site_product_clover,1SS0XDAT1G4ZC,b33dcfe9-f389-46af-a5bd-f6c23d9ee726,PT2771,,terrarium,created,product,high,Habitat,terrarium,15.49,0,no,no,no,Exo Terra,PT2771,enrichir luego publicar,"Patrón nombre → Clover ""Habitat"" / sitio ""terrarium""",
48,site_product_clover,HESPKE2DS3PZP,e961adc5-e96d-47c4-9816-1f46c66849e8,PT2776 Substrat Tropical Coco Husk 3 x 8.8L,,terrarium,created,product,high,Habitat,terrarium,15.99,0,no,no,no,Exo Terra,Substrat Tropical Coco Husk 3 x 8.8L,enrichir luego publicar,"Patrón nombre → Clover ""Habitat"" / sitio ""terrarium""",
49,site_product_clover,Y0M573EAB016G,13a66139-98c9-41d1-b789-227bf3d6fbb0,PT2787 ExoTerra Substrat Coque de Noix de Coco 26.4L,,terrarium,created,product,high,Habitat,terrarium,37.99,0,no,no,no,Exo Terra,ExoTerra Substrat Coque de Noix de Coco 26.4L,enrichir luego publicar,"Patrón nombre → Clover ""Habitat"" / sitio ""terrarium""",
50,site_product_clover,GDV72WND3DQ58,440f16e3-7c9c-4b98-9dc6-3872c3f19c91,PT2801 Bol Eau Exo Terra Petit,,terrarium,created,product,high,Habitat,terrarium,12.99,0,no,no,no,Exo Terra,Bol Eau Exo Terra Petit,enrichir luego publicar,"Patrón nombre → Clover ""Habitat"" / sitio ""terrarium""",
51,site_product_clover,4SD6JC22VZRKC,8737b31a-fb5b-4e1d-8f22-93d01dd3b5f7,PT2802 Bol Eau Exo Terra Moyen,,terrarium,created,product,high,Habitat,terrarium,13.99,0,no,no,no,Exo Terra,Bol Eau Exo Terra Moyen,enrichir luego publicar,"Patrón nombre → Clover ""Habitat"" / sitio ""terrarium""",
52,site_product_clover,4JPHDCNBH89T4,c8aff253-3024-4b04-aed3-7c3c2253e109,PT2803 Bol Eau Exo Terra Grand,,terrarium,created,product,high,Habitat,terrarium,19.99,0,no,no,no,Exo Terra,Bol Eau Exo Terra Grand,enrichir luego publicar,"Patrón nombre → Clover ""Habitat"" / sitio ""terrarium""",
53,site_product_clover,AKZRX19ETTQYY,442ba4e7-6871-4fca-9d3e-515ba1475eee,PT2804 Bol Eau Exo Terra Grand,,terrarium,created,product,high,Habitat,terrarium,26.99,0,no,no,no,Exo Terra,Bol Eau Exo Terra Grand,enrichir luego publicar,"Patrón nombre → Clover ""Habitat"" / sitio ""terrarium""",
54,site_product_clover,7AQS6CMRMK2N4,7d67725d-4099-4cfb-82c3-265dba7b3683,PT2808 Distr. de Petits Vers de Farine ExoTerra,,terrarium,created,product,high,Habitat,terrarium,16.99,0,no,no,no,Exo Terra,Distr. de Petits Vers de Farine ExoTerra,enrichir luego publicar,"Patrón nombre → Clover ""Habitat"" / sitio ""terrarium""",
55,site_product_clover,A6QMPTYJ1CQ3W,5376f6c8-3899-41aa-8d32-66dc8cea8c6b,PT2809 Bol Eau X-Small,,terrarium,created,product,high,Habitat,terrarium,9.49,0,no,no,no,Exo Terra,Bol Eau X-Small,enrichir luego publicar,"Patrón nombre → Clover ""Habitat"" / sitio ""terrarium""",
56,site_product_clover,Z1BPSGW33Y7J0,af1529ca-7407-44dc-b5c7-599789e79504,PT2811 Bol Nourriture Exo Petit,,terrarium,created,product,high,Habitat,terrarium,12.99,0,no,no,no,Exo Terra,Bol Nourriture Exo Petit,enrichir luego publicar,"Patrón nombre → Clover ""Habitat"" / sitio ""terrarium""",
57,site_product_clover,1WZ27T69MK6CT,33b584f5-3f06-4b89-9ba2-1effb57fb1a1,PT2812 Bol Nourriture Exo Moyen,,terrarium,created,product,high,Habitat,terrarium,18.99,0,no,no,no,Exo Terra,Bol Nourriture Exo Moyen,enrichir luego publicar,"Patrón nombre → Clover ""Habitat"" / sitio ""terrarium""",
58,site_product_clover,A6T4KTGKXH5CP,cbe866f9-9afe-4621-bd04-664b5f4ef4d2,PT2813 Bol Nourriture  Exo Grand,,terrarium,created,product,high,Habitat,terrarium,26.49,0,no,no,no,Exo Terra,Bol Nourriture  Exo Grand,enrichir luego publicar,"Patrón nombre → Clover ""Habitat"" / sitio ""terrarium""",
59,site_product_clover,NQD1DXGE298GJ,3a32e45c-9b10-4068-be7d-a23842a59cb4,PT2816 Distributeur Vers Farine Exo,,terrarium,created,product,high,Habitat,terrarium,17.99,0,no,no,no,Exo Terra,Distributeur Vers Farine Exo,enrichir luego publicar,"Patrón nombre → Clover ""Habitat"" / sitio ""terrarium""",
60,site_product_clover,59D1TWM4BBXG4,c9e59836-cd4f-4870-a833-ff5b082a5974,PT2821 Exo Terra Distributeur de Grillons-V,,terrarium,created,product,high,Habitat,terrarium,18.99,0,no,no,no,Exo Terra,Exo Terra Distributeur de Grillons-V,enrichir luego publicar,"Patrón nombre → Clover ""Habitat"" / sitio ""terrarium""",
61,site_product_clover,70HSEJNJT0Y76,a50a7070-0295-45b5-b3f3-c0d6050774fd,PT2827 Bol Eau de Coin Exo medium,,terrarium,created,product,high,Habitat,terrarium,24.99,0,no,no,no,Exo Terra,Bol Eau de Coin Exo medium,enrichir luego publicar,"Patrón nombre → Clover ""Habitat"" / sitio ""terrarium""",
62,site_product_clover,1XRSB2G7SX3W2,f6228426-3dd3-4d64-a22e-02eeff324ae1,PT2828 Bol Eau en Coin Exo Terra Grand,,terrarium,created,product,high,Habitat,terrarium,38.49,0,no,no,no,Exo Terra,Bol Eau en Coin Exo Terra Grand,enrichir luego publicar,"Patrón nombre → Clover ""Habitat"" / sitio ""terrarium""",
63,site_product_clover,8W2YZYJ804CHE,88969cca-d608-4a24-8554-ac5d061205ee,PT2829 Bol Eau en Coin Exo Terra Très Grand,,terrarium,created,product,high,Habitat,terrarium,44.99,0,no,no,no,Exo Terra,Bol Eau en Coin Exo Terra Très Grand,enrichir luego publicar,"Patrón nombre → Clover ""Habitat"" / sitio ""terrarium""",
64,site_product_clover,MBRBSSGW6ZQKG,1adf4d95-505c-4f2a-9c07-a3fbdd5e6b91,PT2841 Exo Terra Oeufs Dinosaure,,terrarium,created,product,high,Habitat,terrarium,29.99,0,no,no,no,Exo Terra,Exo Terra Oeufs Dinosaure,enrichir luego publicar,"Patrón nombre → Clover ""Habitat"" / sitio ""terrarium""",
65,site_product_clover,3A0XHNDH35ZYJ,60b7b36d-cb77-44ef-a5fb-11a9e50d809c,PT2852 Grotte Moyenne Exo Terra,,terrarium,created,product,high,Habitat,terrarium,12.99,0,no,no,no,Exo Terra,Grotte Moyenne Exo Terra,enrichir luego publicar,"Patrón nombre → Clover ""Habitat"" / sitio ""terrarium""",
66,site_product_clover,V1ETM4Q4SH48A,25cf1941-00a5-4f9d-ab6b-eade5e775010,PT2855 Crâne de Primate Exo Terra,,terrarium,created,product,high,Habitat,terrarium,29.99,0,no,no,no,Exo Terra,Crâne de Primate Exo Terra,enrichir luego publicar,"Patrón nombre → Clover ""Habitat"" / sitio ""terrarium""",
67,site_product_clover,97CMAE475EC6J,118f5a75-5af9-479d-8387-f26106e67976,PT2856 Crâne de Crocodile Exo Terra,,terrarium,created,product,high,Habitat,terrarium,27.99,0,no,no,no,Exo Terra,Crâne de Crocodile Exo Terra,enrichir luego publicar,"Patrón nombre → Clover ""Habitat"" / sitio ""terrarium""",
68,site_product_clover,Y9ZW8586S9W5A,b0537e18-d51c-4d3a-8485-313521ae29aa,PT2857 Crâne de Bison Exo Terra,,terrarium,created,product,high,Habitat,terrarium,31.99,0,no,no,no,Exo Terra,Crâne de Bison Exo Terra,enrichir luego publicar,"Patrón nombre → Clover ""Habitat"" / sitio ""terrarium""",
69,site_product_clover,9ERAN85ZSHKM8,9031ac2d-fdf2-4d92-8995-fd1e5de08b7c,PT2876 Exo Terra Coconut Cave,,terrarium,created,product,high,Habitat,terrarium,23.99,0,no,no,no,Exo Terra,Exo Terra Coconut Cave,enrichir luego publicar,"Patrón nombre → Clover ""Habitat"" / sitio ""terrarium""",
70,site_product_clover,PD9TKSJKC0R2G,b75a2054-ee17-452a-8f59-b99dccaf95c3,PT2910,,terrarium,created,product,high,Habitat,terrarium,67.99,0,no,no,no,Exo Terra,PT2910,enrichir luego publicar,"Patrón nombre → Clover ""Habitat"" / sitio ""terrarium""",
71,site_product_clover,RJDDKK0BM3KV0,698a1fe0-2680-4fdd-ab83-dfbb76863b0a,PT2912,,terrarium,created,product,high,Habitat,terrarium,77.99,0,no,no,no,Exo Terra,PT2912,enrichir luego publicar,"Patrón nombre → Clover ""Habitat"" / sitio ""terrarium""",
72,site_product_clover,V66QQ8H2GWKXW,a376aa83-d922-4501-b80a-d7810dbf0acf,PT2914 Cascade Exo Terra Pour Reptiles Large,,terrarium,created,product,high,Habitat,terrarium,94.99,0,no,no,no,Exo Terra,Cascade Exo Terra Pour Reptiles Large,enrichir luego publicar,"Patrón nombre → Clover ""Habitat"" / sitio ""terrarium""",
73,site_product_clover,Z12618SFAXVFG,7bd1ac6d-cf18-4988-bc65-b000987bdc67,PT2922 Grotte pour Tortues Terrestres Exo Terra,,terrarium,created,product,high,Habitat,terrarium,79.99,0,no,no,no,Exo Terra,Grotte pour Tortues Terrestres Exo Terra,enrichir luego publicar,"Patrón nombre → Clover ""Habitat"" / sitio ""terrarium""",
74,site_product_clover,KAJ84RFX19Y7T,aebabb48-d2ae-4902-9920-2dfddbe3fec8,PT2930 Grotte Exo terra petite,,terrarium,created,product,high,Habitat,terrarium,10.99,0,no,no,no,Exo Terra,Grotte Exo terra petite,enrichir luego publicar,"Patrón nombre → Clover ""Habitat"" / sitio ""terrarium""",
75,site_product_clover,CPBR8Z58DNXTT,53739c02-45cb-443d-a39b-5d7edf557bf9,PT2931 Grotte Exo Terra Moyenne,,terrarium,created,product,high,Habitat,terrarium,16.99,0,no,no,no,Exo Terra,Grotte Exo Terra Moyenne,enrichir luego publicar,"Patrón nombre → Clover ""Habitat"" / sitio ""terrarium""",
76,site_product_clover,17WJG0DH7K25J,93fcf105-ae1a-4c7e-abf2-5a3929353555,PT2932 Grotte Exo Terra Grande,,terrarium,created,product,high,Habitat,terrarium,24.49,0,no,no,no,Exo Terra,Grotte Exo Terra Grande,enrichir luego publicar,"Patrón nombre → Clover ""Habitat"" / sitio ""terrarium""",
77,site_product_clover,BRP7G81V0WX8T,41ceb833-dbc0-4d90-a5c7-cf55e8a86819,PT2933 Grotte Exo Terra Tres Grande,,terrarium,created,product,high,Habitat,terrarium,35.99,0,no,no,no,Exo Terra,Grotte Exo Terra Tres Grande,enrichir luego publicar,"Patrón nombre → Clover ""Habitat"" / sitio ""terrarium""",
78,site_product_clover,H5XMSWXMR0NYP,95ae52e6-888d-4ab4-97be-40f951015dbe,PT2934 Grotte Exo Terra TTGrande,,terrarium,created,product,high,Habitat,terrarium,59.99,0,no,no,no,Exo Terra,Grotte Exo Terra TTGrande,enrichir luego publicar,"Patrón nombre → Clover ""Habitat"" / sitio ""terrarium""",
79,site_product_clover,CJ9X81QRYMRRG,fa7b0920-0ea2-4efd-ae15-8ee0bd70fbe8,PT2966 Arriere plan EX roche 36'',,terrarium,created,product,high,Habitat,terrarium,39.99,0,no,no,no,Exo Terra,Arriere plan EX roche 36'',enrichir luego publicar,"Patrón nombre → Clover ""Habitat"" / sitio ""terrarium""",
80,site_product_clover,M8HC843J0ZC86,6692f969-ac7e-412d-b0e3-35302314fedd,PT3010 Plante Croton MOYEN,,terrarium,created,product,high,Habitat,terrarium,11.99,0,no,no,no,Exo Terra,Plante Croton MOYEN,enrichir luego publicar,"Patrón nombre → Clover ""Habitat"" / sitio ""terrarium""",
81,site_product_clover,6FPDK2MWXQWZA,b9996ace-fea5-4c7c-8e35-76e817160fc1,PT3020 Plante Croton Exo Terra Grand,,terrarium,created,product,high,Habitat,terrarium,16.99,0,no,no,no,Exo Terra,Plante Croton Exo Terra Grand,enrichir luego publicar,"Patrón nombre → Clover ""Habitat"" / sitio ""terrarium""",
82,site_product_clover,C9VEHD226KW6Y,0ef0025c-15e7-4dcf-9909-56f26fd00c7a,PT3061 Lentilles d'eau Flottantes Exo Terra,,terrarium,created,product,high,Habitat,terrarium,6.99,0,no,no,no,Exo Terra,Lentilles d'eau Flottantes Exo Terra,enrichir luego publicar,"Patrón nombre → Clover ""Habitat"" / sitio ""terrarium""",
83,site_product_clover,JVRZZJE0QM3MR,3ca38224-d8ff-400f-a773-01909497178d,PT3083 Liane de Mousse Souple Petit,,terrarium,created,product,high,Habitat,terrarium,19.99,0,no,no,no,Exo Terra,Liane de Mousse Souple Petit,enrichir luego publicar,"Patrón nombre → Clover ""Habitat"" / sitio ""terrarium""",
84,site_product_clover,XAP3GBSRGC0NY,bbaa844c-db42-4520-9546-1c25cbcf425f,PT3084 Liane de Mousse  Souple Grand,,terrarium,created,product,high,Habitat,terrarium,27.99,0,no,no,no,Exo Terra,Liane de Mousse  Souple Grand,enrichir luego publicar,"Patrón nombre → Clover ""Habitat"" / sitio ""terrarium""",
85,site_product_clover,30RZZX5YGTN50,9c68a01f-3c14-45d2-b53f-08f82ab9fcfc,PT3085 Liane Pliable 6pi Petit,,terrarium,created,product,high,Habitat,terrarium,16.99,0,no,no,no,Exo Terra,Liane Pliable 6pi Petit,enrichir luego publicar,"Patrón nombre → Clover ""Habitat"" / sitio ""terrarium""",
86,site_product_clover,CDKTT6NNEPZ66,bd7865ac-f207-4d2a-8dec-a3669af8dedf,PT3086 Liane Pliable 6pi Grand,,terrarium,created,product,high,Habitat,terrarium,23.99,0,no,no,no,Exo Terra,Liane Pliable 6pi Grand,enrichir luego publicar,"Patrón nombre → Clover ""Habitat"" / sitio ""terrarium""",
87,site_product_clover,981YWJWFHKSWY,d14c8582-964c-4626-8185-57f64228434b,"PT3095 Mousse de Forêt, 500 g-V",,terrarium,created,product,high,Habitat,terrarium,15.99,0,no,no,no,Exo Terra,"Mousse de Forêt, 500 g-V",enrichir luego publicar,"Patrón nombre → Clover ""Habitat"" / sitio ""terrarium""",
88,site_product_clover,EFCZXYBTCFC92,d899c791-e900-42c8-8cb1-d00715bb49e7,PT3107 Sable de Lit Exo Terra Brun 4.5kg,,terrarium,created,product,high,Habitat,terrarium,22.99,0,no,no,no,Exo Terra,Sable de Lit Exo Terra Brun 4.5kg,enrichir luego publicar,"Patrón nombre → Clover ""Habitat"" / sitio ""terrarium""",
89,site_product_clover,GGJY95MDPTYV8,852e8f65-d44f-48c2-944f-98c16cd609dc,PT3115 Exo Terra Substrat de drainage BioDrain,,terrarium,created,product,high,Habitat,terrarium,17.99,0,no,no,no,Exo Terra,Exo Terra Substrat de drainage BioDrain,enrichir luego publicar,"Patrón nombre → Clover ""Habitat"" / sitio ""terrarium""",
90,site_product_clover,KHRGN09W020MT,a6d9c657-c37a-4dff-9383-a4828b75458b,PT3131 Exo Terra BioDrain Terrarium Draining Mesh 30x30 cm,,terrarium,created,product,high,Habitat,terrarium,5.29,0,no,no,no,Exo Terra,Exo Terra BioDrain Terrarium Draining Mesh 30x30 cm,enrichir luego publicar,"Patrón nombre → Clover ""Habitat"" / sitio ""terrarium""",
91,site_product_clover,2V07JF75VSEY0,1745026f-a9b3-4a1f-aa15-d09f7f124d4e,PT3135 Subs.Désert et Arrière-pays Rouge 5kg,,terrarium,created,product,high,Habitat,terrarium,18.99,0,no,no,no,Exo Terra,Subs.Désert et Arrière-pays Rouge 5kg,enrichir luego publicar,"Patrón nombre → Clover ""Habitat"" / sitio ""terrarium""",
92,site_product_clover,4AM91WRN2MYPC,bd3de82a-0711-4bb1-8955-8fbbe781c132,PT3136,,terrarium,created,product,high,Habitat,terrarium,31.99,0,no,no,no,Exo Terra,PT3136,enrichir luego publicar,"Patrón nombre → Clover ""Habitat"" / sitio ""terrarium""",
93,site_product_clover,CQV31KBQQR81Y,7e3d706f-704f-4a09-abcd-000103600f35,"PT3138 Subs.Désert et Sonora,Ocre 5kg",,terrarium,created,product,high,Habitat,terrarium,18.99,0,no,no,no,Exo Terra,"Subs.Désert et Sonora,Ocre 5kg",enrichir luego publicar,"Patrón nombre → Clover ""Habitat"" / sitio ""terrarium""",
94,site_product_clover,FM1Q0Z15VCYAM,4e016f36-6a39-4094-9496-f2bbf942c484,PT3147 Subs.Désert et Oasis Bahariya 5kg,,terrarium,created,product,high,Habitat,terrarium,18.99,0,no,no,no,Exo Terra,Subs.Désert et Oasis Bahariya 5kg,enrichir luego publicar,"Patrón nombre → Clover ""Habitat"" / sitio ""terrarium""",
95,site_product_clover,5CCXM6MMHM2MY,1496079d-2f6e-416f-9c7b-f20624cd632f,PT3149 Subs.Désert et Oasis Bahariya 20kg,,terrarium,created,product,high,Habitat,terrarium,51.99,0,no,no,no,Exo Terra,Subs.Désert et Oasis Bahariya 20kg,enrichir luego publicar,"Patrón nombre → Clover ""Habitat"" / sitio ""terrarium""",
96,site_product_clover,BTYGWM7881F7M,ab511744-974e-4140-afb4-598986d0594b,PT3159 Exo Terra Cachette bol d'eau noix de coco,,terrarium,created,product,high,Habitat,terrarium,16.99,0,no,no,no,Exo Terra,Exo Terra Cachette bol d'eau noix de coco,enrichir luego publicar,"Patrón nombre → Clover ""Habitat"" / sitio ""terrarium""",
97,site_product_clover,KXHW4SEN9DKRE,e7dd1ae3-de58-47e9-9288-e96c75ef0648,PT3169  Bol a eau aztèque petit,,terrarium,created,product,high,Habitat,terrarium,5.99,0,no,no,no,Exo Terra,Bol a eau aztèque petit,enrichir luego publicar,"Patrón nombre → Clover ""Habitat"" / sitio ""terrarium""",
98,site_product_clover,WJY5S750GJ0C4,1680ac89-5d2f-4cdc-83b0-7e0c2779e373,PT3170  Bol a eau aztèque medium,,terrarium,created,product,high,Habitat,terrarium,11.99,0,no,no,no,Exo Terra,Bol a eau aztèque medium,enrichir luego publicar,"Patrón nombre → Clover ""Habitat"" / sitio ""terrarium""",
99,site_product_clover,CYKNRYW89FA1M,4457d49d-19bd-4c5a-b06d-8ac0af6e7cc5,PT3172 Rocher Humide Exo Terra MOYEN,,terrarium,created,product,high,Habitat,terrarium,11.50,0,no,no,no,Exo Terra,Rocher Humide Exo Terra MOYEN,enrichir luego publicar,"Patrón nombre → Clover ""Habitat"" / sitio ""terrarium""",
100,site_product_clover,H8ZNTSAN45C7G,6841282f-0c8c-4242-8b1e-da9f27d06fb7,PT3173 Rocher Humide Exo Terra GRAND,,terrarium,created,product,high,Habitat,terrarium,17.99,0,no,no,no,Exo Terra,Rocher Humide Exo Terra GRAND,enrichir luego publicar,"Patrón nombre → Clover ""Habitat"" / sitio ""terrarium""",
101,site_product_clover,8B474CCZP1Y0E,99bec4c3-21f4-4115-95c9-0b533355f9d2,PT3178 Cachette et Hygroscopique bûche GRAND,,terrarium,created,product,high,Habitat,terrarium,39.99,0,no,no,no,Exo Terra,Cachette et Hygroscopique bûche GRAND,enrichir luego publicar,"Patrón nombre → Clover ""Habitat"" / sitio ""terrarium""",
102,site_product_clover,AN5F5B0145AAP,748881e6-c6ce-4d00-a7e0-532d3bd36d6a,PT3183  Exo Terra Bioactive Volcanic Substratum 2kg,,terrarium,created,product,high,Habitat,terrarium,24.99,0,no,no,no,Exo Terra,Exo Terra Bioactive Volcanic Substratum 2kg,enrichir luego publicar,"Patrón nombre → Clover ""Habitat"" / sitio ""terrarium""",
103,site_product_clover,D3GNBWSEFBKBM,e645e899-a5cb-4ec5-84f2-7d3e24140691,PT3184 Exo Terra Bioactive Volcanic Substratum 4kg,,terrarium,created,product,high,Habitat,terrarium,37.99,0,no,no,no,Exo Terra,Exo Terra Bioactive Volcanic Substratum 4kg,enrichir luego publicar,"Patrón nombre → Clover ""Habitat"" / sitio ""terrarium""",
104,site_product_clover,AHZBBD83625Z8,aac7bf1e-07de-45e8-b5ca-b0caa102d046,PT3259 Exo Terra Support Pour Coupe Aliment (PT3260-PT3261),,terrarium,created,product,high,Habitat,terrarium,1.79,0,no,no,no,Exo Terra,Exo Terra Support Pour Coupe Aliment (PT3260-PT3261),enrichir luego publicar,"Patrón nombre → Clover ""Habitat"" / sitio ""terrarium""",
105,site_product_clover,9BW6S8ZBRAG6T,93cbd01f-9ef7-4243-9f32-3ef56736e78d,PT3261 Exo Terra Aliment Pour Geckos Diurnes,,terrarium,created,product,high,Habitat,terrarium,10.99,0,no,no,no,Exo Terra,Exo Terra Aliment Pour Geckos Diurnes,enrichir luego publicar,"Patrón nombre → Clover ""Habitat"" / sitio ""terrarium""",
106,site_product_clover,GYX33YJKX3GSP,e688dd12-9328-43f3-9386-bbefa287b7d4,PT3265  Gran. DGrub et p. ag. barbus juv. 125g,,terrarium,created,product,high,Habitat,terrarium,8.50,0,no,no,no,Exo Terra,Gran. DGrub et p. ag. barbus juv. 125g,enrichir luego publicar,"Patrón nombre → Clover ""Habitat"" / sitio ""terrarium""",
107,site_product_clover,JAE8FVF75KGR0,6d8b7145-9658-4b77-a83d-29d064b3ae3a,PT3550 ExoTerra Os de Seiche pour Tortues,,terrarium,created,product,high,Habitat,terrarium,12.99,0,no,no,no,Exo Terra,ExoTerra Os de Seiche pour Tortues,enrichir luego publicar,"Patrón nombre → Clover ""Habitat"" / sitio ""terrarium""",
108,site_product_clover,JC1Q1GW2W2J40,4e95dc67-2edb-40ea-b96b-79c7222c680d,PT3801,,terrarium,created,product,high,Habitat,terrarium,47.99,0,no,no,no,Exo Terra,PT3801,enrichir luego publicar,"Patrón nombre → Clover ""Habitat"" / sitio ""terrarium""",
109,site_product_clover,06QSW7R20DXMM,0017b576-fe93-4008-8f63-9f7c802832cf,PT3833 Cailloux Turtle Pebbl 10-20mm  4.5kg,,terrarium,created,product,high,Habitat,terrarium,25.99,0,no,no,no,Exo Terra,Cailloux Turtle Pebbl 10-20mm  4.5kg,enrichir luego publicar,"Patrón nombre → Clover ""Habitat"" / sitio ""terrarium""",
110,site_product_clover,HQ4TEMATXYWA6,f7e9be89-6453-4483-8449-ca67693fe357,PT4255 Rampe Haut rendement T5 UVB 8W,,terrarium,created,product,high,Habitat,terrarium,69.99,0,no,no,no,Exo Terra,Rampe Haut rendement T5 UVB 8W,enrichir luego publicar,"Patrón nombre → Clover ""Habitat"" / sitio ""terrarium""",
111,site_product_clover,214TEYK35Q6GC,8c8bb8ca-d870-4968-96de-fdc107e128ca,PT4256 Rampe Haut rendement T5 UVB 24W,,terrarium,created,product,high,Habitat,terrarium,99.99,0,no,no,no,Exo Terra,Rampe Haut rendement T5 UVB 24W,enrichir luego publicar,"Patrón nombre → Clover ""Habitat"" / sitio ""terrarium""",
112,site_product_clover,524ARK03JF9M2,b3c30cc4-a619-438d-87b2-b652d49ffb95,PT4257 Rampe Haut rendement T5 UVB 39W,,terrarium,created,product,high,Habitat,terrarium,109.99,0,no,no,no,Exo Terra,Rampe Haut rendement T5 UVB 39W,enrichir luego publicar,"Patrón nombre → Clover ""Habitat"" / sitio ""terrarium""",
113,site_product_clover,RK8QWT2KYARQY,7a548f97-060c-4550-a3ee-b9cff8adacc5,PT4258 Rampe Haut rendement T5 UVB 54W,,terrarium,created,product,high,Habitat,terrarium,129.99,0,no,no,no,Exo Terra,Rampe Haut rendement T5 UVB 54W,enrichir luego publicar,"Patrón nombre → Clover ""Habitat"" / sitio ""terrarium""",
114,site_product_clover,YBB41V768DXT6,b3ce7cf4-63a6-4f6b-9be8-1e394e00bc4a,"PT4406 Pro Paludarium, S/X-Tall 45x45x90cm",,terrarium,created,product,high,Habitat,terrarium,359.99,0,no,no,no,Exo Terra,"Pro Paludarium, S/X-Tall 45x45x90cm",enrichir luego publicar,"Patrón nombre → Clover ""Habitat"" / sitio ""terrarium""",
115,site_product_clover,81HEFAT4FGFBP,1c3dbd6b-00c0-4d91-8650-b42ad33d3083,PT4410 Paludarium M/X-tall 60*45*90 (24''*18''*36''),,terrarium,created,product,high,Habitat,terrarium,499.99,0,no,no,no,Exo Terra,Paludarium M/X-tall 60*45*90 (24''*18''*36''),enrichir luego publicar,"Patrón nombre → Clover ""Habitat"" / sitio ""terrarium""",
116,site_product_demo,,07cf11b9-9ce7-440a-aa88-a89b997c7fdc,Terrarium 20 gallons,,terrarium,created,product,high,Habitat,terrarium,145.00,12,yes,yes,yes,,Terrarium 20 gallons,enrichir / mantener,"Patrón nombre → Clover ""Habitat"" / sitio ""terrarium""",
117,site_product_demo,,9632ad81-7d44-4fd4-93c8-c93443cbe692,Terrarium 40 gallons,,terrarium,created,product,high,Habitat,terrarium,220.00,8,yes,yes,no,,Terrarium 40 gallons,enrichir / mantener,"Patrón nombre → Clover ""Habitat"" / sitio ""terrarium""",
118,site_product_clover,0GR6DFN9Z0EFE,c39accea-40b3-4d35-909c-f7a48cf56a58,Z204 Zoomed Terrarium Moss 30-40 Gallons Xlg,,terrarium,created,product,high,Habitat,terrarium,18.99,0,no,no,no,Zoo Med,Zoomed Terrarium Moss 30-40 Gallons Xlg,enrichir luego publicar,"Patrón nombre → Clover ""Habitat"" / sitio ""terrarium""",
119,site_product_clover,4DPQE9TMKHS7W,ee23a8f9-8db1-484f-9791-05c27957e827,Z976 Paludarium UVB & Plante Growth Lighting Kit,,terrarium,created,product,high,Habitat,terrarium,79.99,0,no,no,no,Zoo Med,Paludarium UVB & Plante Growth Lighting Kit,enrichir luego publicar,"Patrón nombre → Clover ""Habitat"" / sitio ""terrarium""",
120,site_product_clover,RYBDXAAY6R4N0,5f69b852-0e26-4417-b021-3cca9c1084b0,Z977 Paludarium Filter 10GAL,,terrarium,created,product,high,Habitat,terrarium,28.99,0,no,no,no,Zoo Med,Paludarium Filter 10GAL,enrichir luego publicar,"Patrón nombre → Clover ""Habitat"" / sitio ""terrarium""",
121,site_product_clover,WDE3GBVVHNTXT,4aca3e11-0402-4788-bb80-613065488c57,Z977RC Paludarium Filter 10 Repl. Cartridge,,terrarium,created,product,high,Habitat,terrarium,5.99,0,no,no,no,Zoo Med,Paludarium Filter 10 Repl. Cartridge,enrichir luego publicar,"Patrón nombre → Clover ""Habitat"" / sitio ""terrarium""",
122,site_product_clover,HNQ22T5DZ1HNT,99857dc5-5438-4460-914e-f32200f73704,Z978 Paludarium Filter 20GAL,,terrarium,created,product,high,Habitat,terrarium,36.99,0,no,no,no,Zoo Med,Paludarium Filter 20GAL,enrichir luego publicar,"Patrón nombre → Clover ""Habitat"" / sitio ""terrarium""",
123,site_product_clover,GD15294JZ7FGR,0f76e0a8-187d-4d43-b3a5-41637fc9205c,Z978RC Paludarium Filter 20 Repl. Cartridge,,terrarium,created,product,high,Habitat,terrarium,8.99,0,no,no,no,Zoo Med,Paludarium Filter 20 Repl. Cartridge,enrichir luego publicar,"Patrón nombre → Clover ""Habitat"" / sitio ""terrarium""",
124,site_product_clover,H3N52Q1KFHJ08,a46cb559-9cd0-41b2-b18a-7389616586ec,Z979 Paludarium Heater 25W,,terrarium,created,product,high,Habitat,terrarium,36.99,0,no,no,no,Zoo Med,Paludarium Heater 25W,enrichir luego publicar,"Patrón nombre → Clover ""Habitat"" / sitio ""terrarium""",
125,site_product_clover,454YP65BSG5MJ,e844e5be-3028-4573-93ab-4bc868bfb907,Z979A Paludarium Heater 50W,,terrarium,created,product,high,Habitat,terrarium,36.99,0,no,no,no,Zoo Med,Paludarium Heater 50W,enrichir luego publicar,"Patrón nombre → Clover ""Habitat"" / sitio ""terrarium""",
126,site_product_clover,H9BJ5N3Y2FEH0,f471ffe2-33ac-4078-be67-696f032dba74,Z979B Paludarium Heater 100W,,terrarium,created,product,high,Habitat,terrarium,43.99,0,no,no,no,Zoo Med,Paludarium Heater 100W,enrichir luego publicar,"Patrón nombre → Clover ""Habitat"" / sitio ""terrarium""",
127,site_product_clover,XFPYHYRXJAMNP,b387ff30-06d7-43db-9327-cb51b9915db4,Z981 ZooMed Terrarium Mesh,Habitat,terrarium,created,product,high,Habitat,terrarium,12.50,0,no,no,no,Zoo Med,ZooMed Terrarium Mesh,enrichir luego publicar,Mapeo directo Clover → sitio (sin cambiar Clover),
128,site_product_clover,K7DXC8XQQ8ZHT,ca34ecc8-9421-4f2a-8004-5476d9dd22a2,Z990 ZooMed Naturalistic Terrarium Repti Lock,,terrarium,created,product,high,Habitat,terrarium,9.99,0,no,no,no,Zoo Med,ZooMed Naturalistic Terrarium Repti Lock,enrichir luego publicar,"Patrón nombre → Clover ""Habitat"" / sitio ""terrarium""",
129,site_product_clover,JDSH884ADA5AJ,034aaefd-1e60-4325-a333-00f87a703337,"Z994 PVC Terrarium 24x24x48"" (120gallon) With Glass Door",,terrarium,created,product,high,Habitat,terrarium,720.00,0,no,no,no,Zoo Med,"PVC Terrarium 24x24x48"" (120gallon) With Glass Door",enrichir luego publicar,"Patrón nombre → Clover ""Habitat"" / sitio ""terrarium""",
130,site_product_clover,66RTJ80YVQKVY,a4ef170d-6135-42f5-9d52-ea35a91b4ae1,Z995 (NT-1),,terrarium,created,product,high,Habitat,terrarium,147.99,0,no,no,no,Zoo Med,Z995 (NT-1),enrichir luego publicar,"Patrón nombre → Clover ""Habitat"" / sitio ""terrarium""",
131,site_product_clover,KHTJE34VFS61J,265e2b21-1e55-4020-8702-cb8a4bab6ab3,Z995A Nat. Terrarium 12''x 12''x 18'' (NT-2),Habitat,terrarium,created,product,high,Habitat,terrarium,161.99,0,no,no,no,Zoo Med,Nat. Terrarium 12''x 12''x 18'' (NT-2),enrichir luego publicar,Mapeo directo Clover → sitio (sin cambiar Clover),
132,site_product_clover,N868PYX6YYRV8,a86e8e2f-c829-4311-9af8-0dfeed520682,Z995B Large Terrarium 18x18x18'' (NT-3),Habitat,terrarium,created,product,high,Habitat,terrarium,241.99,0,no,no,no,Zoo Med,Large Terrarium 18x18x18'' (NT-3),enrichir luego publicar,Mapeo directo Clover → sitio (sin cambiar Clover),
133,site_product_clover,MDMWCDF1FSFC8,bbccc467-5e91-45a1-8808-4857e1d58835,Z995C (NT-4) Zoomed Naturalistic Terrarium (18x18x24),Habitat,terrarium,created,product,high,Habitat,terrarium,285.99,0,no,no,no,Zoo Med,Z995C (NT-4) Zoomed Naturalistic Terrarium (18x18x24),enrichir luego publicar,Mapeo directo Clover → sitio (sin cambiar Clover),
134,site_product_clover,MV77HJFS1WMG2,1185993a-76f8-43d9-ac1c-3c7301148321,Z995D Skyscraper Terrarium 18x18x36 (NT-5),Habitat,terrarium,created,product,high,Habitat,terrarium,339.99,0,no,no,no,Zoo Med,Skyscraper Terrarium 18x18x36 (NT-5),enrichir luego publicar,Mapeo directo Clover → sitio (sin cambiar Clover),
135,site_product_clover,YN011F0MMTFZ8,14ba3bf4-84eb-4481-ac43-c9f694d4eb5f,"Z995E Double Door Terrarium 36""x18""x18"" (NT-40DW)",Habitat,terrarium,created,product,high,Habitat,terrarium,425.99,0,no,no,no,Zoo Med,"Double Door Terrarium 36""x18""x18"" (NT-40DW)",enrichir luego publicar,Mapeo directo Clover → sitio (sin cambiar Clover),
136,site_product_clover,4PJQ1NS8654KM,1be0d801-cd17-4896-b87a-61e90c639775,Z995F ZooMed Double Door Terrarium 25 Gal. 30x12x16'' (NT-25DW),Habitat,terrarium,created,product,high,Habitat,terrarium,310.00,0,no,no,no,Zoo Med,ZooMed Double Door Terrarium 25 Gal. 30x12x16'' (NT-25DW),enrichir luego publicar,Mapeo directo Clover → sitio (sin cambiar Clover),
137,site_product_clover,0JVF6EZ73DBM8,2f88a08a-0c54-4b2c-b9af-47e98e8a5885,Z995G Zoomed Double Door Terrarium 10 galons 20x12x12,Habitat,terrarium,created,product,high,Habitat,terrarium,170.99,0,no,no,no,Zoo Med,Zoomed Double Door Terrarium 10 galons 20x12x12,enrichir luego publicar,Mapeo directo Clover → sitio (sin cambiar Clover),
138,site_product_clover,291975A5WT5FM,a4d9d20a-c069-4810-a98e-2ff38df27324,Z995H Zoomed Double Door Terrarium (32g) 36*18*12,Habitat,terrarium,created,product,high,Habitat,terrarium,375.99,0,no,no,no,Zoo Med,Zoomed Double Door Terrarium (32g) 36*18*12,enrichir luego publicar,Mapeo directo Clover → sitio (sin cambiar Clover),
139,site_product_clover,89X0WVN1BE9CA,b4629c86-f801-43d1-bc50-2859e108a267,Z996 ZooMed Low Boy Terrarium with Top 48x24x10,Habitat,terrarium,created,product,high,Habitat,terrarium,298.99,0,no,no,no,Zoo Med,ZooMed Low Boy Terrarium with Top 48x24x10,enrichir luego publicar,Mapeo directo Clover → sitio (sin cambiar Clover),
140,site_product_clover,GSS57QW0BZBA8,53469a42-0334-4607-a00a-e6e77f639a5a,Z997 Paludarium 12x12x24 (NT-2P),Habitat,terrarium,created,product,high,Habitat,terrarium,175.99,0,no,no,no,Zoo Med,Paludarium 12x12x24 (NT-2P),enrichir luego publicar,Mapeo directo Clover → sitio (sin cambiar Clover),
141,site_product_clover,D1C00ADHVYAR0,7311ea37-11e5-41c8-8433-8819ddceb2b5,Z997A ZooMed Large Paludarium 18x18x36 10 Gal,Habitat,terrarium,created,product,high,Habitat,terrarium,358.99,0,no,no,no,Zoo Med,ZooMed Large Paludarium 18x18x36 10 Gal,enrichir luego publicar,Mapeo directo Clover → sitio (sin cambiar Clover),
142,site_product_clover,BJG97MP1THPDA,ba1dee4e-c55f-414c-ba3d-337c47bf19af,Z997B ZooMed Double Door Paludarium 36x18x36 (20 Gallons),Habitat,terrarium,created,product,high,Habitat,terrarium,620.00,0,no,no,no,Zoo Med,ZooMed Double Door Paludarium 36x18x36 (20 Gallons),enrichir luego publicar,Mapeo directo Clover → sitio (sin cambiar Clover),
143,site_product_clover,W26PEK7B5CH3G,2827ee90-6f11-4824-a24e-7f04a2c18750,Z9982 Zoomed Reptibreeze 18x18x36,Habitat,terrarium,created,product,high,Habitat,terrarium,169.99,0,no,no,no,Zoo Med,Zoomed Reptibreeze 18x18x36,enrichir luego publicar,Mapeo directo Clover → sitio (sin cambiar Clover),
144,site_product_clover,B7V34ATH28S8A,165a6c0b-dbba-4b71-9d2c-5b3d9cd82977,02133 La Swamp Feuilles de Murier 0.5oz,Substrat,substrate,created,product,high,Substrat,substrate,9.00,0,no,no,no,La Swamp / misc SKU,La Swamp Feuilles de Murier 0.5oz,enrichir luego publicar,Mapeo directo Clover → sitio (sin cambiar Clover),
145,site_product_clover,ASNV3BC3FH2CJ,2113f24c-9c87-4bd3-a00a-001c35f15f67,02134 La Swamp Feuilles de Murier 1.5oz,Substrat,substrate,created,product,high,Substrat,substrate,18.00,0,no,no,no,La Swamp / misc SKU,La Swamp Feuilles de Murier 1.5oz,enrichir luego publicar,Mapeo directo Clover → sitio (sin cambiar Clover),
146,site_product_clover,R2JP69G57W2ST,0a36d1ef-bdf0-42ed-8315-c6066687906e,02169 La Swamp - Mousse Tropicale,Substrat,substrate,created,product,high,Substrat,substrate,15.00,0,no,no,no,La Swamp / misc SKU,La Swamp - Mousse Tropicale,enrichir luego publicar,Mapeo directo Clover → sitio (sin cambiar Clover),
147,site_product_clover,960QVMEYEJSFP,8d3f7405-0eb6-40e6-800a-9a81cdf24876,10173 La Swamp Feuilles de Chênes de Virginie 3oz,Substrat,substrate,created,product,high,Substrat,substrate,21.00,0,no,no,no,La Swamp / misc SKU,La Swamp Feuilles de Chênes de Virginie 3oz,enrichir luego publicar,Mapeo directo Clover → sitio (sin cambiar Clover),
148,site_product_clover,XK9RHERJ0EC38,07bf72fb-c7bf-4939-93e8-24d078596017,15570 CaribSea Aragonite (Crushed Coral) 10lbs,Substrat,substrate,created,product,high,Substrat,substrate,18.99,0,no,no,no,CaribSea,CaribSea Aragonite (Crushed Coral) 10lbs,enrichir luego publicar,Mapeo directo Clover → sitio (sin cambiar Clover),
149,site_product_clover,VQNSHDMCX3ZQC,9702b26c-fea6-493a-ae22-74fe4633da13,21979 Jurassic Fiber 5kg,,substrate,created,product,high,Substrat,substrate,35.00,0,no,no,no,La Swamp / misc SKU,Jurassic Fiber 5kg,enrichir luego publicar,"Patrón nombre → Clover ""Substrat"" / sitio ""substrate""",
150,site_product_clover,8NC0QJ7X43N8C,eec89342-e8a9-445f-8974-338d6245c164,3R-CCHL Coco Husk Big Bale,Substrat,substrate,created,product,high,Substrat,substrate,34.99,0,no,no,no,,3R-CCHL Coco Husk Big Bale,enrichir luego publicar,Mapeo directo Clover → sitio (sin cambiar Clover),
151,site_product_clover,D5A3AQ16MRB48,592b8ab2-1f45-4f03-95f2-de95b6c800f9,40015 CS Eco Comp. Plant Black 10lb,Substrat,substrate,created,product,high,Substrat,substrate,40.99,0,no,no,no,,CS Eco Comp. Plant Black 10lb,enrichir luego publicar,Mapeo directo Clover → sitio (sin cambiar Clover),
152,site_product_clover,HBGH5NY0XGAJT,5e31ef73-e6d7-49eb-9949-10e9898517e2,ATR Mix Broken Tree Leaves Bricks Compressed Shrink Wrapped 500g,Substrat,substrate,created,product,high,Substrat,substrate,9.99,0,no,no,no,,Mix Broken Tree Leaves Bricks Compressed Shrink Wrapped 500g,enrichir luego publicar,Mapeo directo Clover → sitio (sin cambiar Clover),
153,site_product_clover,W0A3TM297N9EY,a0fe8e63-e0c8-44b0-ada0-764eae441d08,Arachnid Biobedding / Substrat Araignée,,substrate,created,product,high,Substrat,substrate,18.50,0,no,no,no,,Arachnid Biobedding / Substrat Araignée,enrichir luego publicar,"Patrón nombre → Clover ""Substrat"" / sitio ""substrate""",
154,site_product_clover,B03WT3S5D66R6,66b9b1ff-43d5-47c8-b151-a1e34231f765,Aspen 141L,Substrat,substrate,created,product,high,Substrat,substrate,39.99,0,no,no,no,,Aspen 141L,enrichir luego publicar,Mapeo directo Clover → sitio (sin cambiar Clover),
155,site_product_clover,M9WFXZDDSM36G,c1daa148-f8ae-4259-a9ec-fb13ae13c174,B&L ( G )  Feuille De Cocoa,Substrat,substrate,created,product,high,Substrat,substrate,12.99,0,no,no,no,,B&L ( G )  Feuille De Cocoa,enrichir luego publicar,Mapeo directo Clover → sitio (sin cambiar Clover),
156,site_product_clover,501HG83TDDS36,b22d26d3-40c2-4177-bd25-1964fec5f311,Bamboo Leaves,Substrat,substrate,created,product,high,Substrat,substrate,8.99,0,no,no,no,,Bamboo Leaves,enrichir luego publicar,Mapeo directo Clover → sitio (sin cambiar Clover),
157,site_product_clover,0ZHYCZ3CC4KQ4,4af2ee05-9001-4cca-9087-2c7683d024ac,Banana Leaves,Substrat,substrate,created,product,high,Substrat,substrate,8.99,0,no,no,no,,Banana Leaves,enrichir luego publicar,Mapeo directo Clover → sitio (sin cambiar Clover),
158,site_product_clover,FHY2YQPR7VGMR,2a8b9cf3-41f4-4907-8a5c-054a9b53ea34,Carnivorous Plant Soil,,substrate,created,product,high,Substrat,substrate,37.00,0,no,no,no,,Carnivorous Plant Soil,enrichir luego publicar,"Patrón nombre → Clover ""Substrat"" / sitio ""substrate""",
159,site_product_clover,CFC2023Q3XC02,549f0b08-b993-488f-aae0-53b4c4d14f82,DR405 Repashy Super Hatch Incubation 88.2 oz,Substrat,substrate,created,product,high,Substrat,substrate,59.99,0,no,no,no,Repashy,Repashy Super Hatch Incubation 88.2 oz,enrichir luego publicar,Mapeo directo Clover → sitio (sin cambiar Clover),
160,site_product_clover,76JNCZY75VN6Y,816a11d6-180f-41d8-9e93-d4607c854ddb,H96155 Hikari Mossy Skull 4.1 Resin Ornament,,substrate,created,product,high,Substrat,substrate,26.99,0,no,no,no,,Hikari Mossy Skull 4.1 Resin Ornament,enrichir luego publicar,"Patrón nombre → Clover ""Substrat"" / sitio ""substrate""",
161,site_product_clover,GJT31FZJVCZKY,16f79634-911b-47a8-ab25-f16cb1bf405d,MBBG Big Bites Bio Grow 8L,Substrat,substrate,created,product,high,Substrat,substrate,45.99,0,no,no,no,,Big Bites Bio Grow 8L,enrichir luego publicar,Mapeo directo Clover → sitio (sin cambiar Clover),
162,site_product_clover,1HVH7CR6NDCZT,cfa47564-5229-4686-878f-0ec2b84725f8,MBML Mango Leaf Litter,Substrat,substrate,created,product,high,Substrat,substrate,12.99,0,no,no,no,,Mango Leaf Litter,enrichir luego publicar,Mapeo directo Clover → sitio (sin cambiar Clover),
163,site_product_clover,XWRAVTRK7WEGY,ea3bc18e-d952-4366-afca-07f08ae40272,MBSC Charcoal 2L,Substrat,substrate,created,product,high,Substrat,substrate,15.99,0,no,no,no,,Charcoal 2L,enrichir luego publicar,Mapeo directo Clover → sitio (sin cambiar Clover),
164,site_product_clover,V33VGKVBYRSBG,ece90b8a-32a2-4dd3-ae73-ee630200f02a,MZSM Mousse de Sphaigne 240L / Sphagnum Moss,,substrate,created,product,high,Substrat,substrate,339.99,0,no,no,no,,Mousse de Sphaigne 240L / Sphagnum Moss,enrichir luego publicar,"Patrón nombre → Clover ""Substrat"" / sitio ""substrate""",
165,site_product_clover,GMGPKCD6A5BKW,7307d878-a897-4773-93e2-ca95444d75cf,PT2480 Tapis de Mousse Exo Terra 30x30 cm,Substrat,substrate,created,product,high,Substrat,substrate,9.99,0,no,no,no,Exo Terra,Tapis de Mousse Exo Terra 30x30 cm,enrichir luego publicar,Mapeo directo Clover → sitio (sin cambiar Clover),
166,site_product_clover,A7G23XK5T865W,2c875058-0707-4d7c-b74d-3b0d1e3032e9,PT2484 Tapis de Mousse Exo Terra 45x60 cm,Substrat,substrate,created,product,high,Substrat,substrate,21.99,0,no,no,no,Exo Terra,Tapis de Mousse Exo Terra 45x60 cm,enrichir luego publicar,Mapeo directo Clover → sitio (sin cambiar Clover),
167,site_product_clover,PY23G9CNV6QRE,f95ef18f-d9b5-4e72-8887-69f4c67b1a84,PT2764 Jungle Earth Exo Terra 27.26L,Substrat,substrate,created,product,high,Substrat,substrate,55.99,0,no,no,no,Exo Terra,Jungle Earth Exo Terra 27.26L,enrichir luego publicar,Mapeo directo Clover → sitio (sin cambiar Clover),
168,site_product_clover,B2JEPK1ABA104,dc5e0071-7084-4de8-bae3-e277de7747bf,PT2775 Noix de Coco Exo Terra 500 g-V,Substrat,substrate,created,product,high,Substrat,substrate,6.99,0,no,no,no,Exo Terra,Noix de Coco Exo Terra 500 g-V,enrichir luego publicar,Mapeo directo Clover → sitio (sin cambiar Clover),
169,site_product_clover,J9KJ91NMG9D0J,7932b691-db9e-48f2-9573-78d4edd0956c,PT3118 Substrat Foret Tropic. Hum. ExoTerra 26.4L,Substrat,substrate,created,product,high,Substrat,substrate,55.99,0,no,no,no,Exo Terra,Substrat Foret Tropic. Hum. ExoTerra 26.4L,enrichir luego publicar,Mapeo directo Clover → sitio (sin cambiar Clover),
170,site_product_clover,47GN9V4RV0TNW,4aeefa33-7ce6-488e-9d7a-99376b67ad02,S086  Bedding Sani Chip Bulk,,substrate,created,product,high,Substrat,substrate,80.00,0,no,no,no,,Bedding Sani Chip Bulk,enrichir luego publicar,"Patrón nombre → Clover ""Substrat"" / sitio ""substrate""",
171,site_product_clover,V3EVD44M8268A,1f487b15-6ba5-4b72-9ef3-895d649653b3,S089 Bedding Paper Shavings 2.8 CU.FT,,substrate,created,product,high,Substrat,substrate,19.99,0,no,no,no,,Bedding Paper Shavings 2.8 CU.FT,enrichir luego publicar,"Patrón nombre → Clover ""Substrat"" / sitio ""substrate""",
172,site_product_demo,,e2273059-e5fb-458e-90f5-7b58e2af218b,Substrat fibre de coco 5L,,substrate,created,product,high,Substrat,substrate,18.00,30,yes,yes,yes,,Substrat fibre de coco 5L,enrichir / mantener,"Patrón nombre → Clover ""Substrat"" / sitio ""substrate""",
173,site_product_clover,AYVCGAHV28TA6,9931066d-6ff8-4fe6-9514-3a28434cd866,Z1811 Eco Earth Loose 8Qt,Substrat,substrate,created,product,high,Substrat,substrate,14.99,0,no,no,no,,Eco Earth Loose 8Qt,enrichir luego publicar,Mapeo directo Clover → sitio (sin cambiar Clover),
174,site_product_clover,GD4HV5QSMCVA4,4bfa4a19-01c7-47d0-928d-b447b708cdbd,Z1812 Eco Earth Loose 24Qt,Substrat,substrate,created,product,high,Substrat,substrate,33.99,0,no,no,no,,Eco Earth Loose 24Qt,enrichir luego publicar,Mapeo directo Clover → sitio (sin cambiar Clover),
175,site_product_clover,ZC915P0W9580W,86d98955-2264-4ca9-8421-9c0fc12da79b,Z1823 Excavator Clay Burrowing Bubstrate 20 lbs,Substrat,substrate,created,product,high,Substrat,substrate,34.99,0,no,no,no,,Excavator Clay Burrowing Bubstrate 20 lbs,enrichir luego publicar,Mapeo directo Clover → sitio (sin cambiar Clover),
176,site_product_clover,QYEXPZ08Z14RY,2477f0a4-0de4-4ed0-aeb7-d89a8c602179,Z1842 Zoomed Reptisand - Desert White 20lbs,Substrat,substrate,created,product,high,Substrat,substrate,34.99,0,no,no,no,Zoo Med,Zoomed Reptisand - Desert White 20lbs,enrichir luego publicar,Mapeo directo Clover → sitio (sin cambiar Clover),
177,site_product_clover,G8C7M0WTXPKV4,6e9ee42b-665c-4730-b2c8-2c9565ce03a2,Z185 Eco Carpet (8x16) 5gal. green,Substrat,substrate,created,product,high,Substrat,substrate,5.99,0,no,no,no,,Eco Carpet (8x16) 5gal. green,enrichir luego publicar,Mapeo directo Clover → sitio (sin cambiar Clover),
178,site_product_clover,MZFZ72V8TCKCG,25e12e26-4ff1-4cbd-8f82-38fbf3dbc7d8,Z185B Eco Carpet Green 15/20 Gal 12x24,Substrat,substrate,created,product,high,Substrat,substrate,8.99,0,no,no,no,,Eco Carpet Green 15/20 Gal 12x24,enrichir luego publicar,Mapeo directo Clover → sitio (sin cambiar Clover),
179,site_product_clover,AF6530KANPE4E,1fa3c5ee-b60b-43dd-89d9-9040b729489f,Z185G  Eco Carpet Green (16 X 16) ReptiBreeze,Substrat,substrate,created,product,high,Substrat,substrate,14.99,0,no,no,no,,Eco Carpet Green (16 X 16) ReptiBreeze,enrichir luego publicar,Mapeo directo Clover → sitio (sin cambiar Clover),
180,site_product_clover,408A0E988PB0Y,4efb0397-6032-429e-a12d-36fab5b3425e,Z185HT Zoomed Eco Carpet (18x36) Breeder 40 Gal Tan,Substrat,substrate,created,product,high,Substrat,substrate,16.99,0,no,no,no,Zoo Med,Zoomed Eco Carpet (18x36) Breeder 40 Gal Tan,enrichir luego publicar,Mapeo directo Clover → sitio (sin cambiar Clover),
181,site_product_clover,7TJVH0MHAY7R6,e4199812-a7f2-4dc0-99e5-5281ec8d99aa,Z185T Eco Carpet (8x16) 5gal. Tan,Substrat,substrate,created,product,high,Substrat,substrate,5.99,0,no,no,no,,Eco Carpet (8x16) 5gal. Tan,enrichir luego publicar,Mapeo directo Clover → sitio (sin cambiar Clover),
182,site_product_clover,S0YAFB1NAM8YJ,8b84ab92-9085-41eb-910f-9219971312cc,Z1872 Reptisand Red 20lb,Substrat,substrate,created,product,high,Substrat,substrate,34.99,0,no,no,no,,Reptisand Red 20lb,enrichir luego publicar,Mapeo directo Clover → sitio (sin cambiar Clover),
183,site_product_clover,NNE9GEH4F4X3C,f31b9121-7781-41cf-88b4-2c4da4b5902c,Z188G Vita Sand Gobi Gold 10lb,Substrat,substrate,created,product,high,Substrat,substrate,19.99,0,no,no,no,,Vita Sand Gobi Gold 10lb,enrichir luego publicar,Mapeo directo Clover → sitio (sin cambiar Clover),
184,site_product_clover,JWKGW4RVY7JW6,9dab0e41-4cf1-45d0-9b54-fdc9fbcd9800,Z188O Vita Sand OutBack Orange 10lb,Substrat,substrate,created,product,high,Substrat,substrate,19.99,0,no,no,no,,Vita Sand OutBack Orange 10lb,enrichir luego publicar,Mapeo directo Clover → sitio (sin cambiar Clover),
185,site_product_clover,3PW0K4WS3JJE4,98a8ef96-6f12-4e4c-9dc0-2ca21a412b3e,Z188S Vita Sand Sahara Slate 10lb,Substrat,substrate,created,product,high,Substrat,substrate,19.99,0,no,no,no,,Vita Sand Sahara Slate 10lb,enrichir luego publicar,Mapeo directo Clover → sitio (sin cambiar Clover),
186,site_product_clover,VHR1XG7WJ70YJ,30c4ad60-4f19-4c51-9836-e4198ee7e531,Z188W Vita Sand Sonoran White 10lb,Substrat,substrate,created,product,high,Substrat,substrate,19.99,0,no,no,no,,Vita Sand Sonoran White 10lb,enrichir luego publicar,Mapeo directo Clover → sitio (sin cambiar Clover),
187,site_product_clover,PTW6Y9ANMY448,8faaea67-a955-4d76-bb25-14a53bf923cd,Z197B Aspen Snake Bedding 8qt,,substrate,created,product,high,Substrat,substrate,11.99,0,no,no,no,,Aspen Snake Bedding 8qt,enrichir luego publicar,"Patrón nombre → Clover ""Substrat"" / sitio ""substrate""",
188,site_product_clover,T2Y9JE15SWJEA,f19b92b3-4dce-46f8-abc7-36fc748f56e1,Z197C Zoomed  Aspen Snake Bedding 24QT,,substrate,created,product,high,Substrat,substrate,29.99,0,no,no,no,Zoo Med,Zoomed  Aspen Snake Bedding 24QT,enrichir luego publicar,"Patrón nombre → Clover ""Substrat"" / sitio ""substrate""",
189,site_product_clover,RZ9NZVB2QV7CJ,af2bed98-2ba6-446d-a140-95e49b121e14,Z199 Zoomed Forest Floor Bed 8QT,Substrat,substrate,created,product,high,Substrat,substrate,15.99,0,no,no,no,Zoo Med,Zoomed Forest Floor Bed 8QT,enrichir luego publicar,Mapeo directo Clover → sitio (sin cambiar Clover),
190,site_product_clover,7NZHW5RET09QP,10dd430b-6744-464e-bb23-7911ac3c1014,"Z200 Substrat de cypres ""Forest Floor"" 24qt.",Substrat,substrate,created,product,high,Substrat,substrate,39.99,0,no,no,no,,"Substrat de cypres ""Forest Floor"" 24qt.",enrichir luego publicar,Mapeo directo Clover → sitio (sin cambiar Clover),
191,site_product_clover,ZXCE5XFG597ZR,c7a915c7-8039-445f-9e14-82171e8b705d,Z200A ZooMed Aquarocks Natural Aquatic Substrate 10 lbs,,substrate,created,product,high,Substrat,substrate,21.99,0,no,no,no,Zoo Med,ZooMed Aquarocks Natural Aquatic Substrate 10 lbs,enrichir luego publicar,"Patrón nombre → Clover ""Substrat"" / sitio ""substrate""",
192,site_product_clover,MDKTRCZNQ92AC,4f96807f-fe66-45d1-a500-5a0066b32ab6,Z205 Terrarium moss Mini bale,Substrat,substrate,created,product,high,Substrat,substrate,45.99,0,no,no,no,,Terrarium moss Mini bale,enrichir luego publicar,Mapeo directo Clover → sitio (sin cambiar Clover),
193,site_product_clover,VGH28KD0XZVT0,ec165664-54ba-4098-907a-e7f9fcd55f10,Z206 Repti Bark 24Qt,Substrat,substrate,created,product,high,Substrat,substrate,40.99,0,no,no,no,,Repti Bark 24Qt,enrichir luego publicar,Mapeo directo Clover → sitio (sin cambiar Clover),
194,site_product_clover,P70NS346J0FEJ,1d3265d6-8e44-4e13-b7b2-2e6d2e0ff513,Z208 Repti Bark 8QT,Substrat,substrate,created,product,high,Substrat,substrate,15.99,0,no,no,no,,Repti Bark 8QT,enrichir luego publicar,Mapeo directo Clover → sitio (sin cambiar Clover),
195,site_product_clover,EC18MW3WF9FXG,28f1bb3d-773a-42ac-a400-66e8e60f238c,Z209 Repti Soil 10 Qt.,Substrat,substrate,created,product,high,Substrat,substrate,15.99,0,no,no,no,,Repti Soil 10 Qt.,enrichir luego publicar,Mapeo directo Clover → sitio (sin cambiar Clover),
196,site_product_clover,AXF9SRRMAQWS2,8f0626d8-5f42-4d93-8834-7dac2582db02,Z209A Zoomed Repti Soil 4Qt,,substrate,created,product,high,Substrat,substrate,7.49,0,no,no,no,Zoo Med,Zoomed Repti Soil 4Qt,enrichir luego publicar,"Patrón nombre → Clover ""Substrat"" / sitio ""substrate""",
197,site_product_clover,8JE3EYH6R0VBW,6b1b5dab-7f81-4579-93bf-bd48bc5cb60a,Z210 Repti Soil 24 Qt.,Substrat,substrate,created,product,high,Substrat,substrate,39.99,0,no,no,no,,Repti Soil 24 Qt.,enrichir luego publicar,Mapeo directo Clover → sitio (sin cambiar Clover),
198,site_product_clover,P9RZ5PH0GK334,6f3699f3-c963-4c71-9191-23d21d706935,Z217 Tropical Bioactive Substrate Kit,Substrat,substrate,created,product,high,Substrat,substrate,29.99,0,no,no,no,,Tropical Bioactive Substrate Kit,enrichir luego publicar,Mapeo directo Clover → sitio (sin cambiar Clover),
199,site_product_clover,BAB1NZYJ6SN6J,df3a319d-0f87-40bb-b586-52c948b59f2d,Z218 / Z865 Zoomed Terrarium Jackfruit Leaf Litter,Substrat,substrate,created,product,high,Substrat,substrate,6.99,0,no,no,no,Zoo Med,Z218 / Z865 Zoomed Terrarium Jackfruit Leaf Litter,enrichir luego publicar,Mapeo directo Clover → sitio (sin cambiar Clover),
200,site_product_clover,CTYHCQ8HY3SMP,50bd8314-c66c-4b33-b715-b3aad918b8f3,Z218A Zoomed Tropical Bioblend 8QT,Substrat,substrate,created,product,high,Substrat,substrate,28.00,0,no,no,no,Zoo Med,Zoomed Tropical Bioblend 8QT,enrichir luego publicar,Mapeo directo Clover → sitio (sin cambiar Clover),
201,site_product_clover,2SJPTD5FMY2TJ,72b2f413-972e-4458-a37f-bf5217594240,Z384 Frog Moss 80cu,Substrat,substrate,created,product,high,Substrat,substrate,12.99,0,no,no,no,,Frog Moss 80cu,enrichir luego publicar,Mapeo directo Clover → sitio (sin cambiar Clover),
202,site_product_clover,92078NGP6Q5BP,f0d331be-1e36-4228-be50-054f13e9bc56,Z385 New Zealand Sphgnum moss L 175cu,Substrat,substrate,created,product,high,Substrat,substrate,29.00,0,no,no,no,,New Zealand Sphgnum moss L 175cu,enrichir luego publicar,Mapeo directo Clover → sitio (sin cambiar Clover),
203,site_product_clover,AP6BKAFDPB3HJ,1a8fe3f0-d2b4-4d88-a4be-2d5d7147f50a,Z385A New Zealand Sphgnum moss 80cu,Substrat,substrate,created,product,high,Substrat,substrate,12.99,0,no,no,no,,New Zealand Sphgnum moss 80cu,enrichir luego publicar,Mapeo directo Clover → sitio (sin cambiar Clover),
204,site_product_clover,A6ZMKRD4N98RP,93aa40fb-34dc-4d68-9131-675b41c65f38,Z950 Creature Soil 1 QT,Substrat,substrate,created,product,high,Substrat,substrate,4.50,0,no,no,no,,Creature Soil 1 QT,enrichir luego publicar,Mapeo directo Clover → sitio (sin cambiar Clover),
205,site_product_clover,MN6N7XZDE0PH8,e79733cb-f453-4843-8512-fc6fb680912f,Z951 Zoomed Creatures Eco Soil (Puck),Substrat,substrate,created,product,high,Substrat,substrate,2.99,0,no,no,no,Zoo Med,Zoomed Creatures Eco Soil (Puck),enrichir luego publicar,Mapeo directo Clover → sitio (sin cambiar Clover),
206,site_product_clover,N9GPBXQ8WG3QG,e5518816-c28b-4a24-bc2b-a3210bbff62d,Z980 Zoomed Terrarium Mesh Small 12x12,Substrat,substrate,created,product,high,Substrat,substrate,5.99,0,no,no,no,Zoo Med,Zoomed Terrarium Mesh Small 12x12,enrichir luego publicar,Mapeo directo Clover → sitio (sin cambiar Clover),
207,site_product_clover,N8HZM67F2BTE8,b3cf6323-7cd3-4138-8321-f5ff2b8740f2,10704 Roche Dragonstone lbs,Roche Et Bois/Cork,decor,created,product,high,Roche Et Bois/Cork,decor,3.99,0,no,no,no,,Roche Dragonstone lbs,enrichir luego publicar,Mapeo directo Clover → sitio (sin cambiar Clover),
208,site_product_clover,NQKNHAS7M1CM8,36b83b38-f909-47b4-bb83-cc64b5645d80,10719 Scenery Rock,Roche Et Bois/Cork,decor,created,product,high,Roche Et Bois/Cork,decor,3.49,0,no,no,no,,Scenery Rock,enrichir luego publicar,Mapeo directo Clover → sitio (sin cambiar Clover),
209,site_product_clover,PPPK3XMWFGE84,3336fa88-958b-448a-a5e7-1dfde5522799,12561 Black Slate par LBS,Roche Et Bois/Cork,decor,created,product,high,Roche Et Bois/Cork,decor,3.49,0,no,no,no,,Black Slate par LBS,enrichir luego publicar,Mapeo directo Clover → sitio (sin cambiar Clover),
210,site_product_clover,RD3DPNEHFENYC,bb027813-e1d8-499d-bac8-dfc8a3cf103c,17066 Plastic Mealworm Dish,Decoration,decor,created,product,high,Decoration,decor,7.65,0,no,no,no,,Plastic Mealworm Dish,enrichir luego publicar,Mapeo directo Clover → sitio (sin cambiar Clover),
211,site_product_clover,K9QD5ZTXXSEWW,a07a1d4f-7d30-4735-8267-3d4a8c4b876e,17093 Le Jungle Vine,Decoration,decor,created,product,high,Decoration,decor,29.99,0,no,no,no,,Le Jungle Vine,enrichir luego publicar,Mapeo directo Clover → sitio (sin cambiar Clover),
212,site_product_clover,DNS1KXT9QZP3G,0270aee2-1110-4733-a722-57c268fd8e71,21976 Jurassic Reptile Coconut Hut Hide,Decoration,decor,created,product,high,Decoration,decor,6.99,0,no,no,no,La Swamp / misc SKU,Jurassic Reptile Coconut Hut Hide,enrichir luego publicar,Mapeo directo Clover → sitio (sin cambiar Clover),
213,site_product_clover,CS8MD1CXA2RMG,363b8c39-502c-4f3a-af39-5318678fa574,2263 Komodo Nano Forest Raintree Habitat Decoration,Decoration,decor,created,product,high,Decoration,decor,9.99,0,no,no,no,,Komodo Nano Forest Raintree Habitat Decoration,enrichir luego publicar,Mapeo directo Clover → sitio (sin cambiar Clover),
214,site_product_clover,S2XC1NCEKB5CM,1636afa2-10b6-4113-9319-2bbe14a12983,2460 Magnet ''Cricket'' in Cricket Box / Grillon Aimant,Decoration,decor,created,product,high,Decoration,decor,11.99,0,no,no,no,,Magnet ''Cricket'' in Cricket Box / Grillon Aimant,enrichir luego publicar,Mapeo directo Clover → sitio (sin cambiar Clover),
215,site_product_clover,6PWGH1E9C8FV8,4045c6ed-5e5d-4941-b100-2c67e123d2e8,2583 Magnet ''Turtle Small'' in Cricket Box / Tortue Aimant,Decoration,decor,created,product,high,Decoration,decor,11.99,0,no,no,no,,Magnet ''Turtle Small'' in Cricket Box / Tortue Aimant,enrichir luego publicar,Mapeo directo Clover → sitio (sin cambiar Clover),
216,site_product_clover,WWAKR5V67D5ZR,4497df67-af22-4010-bd96-2956c0e7a1ba,2668 Magnet ''Ant'' in Cricket Box / Fourmis Aimant,Decoration,decor,created,product,high,Decoration,decor,11.99,0,no,no,no,,Magnet ''Ant'' in Cricket Box / Fourmis Aimant,enrichir luego publicar,Mapeo directo Clover → sitio (sin cambiar Clover),
217,site_product_clover,NP5HW3WZJ481P,73b49f46-0eaf-417b-811b-a875d764cab0,3369 Komodo Magnetic Gecko Dual Feeding Ledge (2 Cups),Decoration,decor,created,product,high,Decoration,decor,59.99,0,no,no,no,,Komodo Magnetic Gecko Dual Feeding Ledge (2 Cups),enrichir luego publicar,Mapeo directo Clover → sitio (sin cambiar Clover),
218,site_product_clover,MDGB2GWAC6NQ6,80966a74-67d1-4484-ae76-49d7a1e1ffa8,35182 Mixed River Pebbles 22lbs,Roche Et Bois/Cork,decor,created,product,high,Roche Et Bois/Cork,decor,36.99,0,no,no,no,,Mixed River Pebbles 22lbs,enrichir luego publicar,Mapeo directo Clover → sitio (sin cambiar Clover),
219,site_product_clover,0R9BZDJJEN2FT,c461216f-2414-44b6-a3ed-aa70e11acef9,46571 Tina Turtle 5'',Decoration,decor,created,product,high,Decoration,decor,11.99,0,no,no,no,,Tina Turtle 5'',enrichir luego publicar,Mapeo directo Clover → sitio (sin cambiar Clover),
220,site_product_clover,NH8ZRWXBN9QDE,ca83a6aa-eb51-4185-ae08-d5be38606de4,61405 Living World TreeHouse Petit,Decoration,decor,created,product,high,Decoration,decor,6.50,0,no,no,no,,Living World TreeHouse Petit,enrichir luego publicar,Mapeo directo Clover → sitio (sin cambiar Clover),
221,site_product_clover,DXSVFGNTKYCC2,3b311171-6ca7-4ba9-804e-ce2a9449b678,61407 Living World TreeHouse Medium,Decoration,decor,created,product,high,Decoration,decor,10.00,0,no,no,no,,Living World TreeHouse Medium,enrichir luego publicar,Mapeo directo Clover → sitio (sin cambiar Clover),
222,site_product_clover,FCDW8J8WFDNCR,e93cfb02-35f2-4fc9-8a47-ae9d6c9d1a65,61409 TreeHouse LW rondins de vrai bois G,Decoration,decor,created,product,high,Decoration,decor,21.50,0,no,no,no,,TreeHouse LW rondins de vrai bois G,enrichir luego publicar,Mapeo directo Clover → sitio (sin cambiar Clover),
223,site_product_clover,H6T6D6EG4MARP,5d9e2354-6b88-4270-bbc3-4f99542527ec,61440 Living World Hutte Hangout Petite,Decoration,decor,created,product,high,Decoration,decor,11.50,0,no,no,no,,Living World Hutte Hangout Petite,enrichir luego publicar,Mapeo directo Clover → sitio (sin cambiar Clover),
224,site_product_clover,MP0MYYTF0DQ2T,c9474c7c-3552-4793-9d72-2d8d4bc663ed,61442 Living World Hutte Hangout Grande,Decoration,decor,created,product,high,Decoration,decor,26.50,0,no,no,no,,Living World Hutte Hangout Grande,enrichir luego publicar,Mapeo directo Clover → sitio (sin cambiar Clover),
225,site_product_clover,H2ZWH2RZMATAG,d2c9ad2d-939c-42e5-abe8-556bfe774bb4,61443 Living World Tapis Hangout Moyen,Decoration,decor,created,product,high,Decoration,decor,8.50,0,no,no,no,,Living World Tapis Hangout Moyen,enrichir luego publicar,Mapeo directo Clover → sitio (sin cambiar Clover),
226,site_product_clover,NEZRA62B9JW5C,49ef08f4-314c-4d45-a04b-6c3bccbae9ff,64135 Fluker's Repta-Leash,Decoration,decor,created,product,high,Decoration,decor,13.50,0,no,no,no,,Fluker's Repta-Leash,enrichir luego publicar,Mapeo directo Clover → sitio (sin cambiar Clover),
227,site_product_clover,FXHH5MRXJGRAM,9a800ebc-39c4-4c9d-ac24-e4ebf6ed1b72,64143 Fluker's Repta-Vines 6' Red Coleus,Decoration,decor,created,product,high,Decoration,decor,19.99,0,no,no,no,,Fluker's Repta-Vines 6' Red Coleus,enrichir luego publicar,Mapeo directo Clover → sitio (sin cambiar Clover),
228,site_product_clover,YE8X2STYK419E,646d04fd-af02-4d92-b325-6cd1794fe83f,72012 La Swamp Philodendron sp. ''Burle Marx Fantasy'',Plante Vivant,decor,created,product,high,Plante Vivant,decor,15.00,0,no,no,no,,La Swamp Philodendron sp. ''Burle Marx Fantasy'',enrichir luego publicar,Mapeo directo Clover → sitio (sin cambiar Clover),
229,site_product_clover,3B7ZZNEYJME66,7c2c7a32-8c05-4e82-9998-67e22bb55ede,72013 La Swamp Selaginella Willdenowii,Plante Vivant,decor,created,product,high,Plante Vivant,decor,20.00,0,no,no,no,,La Swamp Selaginella Willdenowii,enrichir luego publicar,Mapeo directo Clover → sitio (sin cambiar Clover),
230,site_product_clover,3XJHP7ZVMRE4W,1ebc67d6-ca0f-4064-9766-cc8e090946fb,77000 Reptile Treasures Basking Ramp 8 inch,Decoration,decor,created,product,high,Decoration,decor,27.99,0,no,no,no,,Reptile Treasures Basking Ramp 8 inch,enrichir luego publicar,Mapeo directo Clover → sitio (sin cambiar Clover),
231,site_product_clover,3MS56M43TBAA2,332b637e-5deb-4ed3-8e3c-b6281c3da495,77003 Leafy Red Plant,Decoration,decor,created,product,high,Decoration,decor,18.99,0,no,no,no,,Leafy Red Plant,enrichir luego publicar,Mapeo directo Clover → sitio (sin cambiar Clover),
232,site_product_clover,Z9WHFZ44SVF7J,c099a638-1cf7-4072-a58f-6141f45be649,77006 Pothos Plant 60 inch,Decoration,decor,created,product,high,Decoration,decor,15.00,0,no,no,no,,Pothos Plant 60 inch,enrichir luego publicar,Mapeo directo Clover → sitio (sin cambiar Clover),
233,site_product_clover,Y9AE35R1RQWKA,a37db56c-9793-4eb7-92e1-85af601b35c5,77011 Reptile Tressures Cave Hide XL,Decoration,decor,created,product,high,Decoration,decor,49.99,0,no,no,no,,Reptile Tressures Cave Hide XL,enrichir luego publicar,Mapeo directo Clover → sitio (sin cambiar Clover),
234,site_product_clover,6T9J3WVDFTTR4,18dc97b9-402c-4ba0-8f33-ad18198fb47a,77016 Plant mat A 24*16,Decoration,decor,created,product,high,Decoration,decor,36.99,0,no,no,no,,Plant mat A 24*16,enrichir luego publicar,Mapeo directo Clover → sitio (sin cambiar Clover),
235,site_product_clover,N8EBE9Z4W61ZC,96d8e50b-5ca6-4b46-b669-b9f37d36a928,77017 Plant Mat B 24*16,Decoration,decor,created,product,high,Decoration,decor,36.99,0,no,no,no,,Plant Mat B 24*16,enrichir luego publicar,Mapeo directo Clover → sitio (sin cambiar Clover),
236,site_product_clover,9S2M0GKDTV3G2,d235389a-dd22-40c9-b2a9-dbc7b8a52f78,77018 Plant Mat C 24*16,Decoration,decor,created,product,high,Decoration,decor,36.99,0,no,no,no,,Plant Mat C 24*16,enrichir luego publicar,Mapeo directo Clover → sitio (sin cambiar Clover),
237,site_product_clover,71BQYPRBAY5B0,338ef10f-13e4-4e8e-8a75-4a48bb35c7bf,77019 Plant mat D 24*16,Decoration,decor,created,product,high,Decoration,decor,36.99,0,no,no,no,,Plant mat D 24*16,enrichir luego publicar,Mapeo directo Clover → sitio (sin cambiar Clover),
238,site_product_clover,G73AT3JP8TN02,84f73f30-cae5-4a00-af3e-4d5bcf8b871d,8515 Zilla Basking Ledge,Decoration,decor,created,product,high,Decoration,decor,39.99,0,no,no,no,Zilla,Zilla Basking Ledge,enrichir luego publicar,Mapeo directo Clover → sitio (sin cambiar Clover),
239,site_product_clover,82XTRYC2AQPA4,7e854d90-c7d6-4eda-8d4d-86bc9393ad6b,8517 Zilla Basking Platforme cave 11*9*4,Decoration,decor,created,product,high,Decoration,decor,52.99,0,no,no,no,Zilla,Zilla Basking Platforme cave 11*9*4,enrichir luego publicar,Mapeo directo Clover → sitio (sin cambiar Clover),
240,site_product_clover,XJ4VNRMSD4WY2,7d18f799-4219-4937-b050-9090a92dbfef,85516 Komodo Magnetic Gecko Basking Ledge,Decoration,decor,created,product,high,Decoration,decor,66.99,0,no,no,no,,Komodo Magnetic Gecko Basking Ledge,enrichir luego publicar,Mapeo directo Clover → sitio (sin cambiar Clover),
241,site_product_clover,QQCS1FFQ1DF44,50963966-a5cd-44fe-b445-00dea1a53dd6,8785 Japanese Maple Red 24'',Decoration,decor,created,product,high,Decoration,decor,21.99,0,no,no,no,,Japanese Maple Red 24'',enrichir luego publicar,Mapeo directo Clover → sitio (sin cambiar Clover),
242,site_product_clover,W47QEKY9341T0,45c8fb21-f210-4588-a9eb-657b411fd782,Bois De Rivage $0.03 Le Gramme,Decoration,decor,created,product,high,Decoration,decor,0.03,0,no,no,no,,Bois De Rivage $0.03 Le Gramme,enrichir luego publicar,Mapeo directo Clover → sitio (sin cambiar Clover),
243,site_product_demo,,4318b356-9833-4ddc-9420-f9203ea8645a,Branche de liège naturelle,,decor,created,product,medium,Decoration,decor,24.00,15,yes,yes,yes,,Branche de liège naturelle,enrichir / mantener,"Patrón nombre → Clover ""Decoration"" / sitio ""decor""",
244,site_product_clover,APVKJ6Y6T3CKE,73e34c97-6e4b-476a-99f8-4e9d484f6667,Ceramic Bark Large,Decoration,decor,created,product,high,Decoration,decor,22.99,0,no,no,no,,Ceramic Bark Large,enrichir luego publicar,Mapeo directo Clover → sitio (sin cambiar Clover),
245,site_product_clover,R7B16SS5ESFMG,04d2073c-3914-4974-8c65-0760e4c9f8aa,Chandelle Holly Molly,Decoration,decor,created,product,high,Decoration,decor,21.95,0,no,no,no,,Chandelle Holly Molly,enrichir luego publicar,Mapeo directo Clover → sitio (sin cambiar Clover),
246,site_product_clover,42G2VBE4SRD2G,bb124ae0-e252-4adb-9657-6aac3e598079,Cork 22/lb,Decoration,decor,created,product,high,Decoration,decor,1.38,0,no,no,no,,Cork 22/lb,enrichir luego publicar,Mapeo directo Clover → sitio (sin cambiar Clover),
247,site_product_clover,59PFH3ZQRAXJA,d805bfd9-b24b-4d36-839e-8063543ca52a,Cork Retailles Feuilles 1X1,Decoration,decor,created,product,high,Decoration,decor,5.00,0,no,no,no,,Cork Retailles Feuilles 1X1,enrichir luego publicar,Mapeo directo Clover → sitio (sin cambiar Clover),
248,site_product_clover,91N16WJA68CQM,d97588ab-4eb2-4caf-929c-e867eafdb113,DC21 Natural Cork Flat Small (6-8),Decoration,decor,created,product,high,Decoration,decor,16.99,0,no,no,no,,Natural Cork Flat Small (6-8),enrichir luego publicar,Mapeo directo Clover → sitio (sin cambiar Clover),
249,site_product_clover,2FPC8085STPJR,4479e03b-23cc-437a-b3db-79cf940aa6c3,DC41 Natural Cork Background 12x18,Decoration,decor,created,product,high,Decoration,decor,41.99,0,no,no,no,,Natural Cork Background 12x18,enrichir luego publicar,Mapeo directo Clover → sitio (sin cambiar Clover),
250,site_product_clover,S07FWFBB4XP3T,213a7dd4-2071-41e1-9213-6fcb75e14786,DC46 Natural Cork Background 18x24,Decoration,decor,created,product,high,Decoration,decor,83.99,0,no,no,no,,Natural Cork Background 18x24,enrichir luego publicar,Mapeo directo Clover → sitio (sin cambiar Clover),
251,site_product_clover,67R4ZBGZG6RYT,fb54440b-0d7e-4f58-8399-1265c3956cf7,DG142 Reptile Hide Box Small,Decoration,decor,created,product,high,Decoration,decor,4.99,0,no,no,no,,Reptile Hide Box Small,enrichir luego publicar,Mapeo directo Clover → sitio (sin cambiar Clover),
252,site_product_clover,0QA6VP1Q0Q2YJ,37b1942e-484f-43f3-b6ad-84aa1e606059,DG143 Reptile Hide Box Médium,Decoration,decor,created,product,high,Decoration,decor,7.99,0,no,no,no,,Reptile Hide Box Médium,enrichir luego publicar,Mapeo directo Clover → sitio (sin cambiar Clover),
253,site_product_clover,FC1Y2QM2CYBDM,4d65d5a0-0420-4a52-ae4b-e16dc4d178ee,DG144 Reptile Hide Box Large,Decoration,decor,created,product,high,Decoration,decor,13.99,0,no,no,no,,Reptile Hide Box Large,enrichir luego publicar,Mapeo directo Clover → sitio (sin cambiar Clover),
254,site_product_clover,M3EQE85YC29W6,bfbdcddf-3a02-4f4e-9589-f7227c700c64,DG145 Reptile Hide Box XL,Decoration,decor,created,product,high,Decoration,decor,19.99,0,no,no,no,,Reptile Hide Box XL,enrichir luego publicar,Mapeo directo Clover → sitio (sin cambiar Clover),
255,site_product_clover,6PZYD4DC86Y2C,c987cfe7-5665-4fc9-9f08-3ce11af0cb13,DG162 Bol D'eau Gator Medium,Decoration,decor,created,product,high,Decoration,decor,6.99,0,no,no,no,,Bol D'eau Gator Medium,enrichir luego publicar,Mapeo directo Clover → sitio (sin cambiar Clover),
256,site_product_clover,SHVMBR7DHHTC6,8c851c8c-02d1-492a-805d-9035d7eec482,DG163 Bol D'eau Gator Large,Decoration,decor,created,product,high,Decoration,decor,10.99,0,no,no,no,,Bol D'eau Gator Large,enrichir luego publicar,Mapeo directo Clover → sitio (sin cambiar Clover),
257,site_product_clover,CXW5TR25FY1D4,10f3e735-d391-444b-8dc1-50fb7a74eeaf,HO-W Pangea Hanging Orchids - White,Decoration,decor,created,product,high,Decoration,decor,23.99,0,no,no,no,,HO-W Pangea Hanging Orchids - White,enrichir luego publicar,Mapeo directo Clover → sitio (sin cambiar Clover),
258,site_product_clover,GQ0MWYZFRSA76,a7900477-954f-4564-b367-b210d439c5d5,HO-Y Pangea Hanging Orchids - Yellow,Decoration,decor,created,product,high,Decoration,decor,23.99,0,no,no,no,,HO-Y Pangea Hanging Orchids - Yellow,enrichir luego publicar,Mapeo directo Clover → sitio (sin cambiar Clover),
259,site_product_clover,VRKV9B6YBKMW6,d9c82a32-4f19-47cd-a3ab-a581e123a5b1,JFD58195 Josh's Frogs Coco Flexi-Bridge 20x4,Decoration,decor,created,product,high,Decoration,decor,48.99,0,no,no,no,,JFD58195 Josh's Frogs Coco Flexi-Bridge 20x4,enrichir luego publicar,Mapeo directo Clover → sitio (sin cambiar Clover),
260,site_product_clover,K6JCRPMS5J5XM,f04a33ea-d4e3-478a-ad01-7f0172700ca9,La Swamp - Pods - Banana Stems (4x),Decoration,decor,created,product,high,Decoration,decor,8.00,0,no,no,no,,La Swamp - Pods - Banana Stems (4x),enrichir luego publicar,Mapeo directo Clover → sitio (sin cambiar Clover),
261,site_product_demo,,b188ea57-4ad3-43ab-ae4a-c2a6d3b48a74,Lampe UVB 10.0,,decor,created,product,high,Lumiere,lighting,45.00,20,yes,yes,yes,,Lampe UVB 10.0,enrichir / mantener,"Patrón nombre → Clover ""Lumiere"" / sitio ""lighting""",
262,site_product_clover,HKYW00Y0AM4EM,dd09d253-a71f-4a8b-872d-7bbe5594218c,NC102 Newcal Pet Live Oak Leaf Litter 1.5oz,Decoration,decor,created,product,high,Decoration,decor,16.00,0,no,no,no,,Newcal Pet Live Oak Leaf Litter 1.5oz,enrichir luego publicar,Mapeo directo Clover → sitio (sin cambiar Clover),
263,site_product_clover,1JBHFZFTBVGH0,d18622de-7b6f-470c-91e9-d9fa80fc37af,NC103 Newcal Pet Live Oak Leaf Litter 4QT (3.78L),Decoration,decor,created,product,high,Decoration,decor,29.00,0,no,no,no,,Newcal Pet Live Oak Leaf Litter 4QT (3.78L),enrichir luego publicar,Mapeo directo Clover → sitio (sin cambiar Clover),
264,site_product_clover,HTMJS4F9RXH2E,ababca12-ee24-402b-b2b9-03dcff3bd72c,NC201 Newcal Pet Alder Cones 1oz,Decoration,decor,created,product,high,Decoration,decor,15.00,0,no,no,no,,Newcal Pet Alder Cones 1oz,enrichir luego publicar,Mapeo directo Clover → sitio (sin cambiar Clover),
265,site_product_clover,RSQY492W1M226,08f2ab46-99cb-4bcc-869f-2cee88c69890,NC203 Newcal Pet Badam Jungle Pods (Pack of 2),Decoration,decor,created,product,high,Decoration,decor,11.00,0,no,no,no,,Newcal Pet Badam Jungle Pods (Pack of 2),enrichir luego publicar,Mapeo directo Clover → sitio (sin cambiar Clover),
266,site_product_clover,HV6EGZ8MKFGWC,6e16ffc8-4446-45e3-ae56-8dfe9424959f,NC205 Newcal Pet Bakuli Pods 1oz,Decoration,decor,created,product,high,Decoration,decor,9.75,0,no,no,no,,Newcal Pet Bakuli Pods 1oz,enrichir luego publicar,Mapeo directo Clover → sitio (sin cambiar Clover),
267,site_product_clover,XHH2R7MWMS3WJ,1150c945-8434-4d6b-8147-68e219526aec,NC207 Newcal Pet Bell Cups 2-3 (Pack of 3),Decoration,decor,created,product,high,Decoration,decor,11.00,0,no,no,no,,Newcal Pet Bell Cups 2-3 (Pack of 3),enrichir luego publicar,Mapeo directo Clover → sitio (sin cambiar Clover),
268,site_product_clover,2SB3H5P0CPH30,db3b2c71-68db-4871-89b3-bd0bfc34bf10,NC209 Newcal Pet Button Pods 1.5oz,Decoration,decor,created,product,high,Decoration,decor,9.75,0,no,no,no,,Newcal Pet Button Pods 1.5oz,enrichir luego publicar,Mapeo directo Clover → sitio (sin cambiar Clover),
269,site_product_clover,Q0XSK3FC6MKX4,4d00cf3f-0a77-48f4-bf34-790009ee56b3,NC211 Newcal Pet Buddha Nut 4,Decoration,decor,created,product,high,Decoration,decor,9.75,0,no,no,no,,Newcal Pet Buddha Nut 4,enrichir luego publicar,Mapeo directo Clover → sitio (sin cambiar Clover),
270,site_product_clover,CPBFCXQ0KTZJG,7e24572c-5225-4c82-ae24-dddf1b75d993,NC215 Newcal Pet Casuarina Cones 1oz,Decoration,decor,created,product,high,Decoration,decor,13.00,0,no,no,no,,Newcal Pet Casuarina Cones 1oz,enrichir luego publicar,Mapeo directo Clover → sitio (sin cambiar Clover),
271,site_product_clover,H552K2WYQVW30,4643e44b-20c5-49f5-b5a8-ee6a655467c7,NC217 Newcal Pet Coco Hair 1oz,Decoration,decor,created,product,high,Decoration,decor,9.75,0,no,no,no,,Newcal Pet Coco Hair 1oz,enrichir luego publicar,Mapeo directo Clover → sitio (sin cambiar Clover),
272,site_product_clover,KHCVESDAG0VB4,d0164b92-6f4f-4cf1-9903-1ac6603902dd,NC219 Newcal Pet Coco Flowers 1oz,Decoration,decor,created,product,high,Decoration,decor,9.75,0,no,no,no,,Newcal Pet Coco Flowers 1oz,enrichir luego publicar,Mapeo directo Clover → sitio (sin cambiar Clover),
273,site_product_clover,Z3N4EYB79NMNJ,88959826-e437-44e6-b16d-cc954e41747f,NC223 Newcal Pet Coco Petals 1oz,Decoration,decor,created,product,high,Decoration,decor,9.75,0,no,no,no,,Newcal Pet Coco Petals 1oz,enrichir luego publicar,Mapeo directo Clover → sitio (sin cambiar Clover),
274,site_product_clover,ZA702BSD8Z40C,85bbec61-5763-41bb-af90-c02b481bb48c,NC225 Newcal Pet Curly Pods 0.5 oz,Decoration,decor,created,product,high,Decoration,decor,9.75,0,no,no,no,,Newcal Pet Curly Pods 0.5 oz,enrichir luego publicar,Mapeo directo Clover → sitio (sin cambiar Clover),
275,site_product_clover,1QV6JSJN3FEBR,fbb22973-01b1-4eb0-acba-7f182142709d,NC227 Newcal Pet Ear Pod 1oz,Decoration,decor,created,product,high,Decoration,decor,9.75,0,no,no,no,,Newcal Pet Ear Pod 1oz,enrichir luego publicar,Mapeo directo Clover → sitio (sin cambiar Clover),
276,site_product_clover,ZW46R9XSHPMV0,4420a231-1fec-420f-9614-ae89882988f8,NC229 Newcal Pet Fusilli Pods 1oz,Decoration,decor,created,product,high,Decoration,decor,9.75,0,no,no,no,,Newcal Pet Fusilli Pods 1oz,enrichir luego publicar,Mapeo directo Clover → sitio (sin cambiar Clover),
277,site_product_clover,MAXTRA7GDB9Z4,d8a3d428-84f5-4aca-bb06-019fc45ff594,NC231 Newcal Pet Jhinga Pod 4-6 (Pack of 2),Decoration,decor,created,product,high,Decoration,decor,11.00,0,no,no,no,,Newcal Pet Jhinga Pod 4-6 (Pack of 2),enrichir luego publicar,Mapeo directo Clover → sitio (sin cambiar Clover),
278,site_product_clover,04DDC4V47PZ9W,334f0f0b-e59a-44d7-8b02-b75d3839623d,NC233 Newcal Pet Kuchila Pods (Pack of 5),Decoration,decor,created,product,high,Decoration,decor,12.00,0,no,no,no,,Newcal Pet Kuchila Pods (Pack of 5),enrichir luego publicar,Mapeo directo Clover → sitio (sin cambiar Clover),
279,site_product_clover,E44PTN0WA423T,dc0f589c-4849-4768-92ee-af6b3058f86b,NC235 Newcal Pet Lafi Pods 1oz,Decoration,decor,created,product,high,Decoration,decor,9.75,0,no,no,no,,Newcal Pet Lafi Pods 1oz,enrichir luego publicar,Mapeo directo Clover → sitio (sin cambiar Clover),
280,site_product_clover,2TRA47KAM2XQ4,6986290d-ce3f-48b3-9cab-68c1d4b9c886,NC237 Newcal Pet Land Lotus Flower (Pack of 3),Decoration,decor,created,product,high,Decoration,decor,12.00,0,no,no,no,,Newcal Pet Land Lotus Flower (Pack of 3),enrichir luego publicar,Mapeo directo Clover → sitio (sin cambiar Clover),
281,site_product_clover,3ZP3HEVVY1VAR,56b647b9-8a89-4b02-86d8-fc8ee4e63fe4,NC240 Newcal Pet Mini Lotus Pods (Pack of 10),Decoration,decor,created,product,high,Decoration,decor,9.75,0,no,no,no,,Newcal Pet Mini Lotus Pods (Pack of 10),enrichir luego publicar,Mapeo directo Clover → sitio (sin cambiar Clover),
282,site_product_clover,RKW4M7RSDSADE,ff42f963-e3ae-4781-967c-9dbce18fd193,NC243 Newcal Pet Lotus Flower Petals (1oz),Decoration,decor,created,product,high,Decoration,decor,9.75,0,no,no,no,,Newcal Pet Lotus Flower Petals (1oz),enrichir luego publicar,Mapeo directo Clover → sitio (sin cambiar Clover),
283,site_product_clover,03XH1AQ2VMWY6,a68198a3-7651-45fd-b292-0716fb6c266c,NC249 Newcal Pet Mahogany Stars 1oz,Decoration,decor,created,product,high,Decoration,decor,9.75,0,no,no,no,,Newcal Pet Mahogany Stars 1oz,enrichir luego publicar,Mapeo directo Clover → sitio (sin cambiar Clover),
284,site_product_clover,53CKXCMC8894G,e331a4fe-9137-4164-bf65-edc02da7aa0b,NC253 Newcal Pet Palm Fruit 1oz,Decoration,decor,created,product,high,Decoration,decor,9.75,0,no,no,no,,Newcal Pet Palm Fruit 1oz,enrichir luego publicar,Mapeo directo Clover → sitio (sin cambiar Clover),
285,site_product_clover,SPY7FR3VEH9EJ,12a45f66-8979-41a1-837f-380bc747149b,NC255 Newcal Pet Palm Petals 1oz,Decoration,decor,created,product,high,Decoration,decor,11.00,0,no,no,no,,Newcal Pet Palm Petals 1oz,enrichir luego publicar,Mapeo directo Clover → sitio (sin cambiar Clover),
286,site_product_clover,RSA4S9PJ0HD7C,fedf27f2-8a87-4c0c-89e8-75a1bd3feb88,NC257 Newcal Pet Mini Pumpin Pods 1oz,Decoration,decor,created,product,high,Decoration,decor,9.75,0,no,no,no,,Newcal Pet Mini Pumpin Pods 1oz,enrichir luego publicar,Mapeo directo Clover → sitio (sin cambiar Clover),
287,site_product_clover,3D1GXERMWSVQR,45371fa0-c297-4ac9-9664-84d6fd3dfb5b,NC259 Newcal Pet Purple Cluster Pods 0.5oz,Decoration,decor,created,product,high,Decoration,decor,9.75,0,no,no,no,,Newcal Pet Purple Cluster Pods 0.5oz,enrichir luego publicar,Mapeo directo Clover → sitio (sin cambiar Clover),
288,site_product_clover,30TW9CRP6K7RY,f4a7ba76-4817-47f1-8dd2-16c97f589a37,NC261 Newcal Pet Mini Purple Cluster Pods 0.5oz,Decoration,decor,created,product,high,Decoration,decor,9.75,0,no,no,no,,Newcal Pet Mini Purple Cluster Pods 0.5oz,enrichir luego publicar,Mapeo directo Clover → sitio (sin cambiar Clover),
289,site_product_clover,FPSF53WG4R1DY,87ab41eb-c773-41d9-a766-aeb44873802b,NC263 Newcal Pet Pear Pods 1.5oz,Decoration,decor,created,product,high,Decoration,decor,9.75,0,no,no,no,,Newcal Pet Pear Pods 1.5oz,enrichir luego publicar,Mapeo directo Clover → sitio (sin cambiar Clover),
290,site_product_clover,YAW9CMEW64CHM,47d57605-efa9-493f-b1fb-970540e35d1a,NC265 Newcal Pet Rabbits Ear (Pack of 3),Decoration,decor,created,product,high,Decoration,decor,11.00,0,no,no,no,,Newcal Pet Rabbits Ear (Pack of 3),enrichir luego publicar,Mapeo directo Clover → sitio (sin cambiar Clover),
291,site_product_clover,9S37JEK5GSSBT,b9971e3a-6762-4d37-a7d4-d6baab09269c,NC267 Newcal Pet Ram's Head Seed Pod 4-7 (Pack of 2),Decoration,decor,created,product,high,Decoration,decor,11.00,0,no,no,no,,Newcal Pet Ram's Head Seed Pod 4-7 (Pack of 2),enrichir luego publicar,Mapeo directo Clover → sitio (sin cambiar Clover),
292,site_product_clover,QP1NZCFY7RTAW,66983e5b-7dd2-4f0b-956e-9044dfaa6428,NC269 Newcal Pet Rod Pods 0.5oz,Decoration,decor,created,product,high,Decoration,decor,9.75,0,no,no,no,,Newcal Pet Rod Pods 0.5oz,enrichir luego publicar,Mapeo directo Clover → sitio (sin cambiar Clover),
293,site_product_clover,CGYC5ZVV5FX78,08c7f32f-938e-4274-b8ce-49df0ac29a33,NC273 Newcal Pet Twisted Spring 1oz,Decoration,decor,created,product,high,Decoration,decor,11.00,0,no,no,no,,Newcal Pet Twisted Spring 1oz,enrichir luego publicar,Mapeo directo Clover → sitio (sin cambiar Clover),
294,site_product_clover,BBGM2WEACSQG4,f6bc3d90-73f8-4a1a-a708-3fe8ecf69259,NC275 Newcal Pet Velvet Spring 1oz,Decoration,decor,created,product,high,Decoration,decor,9.75,0,no,no,no,,Newcal Pet Velvet Spring 1oz,enrichir luego publicar,Mapeo directo Clover → sitio (sin cambiar Clover),
295,site_product_clover,DNZN5DW0AJP3R,ee1fcfc1-b549-4c02-b99e-484061cd2244,NC277 Newcal Pet Walachi Pods 1oz,Decoration,decor,created,product,high,Decoration,decor,9.75,0,no,no,no,,Newcal Pet Walachi Pods 1oz,enrichir luego publicar,Mapeo directo Clover → sitio (sin cambiar Clover),
296,site_product_clover,A451R7KZ8SH0R,dd650975-b690-4d30-aae3-73eb1c55867f,NC279 Newcal Pet Golden Mushrooms (Pack of 4),Decoration,decor,created,product,high,Decoration,decor,11.00,0,no,no,no,,Newcal Pet Golden Mushrooms (Pack of 4),enrichir luego publicar,Mapeo directo Clover → sitio (sin cambiar Clover),
297,site_product_clover,4RFK329R9JNPA,44cd4a04-7031-4f79-87b2-2798953bd721,NC281 Newcal Pet Mini Sponge Mushrooms (Pack of 3),Decoration,decor,created,product,high,Decoration,decor,9.75,0,no,no,no,,Newcal Pet Mini Sponge Mushrooms (Pack of 3),enrichir luego publicar,Mapeo directo Clover → sitio (sin cambiar Clover),
298,site_product_clover,PNB55DEXA5YFT,7dae308c-3a88-45f8-9f53-3872b05968c3,NC412 Newcal Pet Liana Banana Stick 24'',Decoration,decor,created,product,high,Decoration,decor,11.00,0,no,no,no,,Newcal Pet Liana Banana Stick 24'',enrichir luego publicar,Mapeo directo Clover → sitio (sin cambiar Clover),
299,site_product_clover,2JCER1M4W2088,34ff02f9-c021-43dd-aea3-4e4d4366486a,NC422 Newcal Pet Palm Blossom Branch 15+,Decoration,decor,created,product,high,Decoration,decor,11.00,0,no,no,no,,Newcal Pet Palm Blossom Branch 15+,enrichir luego publicar,Mapeo directo Clover → sitio (sin cambiar Clover),
300,site_product_clover,RB1VMSGGBFGQP,0fa0cadd-cd90-46fd-955c-0857ef72d552,NC441 Newcal Pet Cactus Bark Sheet 2oz,Decoration,decor,created,product,high,Decoration,decor,11.00,0,no,no,no,,Newcal Pet Cactus Bark Sheet 2oz,enrichir luego publicar,Mapeo directo Clover → sitio (sin cambiar Clover),
301,site_product_clover,W31C6W3D8A8D2,dc2d38e7-486a-4579-ba0c-15112c8a8117,NC461 Newcal Pet Escada Wood 12'',Decoration,decor,created,product,high,Decoration,decor,21.50,0,no,no,no,,Newcal Pet Escada Wood 12'',enrichir luego publicar,Mapeo directo Clover → sitio (sin cambiar Clover),
302,site_product_clover,FGCMN4Z4EP0QR,ff062732-2de6-476d-bb94-b410ccf7b357,NC491 Newcal Pet Natraj Wood 22+,Decoration,decor,created,product,high,Decoration,decor,11.00,0,no,no,no,,Newcal Pet Natraj Wood 22+,enrichir luego publicar,Mapeo directo Clover → sitio (sin cambiar Clover),
303,site_product_clover,5WFFYSXAQJDKG,41796653-a714-41d0-b930-fdc535d985a8,NC501 Newcal Pet Palm Torch 12+,Decoration,decor,created,product,high,Decoration,decor,9.75,0,no,no,no,,Newcal Pet Palm Torch 12+,enrichir luego publicar,Mapeo directo Clover → sitio (sin cambiar Clover),
304,site_product_clover,VF7GYFP90ZMT6,60c2acc0-96ed-45ed-a917-963f3a1c784c,PP1632 Myriophylle Bresilien vert 12po,Decoration,decor,created,product,high,Decoration,decor,6.99,0,no,no,no,,Myriophylle Bresilien vert 12po,enrichir luego publicar,Mapeo directo Clover → sitio (sin cambiar Clover),
305,site_product_clover,CRBY3NP2AYW84,8275761c-35a2-47db-a94a-3e6dfc4aa659,PP1633 Myriophylle Bresilien vert 16po,Decoration,decor,created,product,high,Decoration,decor,8.99,0,no,no,no,,Myriophylle Bresilien vert 16po,enrichir luego publicar,Mapeo directo Clover → sitio (sin cambiar Clover),
306,site_product_clover,K8KTCFH060V72,a8bb4cd1-3172-4034-b8b4-001cea375ecd,PP1640 Myriophylle Bresilien vert 8po,Decoration,decor,created,product,high,Decoration,decor,14.99,0,no,no,no,,Myriophylle Bresilien vert 8po,enrichir luego publicar,Mapeo directo Clover → sitio (sin cambiar Clover),
307,site_product_clover,4Y5MBJ1Q0TPJ6,52baf02b-d4eb-4ad4-b822-12e70c47cfa5,PP1643 grand Bacopa 8po,Decoration,decor,created,product,high,Decoration,decor,14.99,0,no,no,no,,grand Bacopa 8po,enrichir luego publicar,Mapeo directo Clover → sitio (sin cambiar Clover),
308,site_product_clover,GPY8ZAPZSQETW,ddf2f8a6-8e0c-49b9-bf5d-173380409dcf,PT2492 Plante a ruissellement Exo Grand,Decoration,decor,created,product,high,Decoration,decor,65.99,0,no,no,no,Exo Terra,Plante a ruissellement Exo Grand,enrichir luego publicar,Mapeo directo Clover → sitio (sin cambiar Clover),
309,site_product_clover,73A0NJGNP2972,98304df9-01fc-46e7-8be5-ffcf72d2b9d4,PT2843 Glow Mushrooms,Decoration,decor,created,product,high,Decoration,decor,38.99,0,no,no,no,Exo Terra,Glow Mushrooms,enrichir luego publicar,Mapeo directo Clover → sitio (sin cambiar Clover),
310,site_product_clover,APMNK36B3Q4Y2,9b8c689a-c5b1-45b7-86a2-dc5798ab5ea1,PT2971 Fougere nid oiseau EXO TERRA,Decoration,decor,created,product,high,Decoration,decor,12.49,0,no,no,no,Exo Terra,Fougere nid oiseau EXO TERRA,enrichir luego publicar,Mapeo directo Clover → sitio (sin cambiar Clover),
311,site_product_clover,C4YX61SVQN07R,20bff0eb-f94f-4222-8271-d5a7cd882e5c,PT2972 Buis Calcarea EXO TERRA,Decoration,decor,created,product,high,Decoration,decor,12.49,0,no,no,no,Exo Terra,Buis Calcarea EXO TERRA,enrichir luego publicar,Mapeo directo Clover → sitio (sin cambiar Clover),
312,site_product_clover,K59HS7CTQBN0W,d909b3e6-b012-4e65-a451-e29a3fa42056,PT3802 Talus Pour Tortues Exo Terra Grand,Decoration,decor,created,product,high,Decoration,decor,71.99,0,no,no,no,Exo Terra,Talus Pour Tortues Exo Terra Grand,enrichir luego publicar,Mapeo directo Clover → sitio (sin cambiar Clover),
313,site_product_clover,P016YBQHFS1KW,3c15bc05-72ac-4e9f-94ce-d7b6aa4f33e8,Pinguicula Agnata,Plante Vivant,decor,created,product,high,Plante Vivant,decor,25.00,0,no,no,no,,Pinguicula Agnata,enrichir luego publicar,Mapeo directo Clover → sitio (sin cambiar Clover),
314,site_product_clover,61TD1THB8GZ80,cf2a3dfe-199f-4bb8-a60a-8185c8ee1ae2,Pinguicula Agnata x Zecheri,Plante Vivant,decor,created,product,high,Plante Vivant,decor,25.00,0,no,no,no,,Pinguicula Agnata x Zecheri,enrichir luego publicar,Mapeo directo Clover → sitio (sin cambiar Clover),
315,site_product_clover,BWHXK1F75P66T,6f2283b0-a8e6-4653-8959-6ddffd726e4d,Pinguicula Estrellita,Plante Vivant,decor,created,product,high,Plante Vivant,decor,25.00,0,no,no,no,,Pinguicula Estrellita,enrichir luego publicar,Mapeo directo Clover → sitio (sin cambiar Clover),
316,site_product_clover,H3ZATWPVBTSFP,7155c717-33f2-41d9-9660-333706f24202,Pinguicula Gypsicola x Sethos,Plante Vivant,decor,created,product,high,Plante Vivant,decor,30.00,0,no,no,no,,Pinguicula Gypsicola x Sethos,enrichir luego publicar,Mapeo directo Clover → sitio (sin cambiar Clover),
317,site_product_clover,X0QQZCB9G5V0A,973f1c14-f633-4752-a738-bef19f6c1eb1,Pinguicula Moranensis,Plante Vivant,decor,created,product,high,Plante Vivant,decor,25.00,0,no,no,no,,Pinguicula Moranensis,enrichir luego publicar,Mapeo directo Clover → sitio (sin cambiar Clover),
318,site_product_clover,JMFX8X16H4DFP,aa93ed0b-e30c-4c37-bcc9-17face4043f0,RR4248 Komodo Turtle Ramp,Decoration,decor,created,product,high,Decoration,decor,64.99,0,no,no,no,,Komodo Turtle Ramp,enrichir luego publicar,Mapeo directo Clover → sitio (sin cambiar Clover),
319,site_product_demo,,24a35afc-8150-42d7-b4a4-7ebf75bde181,Tapis chauffant 8W,,decor,created,product,high,Lumiere,lighting,32.00,18,yes,yes,yes,,Tapis chauffant 8W,enrichir / mantener,"Patrón nombre → Clover ""Lumiere"" / sitio ""lighting""",
320,site_product_clover,2JF71AZ9PKBE8,e1b65042-6ea3-4ffd-9852-068016dd79f8,Z149 Naturalistic Terrarium Waterfall Kit,Decoration,decor,created,product,high,Decoration,decor,40.99,0,no,no,no,,Naturalistic Terrarium Waterfall Kit,enrichir luego publicar,Mapeo directo Clover → sitio (sin cambiar Clover),
321,site_product_clover,FGFNGZFAD85VY,c89e8344-b814-4838-bc63-f1cf8cdc6ed6,Z157M Floating Aquarium Log Md,Decoration,decor,created,product,high,Decoration,decor,38.99,0,no,no,no,,Floating Aquarium Log Md,enrichir luego publicar,Mapeo directo Clover → sitio (sin cambiar Clover),
322,site_product_clover,21Q9BYPXYYGZJ,fdded329-0849-4a88-b6fc-c0124e0a913b,Z159L Turtle Dock Large,Decoration,decor,created,product,high,Decoration,decor,62.99,0,no,no,no,,Turtle Dock Large,enrichir luego publicar,Mapeo directo Clover → sitio (sin cambiar Clover),
323,site_product_clover,5JWFTD6AYRSKY,5b00ae97-de40-4d4f-a2e1-1cd1720b69ef,Z182K Cavern Kit with Excavator,Decoration,decor,created,product,high,Decoration,decor,19.99,0,no,no,no,,Cavern Kit with Excavator,enrichir luego publicar,Mapeo directo Clover → sitio (sin cambiar Clover),
324,site_product_clover,SF435CF8P0K82,7c3fabe5-c9b0-40ba-a885-1929a97dbcae,Z275A Nat. Flora Fireball Bromeliad,Decoration,decor,created,product,high,Decoration,decor,13.99,0,no,no,no,,Nat. Flora Fireball Bromeliad,enrichir luego publicar,Mapeo directo Clover → sitio (sin cambiar Clover),
325,site_product_clover,6WBCTPY5ZRX4W,0b6dcbdd-3b8a-4799-a31f-a748fec9fe20,Z275B Nat. Flora Chestnut Bromeliad,Decoration,decor,created,product,high,Decoration,decor,13.99,0,no,no,no,,Nat. Flora Chestnut Bromeliad,enrichir luego publicar,Mapeo directo Clover → sitio (sin cambiar Clover),
326,site_product_clover,1TAPQ6G86YR7R,517771e5-bf2a-49aa-9216-d2d652807534,Z275C  Nat. Flora Lace Fern,Decoration,decor,created,product,high,Decoration,decor,15.99,0,no,no,no,,Nat. Flora Lace Fern,enrichir luego publicar,Mapeo directo Clover → sitio (sin cambiar Clover),
327,site_product_clover,D7KD7A8GK7MGR,ad8a9011-741a-4f99-b082-8a9f4ca9d517,Z275D  Nat. Flora Sword Fern,Decoration,decor,created,product,high,Decoration,decor,15.99,0,no,no,no,,Nat. Flora Sword Fern,enrichir luego publicar,Mapeo directo Clover → sitio (sin cambiar Clover),
328,site_product_clover,T6JNPEBXTBJFM,57f8aacd-53b2-45c7-9ad3-5e969b5b5941,Z275E Nat. Flora Tillandsia Air Plant,Decoration,decor,created,product,high,Decoration,decor,15.99,0,no,no,no,,Nat. Flora Tillandsia Air Plant,enrichir luego publicar,Mapeo directo Clover → sitio (sin cambiar Clover),
329,site_product_clover,40TM012EA40TG,df542a24-cbe8-4ae2-b333-198f7210262d,Z275F  Nat. Flora Staghorn Fern,Decoration,decor,created,product,high,Decoration,decor,19.49,0,no,no,no,,Nat. Flora Staghorn Fern,enrichir luego publicar,Mapeo directo Clover → sitio (sin cambiar Clover),
330,site_product_clover,XTX29QA53WMDJ,05cd519c-ed17-4c4f-ab51-0f087e41259e,Z316G Repti Hammock,Decoration,decor,created,product,high,Decoration,decor,22.99,0,no,no,no,,Repti Hammock,enrichir luego publicar,Mapeo directo Clover → sitio (sin cambiar Clover),
331,site_product_clover,S842DGXJG7B3E,dc77abed-781a-4e3a-a107-be078d14502a,Z317 Repti Hammock,Decoration,decor,created,product,high,Decoration,decor,14.99,0,no,no,no,,Repti Hammock,enrichir luego publicar,Mapeo directo Clover → sitio (sin cambiar Clover),
332,site_product_clover,VF7Y917CJ8QCW,987c7699-ef33-422c-962b-89e59b7c16a4,Z325 Zoomed Habba Hut (small),Roche Et Bois/Cork,decor,created,product,high,Roche Et Bois/Cork,decor,8.99,0,no,no,no,Zoo Med,Zoomed Habba Hut (small),enrichir luego publicar,Mapeo directo Clover → sitio (sin cambiar Clover),
333,site_product_clover,9KSJBPSYN93YT,2eff5910-2017-4602-add5-b0fba1d92194,Z326  Zoomed Habba Hut Medium,Roche Et Bois/Cork,decor,created,product,high,Roche Et Bois/Cork,decor,9.99,0,no,no,no,Zoo Med,Zoomed Habba Hut Medium,enrichir luego publicar,Mapeo directo Clover → sitio (sin cambiar Clover),
334,site_product_clover,K1PY7FZSTDSGP,b42fd293-c3fb-4c5b-a2ff-a42cf5bf58ef,Z327 Zoomed Habba Hut Large,Roche Et Bois/Cork,decor,created,product,high,Roche Et Bois/Cork,decor,16.49,0,no,no,no,Zoo Med,Zoomed Habba Hut Large,enrichir luego publicar,Mapeo directo Clover → sitio (sin cambiar Clover),
335,site_product_clover,EK7J28XED33CM,669098cb-610b-407b-a869-10b606f7ab80,Z328 Zoomed Habba Hut X-Large,Roche Et Bois/Cork,decor,created,product,high,Roche Et Bois/Cork,decor,21.49,0,no,no,no,Zoo Med,Zoomed Habba Hut X-Large,enrichir luego publicar,Mapeo directo Clover → sitio (sin cambiar Clover),
336,site_product_clover,2H0J3A4HSJZBC,104c34e6-f953-40a3-b790-fbcdca5661f6,Zoomed Repti Rock Water Dish XS,Decoration,decor,created,product,high,Decoration,decor,5.99,0,no,no,no,Zoo Med,Zoomed Repti Rock Water Dish XS,enrichir luego publicar,Mapeo directo Clover → sitio (sin cambiar Clover),
337,site_product_clover,2WFTVQSNCNBYG,fe079ae4-e3e1-4127-a307-e84bc56903c7,bamboo 2$/pied,Decoration,decor,created,product,high,Decoration,decor,2.00,0,no,no,no,,bamboo 2$/pied,enrichir luego publicar,Mapeo directo Clover → sitio (sin cambiar Clover),
338,site_product_clover,6C71VV9S8Q01W,778fa236-6451-4e47-bdf2-c6e17d163d6b,kaytee wheel,Decoration,decor,created,product,high,Decoration,decor,28.50,0,no,no,no,,kaytee wheel,enrichir luego publicar,Mapeo directo Clover → sitio (sin cambiar Clover),
339,site_product_clover,ZASPES8QX486G,14117d11-81f2-475d-9a5b-ff232436743b,02110 Collemboles blanc / White Springtails (Folsomia Candida),,food_live,created,product,high,Insecte Vivant,food_live,15.00,0,no,no,no,La Swamp / misc SKU,Collemboles blanc / White Springtails (Folsomia Candida),enrichir luego publicar,"Patrón nombre → Clover ""Insecte Vivant"" / sitio ""food_live""",
340,site_product_clover,WCPGA0F7EFE1T,6ffa2ffc-97d4-4b97-9b26-7baf6c3fb525,02113 Collemboles tropicaux rose / Tropical Pink Springtails (Sinella curviseta),,food_live,created,product,high,Insecte Vivant,food_live,16.00,0,no,no,no,La Swamp / misc SKU,Collemboles tropicaux rose / Tropical Pink Springtails (Sinella curviseta),enrichir luego publicar,"Patrón nombre → Clover ""Insecte Vivant"" / sitio ""food_live""",
341,site_product_clover,TYD7ZZ14E0TM2,fd51c6a7-a8f2-4c78-a705-e80bc894ddea,10160 La Swamp Bruche du haricot,,food_live,created,product,high,Insecte Vivant,food_live,12.00,0,no,no,no,La Swamp / misc SKU,La Swamp Bruche du haricot,enrichir luego publicar,"Patrón nombre → Clover ""Insecte Vivant"" / sitio ""food_live""",
342,site_product_clover,7Y8ABWMHQG66Y,e7d78fb0-aaea-44be-8c9c-5e9bac2abbd0,10187 La Swamp Coléoptère de l'arachide,Insecte Vivant,food_live,created,product,high,Insecte Vivant,food_live,12.00,0,no,no,no,La Swamp / misc SKU,La Swamp Coléoptère de l'arachide,enrichir luego publicar,Mapeo directo Clover → sitio (sin cambiar Clover),
343,site_product_clover,7W847VZHF8XTP,2599f828-ba7c-44a6-b02e-837fe7c4cc25,ASF Adulte vivant,,food_live,created,product,high,Insecte Vivant,food_live,3.50,0,no,no,no,,Adulte vivant,enrichir luego publicar,"Patrón nombre → Clover ""Insecte Vivant"" / sitio ""food_live""",
344,site_product_demo,,83c6616b-e64c-4499-b93d-373e9c53cc94,Blaptica dubia (25),,food_live,created,product,high,Insecte Vivant,food_live,12.00,40,yes,yes,yes,,Blaptica dubia (25),enrichir / mantener,"Patrón nombre → Clover ""Insecte Vivant"" / sitio ""food_live""",
345,site_product_clover,9XD71PZRJ4XM4,59dd0cad-2fc7-4005-9287-377c05bdc9d3,Cricket 100,Insecte Vivant,food_live,created,product,high,Insecte Vivant,food_live,8.00,0,no,no,no,,Cricket 100,enrichir luego publicar,Mapeo directo Clover → sitio (sin cambiar Clover),
346,site_product_clover,A27EV8136XQR0,3f9ef140-abe7-431f-8d83-e478a9e702ec,Cricket 1000,Insecte Vivant,food_live,created,product,high,Insecte Vivant,food_live,22.00,0,no,no,no,,Cricket 1000,enrichir luego publicar,Mapeo directo Clover → sitio (sin cambiar Clover),
347,site_product_clover,N8TJM51T6J71R,720b9a62-fbf8-4c93-bb9d-f9b1e7f52b28,Cricket 12,Insecte Vivant,food_live,created,product,high,Insecte Vivant,food_live,2.00,0,no,no,no,,Cricket 12,enrichir luego publicar,Mapeo directo Clover → sitio (sin cambiar Clover),
348,site_product_clover,DMRC79PCC27MY,1fb6d3c5-a266-471e-a70d-f50fc9cd13cc,Cricket 150,,food_live,created,product,high,Insecte Vivant,food_live,12.00,0,no,no,no,,Cricket 150,enrichir luego publicar,"Patrón nombre → Clover ""Insecte Vivant"" / sitio ""food_live""",
349,site_product_clover,KHSCAV6M1MJF2,f675eef1-e43b-4bef-9897-8c26774d6605,Cricket 25,Insecte Vivant,food_live,created,product,high,Insecte Vivant,food_live,3.50,0,no,no,no,,Cricket 25,enrichir luego publicar,Mapeo directo Clover → sitio (sin cambiar Clover),
350,site_product_clover,CQ4DMG4Q97D46,41272b57-7b98-45b4-aa7a-6d58387089bf,Cricket 250,Insecte Vivant,food_live,created,product,high,Insecte Vivant,food_live,16.00,0,no,no,no,,Cricket 250,enrichir luego publicar,Mapeo directo Clover → sitio (sin cambiar Clover),
351,site_product_clover,0WYG08TW6ZK6E,b16530e5-07b9-40b4-8a24-e8cc81e4d35d,Cricket 50,Insecte Vivant,food_live,created,product,high,Insecte Vivant,food_live,5.00,0,no,no,no,,Cricket 50,enrichir luego publicar,Mapeo directo Clover → sitio (sin cambiar Clover),
352,site_product_clover,MH62WVHTW242W,f4962c60-bf87-4bb0-824b-a74f8c60d9da,Cricket 500,Insecte Vivant,food_live,created,product,high,Insecte Vivant,food_live,18.50,0,no,no,no,,Cricket 500,enrichir luego publicar,Mapeo directo Clover → sitio (sin cambiar Clover),
353,site_product_clover,XXCQQ29C1DJY2,4e955222-2aa5-49df-b65c-eaffeaca5cc6,Cricket 6,,food_live,created,product,high,Insecte Vivant,food_live,1.25,0,no,no,no,,Cricket 6,enrichir luego publicar,"Patrón nombre → Clover ""Insecte Vivant"" / sitio ""food_live""",
354,site_product_clover,DNPN93T4W6EC8,0079f23e-f533-4631-b953-742d290a7f9a,Cricket a Bande Banded Cricket,Insecte Vivant,food_live,created,product,high,Insecte Vivant,food_live,24.00,0,no,no,no,,Cricket a Bande Banded Cricket,enrichir luego publicar,Mapeo directo Clover → sitio (sin cambiar Clover),
355,site_product_clover,13C3M09KP2HJ0,e5373f7b-c5f7-4088-bf7a-b75cfcb7b41a,FFH fruit fly culture Hydei Big Bites,Insecte Vivant,food_live,created,product,high,Insecte Vivant,food_live,16.50,0,no,no,no,,fruit fly culture Hydei Big Bites,enrichir luego publicar,Mapeo directo Clover → sitio (sin cambiar Clover),
356,site_product_clover,48117V2PVP57W,cb929237-1b82-4f23-989a-4f39e90374a0,FFH fruit fly culture Hydei Big Bites Petit,Insecte Vivant,food_live,created,product,high,Insecte Vivant,food_live,10.00,0,no,no,no,,fruit fly culture Hydei Big Bites Petit,enrichir luego publicar,Mapeo directo Clover → sitio (sin cambiar Clover),
357,site_product_clover,G31Z73EAQG9B4,26456388-0792-4dd1-9aa1-63d744905bef,FFM Fruit Fly Culture Melanogaster,Insecte Vivant,food_live,created,product,high,Insecte Vivant,food_live,16.50,0,no,no,no,,Fruit Fly Culture Melanogaster,enrichir luego publicar,Mapeo directo Clover → sitio (sin cambiar Clover),
358,site_product_clover,MME65B5C0FZVJ,2567eed3-7dfc-4777-82d2-89f35f119bcd,FFM Fruit Fly Culture Melanogaster Petit,Insecte Vivant,food_live,created,product,high,Insecte Vivant,food_live,10.00,0,no,no,no,,Fruit Fly Culture Melanogaster Petit,enrichir luego publicar,Mapeo directo Clover → sitio (sin cambiar Clover),
359,site_product_clover,28AB60KGXB4KR,d229abe1-a7e4-4938-830e-afa0975972ae,Giant Mealworm 10,Insecte Vivant,food_live,created,product,high,Insecte Vivant,food_live,1.50,0,no,no,no,,Giant Mealworm 10,enrichir luego publicar,Mapeo directo Clover → sitio (sin cambiar Clover),
360,site_product_clover,A7EAQ06DFR2CE,49568705-0664-43e7-a354-dea2f002fa7d,Giant Mealworm 100,Insecte Vivant,food_live,created,product,high,Insecte Vivant,food_live,6.25,0,no,no,no,,Giant Mealworm 100,enrichir luego publicar,Mapeo directo Clover → sitio (sin cambiar Clover),
361,site_product_clover,SSS6PBTB4DTD8,b7a419a3-92e4-4736-9f09-7679af1eaf5d,Giant Mealworm 1000,Insecte Vivant,food_live,created,product,high,Insecte Vivant,food_live,34.00,0,no,no,no,,Giant Mealworm 1000,enrichir luego publicar,Mapeo directo Clover → sitio (sin cambiar Clover),
362,site_product_clover,JTS1QED88EWYR,25420fd1-a1e7-46a7-9d48-df01ba393df6,Giant Mealworm 25,Insecte Vivant,food_live,created,product,high,Insecte Vivant,food_live,2.50,0,no,no,no,,Giant Mealworm 25,enrichir luego publicar,Mapeo directo Clover → sitio (sin cambiar Clover),
363,site_product_clover,3971S1C7X5MVM,3f1c801a-a671-4dbd-93d0-7f678dc6c6d5,Giant Mealworm 250,Insecte Vivant,food_live,created,product,high,Insecte Vivant,food_live,13.00,0,no,no,no,,Giant Mealworm 250,enrichir luego publicar,Mapeo directo Clover → sitio (sin cambiar Clover),
364,site_product_clover,QQSREPN7PD32A,393915c3-472c-4ff8-bacb-8ca766883fa9,Giant Mealworm 50,Insecte Vivant,food_live,created,product,high,Insecte Vivant,food_live,3.75,0,no,no,no,,Giant Mealworm 50,enrichir luego publicar,Mapeo directo Clover → sitio (sin cambiar Clover),
365,site_product_clover,HVC7PQREY336T,55e7c5e1-d36e-44aa-b09d-d57da9609acd,Giant Mealworm 500,Insecte Vivant,food_live,created,product,high,Insecte Vivant,food_live,22.00,0,no,no,no,,Giant Mealworm 500,enrichir luego publicar,Mapeo directo Clover → sitio (sin cambiar Clover),
366,site_product_demo,,94eb04a0-458c-474d-9128-6689aae7001f,Grillons (douzaine),,food_live,created,product,high,Insecte Vivant,food_live,6.00,50,yes,yes,yes,,Grillons (douzaine),enrichir / mantener,"Patrón nombre → Clover ""Insecte Vivant"" / sitio ""food_live""",
367,site_product_clover,MW01C0D3YHZEY,1e062aa2-b3d1-4a77-af35-5ea40f11f705,Gros  V-Goliath / Hornworms,Insecte Vivant,food_live,created,product,high,Insecte Vivant,food_live,1.50,0,no,no,no,,Gros  V-Goliath / Hornworms,enrichir luego publicar,Mapeo directo Clover → sitio (sin cambiar Clover),
368,site_product_clover,XT4V5HW1DPV6P,3f8129ca-5555-404d-86f9-56756aaed27f,HF30104 Mini Bloodworms 1.58oz,,food_live,created,product,high,Insecte Vivant,food_live,6.99,0,no,no,no,,HF30104 Mini Bloodworms 1.58oz,enrichir luego publicar,"Patrón nombre → Clover ""Insecte Vivant"" / sitio ""food_live""",
369,site_product_clover,2XFTWKTNA2GSR,60c00203-5535-4a8c-b978-7a74eae6f5b2,HF30120 / 15234 Frozen Bloodworms 100gr (3.5oz),,food_live,created,product,high,Insecte Vivant,food_live,9.99,0,no,no,no,,HF30120 / 15234 Frozen Bloodworms 100gr (3.5oz),enrichir luego publicar,"Patrón nombre → Clover ""Insecte Vivant"" / sitio ""food_live""",
370,site_product_clover,PB0DW30ZV1YHP,c63c945e-8c66-4fc2-b00f-84671c9c3c0f,HF30250 Hikari Jumbo Blood Worm,,food_live,created,product,high,Insecte Vivant,food_live,42.99,0,no,no,no,,HF30250 Hikari Jumbo Blood Worm,enrichir luego publicar,"Patrón nombre → Clover ""Insecte Vivant"" / sitio ""food_live""",
371,site_product_clover,A94PEAV9QRG2T,c7a99861-faef-4f82-9a36-d2dbe27311b9,HK30240 Jumbo Bloodworms Flat Pack 16oz,,food_live,created,product,high,Insecte Vivant,food_live,42.99,0,no,no,no,,HK30240 Jumbo Bloodworms Flat Pack 16oz,enrichir luego publicar,"Patrón nombre → Clover ""Insecte Vivant"" / sitio ""food_live""",
372,site_product_clover,JAFRJVERV6FZE,eab03629-0d19-44f7-a179-2ba0222f1279,MZF RC Nourriture à crickets 1.8 kg,,food_live,created,product,high,Insecte Vivant,food_live,21.99,0,no,no,no,,RC Nourriture à crickets 1.8 kg,enrichir luego publicar,"Patrón nombre → Clover ""Insecte Vivant"" / sitio ""food_live""",
373,site_product_clover,X9DM8PK3YVH2P,d4ddb44d-9639-4daf-a6ab-cc00131ef98f,MZF08 Cricket Food 8oz,,food_live,created,product,high,Insecte Vivant,food_live,4.50,0,no,no,no,,Cricket Food 8oz,enrichir luego publicar,"Patrón nombre → Clover ""Insecte Vivant"" / sitio ""food_live""",
374,site_product_clover,46AFY8E4FN88C,e7a4a96b-97bc-4fd7-9f1f-86fd6f3fd7d4,MZF16 RC Nourriture à crickets 300g,,food_live,created,product,high,Insecte Vivant,food_live,8.49,0,no,no,no,,RC Nourriture à crickets 300g,enrichir luego publicar,"Patrón nombre → Clover ""Insecte Vivant"" / sitio ""food_live""",
375,site_product_clover,E4KSQRESVN8A0,72a85749-212d-4756-9dba-a6470a9bca00,MZF32 RC Nourriture à crickets 600g,,food_live,created,product,high,Insecte Vivant,food_live,14.99,0,no,no,no,,RC Nourriture à crickets 600g,enrichir luego publicar,"Patrón nombre → Clover ""Insecte Vivant"" / sitio ""food_live""",
376,site_product_clover,8QQVHZN657RBP,099fb904-12f2-44ad-a1ee-233bae8dff36,Moyen   V-Goliath / Hornworms,Insecte Vivant,food_live,created,product,high,Insecte Vivant,food_live,1.20,0,no,no,no,,Moyen   V-Goliath / Hornworms,enrichir luego publicar,Mapeo directo Clover → sitio (sin cambiar Clover),
377,site_product_clover,RPYWX1CE9Q1SG,431f761b-dd65-4329-bf42-6c93c633d3a4,PB005 Probugs Dubia Coakroaches - Large 150 gr,,food_live,created,product,high,Insecte Vivant,food_live,45.00,0,no,no,no,,Probugs Dubia Coakroaches - Large 150 gr,enrichir luego publicar,"Patrón nombre → Clover ""Insecte Vivant"" / sitio ""food_live""",
378,site_product_clover,YNKVQ7BKPCVC4,86aea19e-c9c7-492d-bbe8-c7c20943016e,RR4214 Komodo Mealworm Dish,,food_live,created,product,high,Insecte Vivant,food_live,5.99,0,no,no,no,,Komodo Mealworm Dish,enrichir luego publicar,"Patrón nombre → Clover ""Insecte Vivant"" / sitio ""food_live""",
379,site_product_clover,E756ZW3E9RD9E,721a05fe-0479-4b26-8530-d53927d276c4,Tlitocatl Vagan,Insecte Vivant,food_live,created,product,high,Insecte Vivant,food_live,50.00,0,no,no,no,,Tlitocatl Vagan,enrichir luego publicar,Mapeo directo Clover → sitio (sin cambiar Clover),
380,site_product_clover,QM5XE1P62KBVE,f60e1be7-fbdc-46f3-a9ee-56a8f0616ae5,V-Cire / Wax Worms 10,Insecte Vivant,food_live,created,product,high,Insecte Vivant,food_live,2.50,0,no,no,no,,V-Cire / Wax Worms 10,enrichir luego publicar,Mapeo directo Clover → sitio (sin cambiar Clover),
381,site_product_clover,X04TK6W7ZWBGT,09ad7c74-3175-40b8-99b4-c30fdf3a4c6e,V-Cire / Wax Worms 100,Insecte Vivant,food_live,created,product,high,Insecte Vivant,food_live,17.00,0,no,no,no,,V-Cire / Wax Worms 100,enrichir luego publicar,Mapeo directo Clover → sitio (sin cambiar Clover),
382,site_product_clover,12MF3YCSAZ88P,b1b6c6c3-6f02-40eb-b285-27be6ee062c6,V-Cire / Wax Worms 25,Insecte Vivant,food_live,created,product,high,Insecte Vivant,food_live,5.00,0,no,no,no,,V-Cire / Wax Worms 25,enrichir luego publicar,Mapeo directo Clover → sitio (sin cambiar Clover),
383,site_product_clover,VCKQXNYT347VA,407925cd-da37-469d-8812-8d007083a648,V-Cire / Wax Worms 250,Insecte Vivant,food_live,created,product,high,Insecte Vivant,food_live,36.99,0,no,no,no,,V-Cire / Wax Worms 250,enrichir luego publicar,Mapeo directo Clover → sitio (sin cambiar Clover),
384,site_product_clover,2MJV8YW3SJ5T2,d9eeb0ed-b597-4ce2-b4be-653c456d779e,V-Cire / Wax Worms 50,Insecte Vivant,food_live,created,product,high,Insecte Vivant,food_live,8.50,0,no,no,no,,V-Cire / Wax Worms 50,enrichir luego publicar,Mapeo directo Clover → sitio (sin cambiar Clover),
385,site_product_clover,06D5VCBS10A7A,fe2395e8-e386-4d02-a8b9-46bda66dc728,V-Mealworms 100,Insecte Vivant,food_live,created,product,high,Insecte Vivant,food_live,3.50,0,no,no,no,,V-Mealworms 100,enrichir luego publicar,Mapeo directo Clover → sitio (sin cambiar Clover),
386,site_product_clover,Z14EY9T5H7QP8,6cdcba4e-e2b8-40a9-b5b0-4c8b1c2268ad,V-Mealworms 1000,Insecte Vivant,food_live,created,product,high,Insecte Vivant,food_live,10.00,0,no,no,no,,V-Mealworms 1000,enrichir luego publicar,Mapeo directo Clover → sitio (sin cambiar Clover),
387,site_product_clover,SW919NQNA3B6J,954e63b6-1337-4ade-8001-2c6190034b40,V-Mealworms 250,Insecte Vivant,food_live,created,product,high,Insecte Vivant,food_live,6.50,0,no,no,no,,V-Mealworms 250,enrichir luego publicar,Mapeo directo Clover → sitio (sin cambiar Clover),
388,site_product_clover,0ESVPE7W8F34G,73c3c15f-e9ae-4bb5-8886-41f13675af22,V-Mealworms 50,Insecte Vivant,food_live,created,product,high,Insecte Vivant,food_live,2.00,0,no,no,no,,V-Mealworms 50,enrichir luego publicar,Mapeo directo Clover → sitio (sin cambiar Clover),
389,site_product_clover,XNRRCK10W74JJ,b5c89d00-9f03-46f1-a103-94f938b26997,V-Mealworms 500,Insecte Vivant,food_live,created,product,high,Insecte Vivant,food_live,10.00,0,no,no,no,,V-Mealworms 500,enrichir luego publicar,Mapeo directo Clover → sitio (sin cambiar Clover),
390,site_product_clover,42GY6WGH39VGR,c49589a1-6973-459f-b03c-0761c5149c70,V-Phoenix 100,Insecte Vivant,food_live,created,product,high,Insecte Vivant,food_live,21.00,0,no,no,no,,V-Phoenix 100,enrichir luego publicar,Mapeo directo Clover → sitio (sin cambiar Clover),
391,site_product_clover,4GR5XM4W83R3G,aa7ed7b0-d5e7-4a78-8752-6a445997ecf6,V-Phoenix 12,Insecte Vivant,food_live,created,product,high,Insecte Vivant,food_live,3.00,0,no,no,no,,V-Phoenix 12,enrichir luego publicar,Mapeo directo Clover → sitio (sin cambiar Clover),
392,site_product_clover,3VBPXATBSAMTC,77aa5075-f795-41fc-8177-a61dcc0b4b89,V-Phoenix 25,Insecte Vivant,food_live,created,product,high,Insecte Vivant,food_live,5.75,0,no,no,no,,V-Phoenix 25,enrichir luego publicar,Mapeo directo Clover → sitio (sin cambiar Clover),
393,site_product_clover,T61TDBKMR0EJE,10d1650b-6e5e-4270-b2be-1dfce85cd252,V-Phoenix 250,Insecte Vivant,food_live,created,product,high,Insecte Vivant,food_live,31.99,0,no,no,no,,V-Phoenix 250,enrichir luego publicar,Mapeo directo Clover → sitio (sin cambiar Clover),
394,site_product_clover,ZW5NEHSVA3K42,2718743a-c8ee-4dbd-b0c0-f0d397c37110,V-Phoenix 50,Insecte Vivant,food_live,created,product,high,Insecte Vivant,food_live,11.00,0,no,no,no,,V-Phoenix 50,enrichir luego publicar,Mapeo directo Clover → sitio (sin cambiar Clover),
395,site_product_clover,C4KP7WM2102RY,6074754d-c356-4196-8656-a5e8eccb3734,V-Soie / Silkworms,Insecte Vivant,food_live,created,product,high,Insecte Vivant,food_live,1.10,0,no,no,no,,V-Soie / Silkworms,enrichir luego publicar,Mapeo directo Clover → sitio (sin cambiar Clover),
396,site_product_clover,K2WTNY446H5FY,8c3e4c36-f2ff-4e5a-8156-90d1b339d490,V-Superworms  25,Insecte Vivant,food_live,created,product,high,Insecte Vivant,food_live,3.50,0,no,no,no,,V-Superworms  25,enrichir luego publicar,Mapeo directo Clover → sitio (sin cambiar Clover),
397,site_product_clover,2GVM21FT098PR,1d4d2555-cfdf-4239-916d-f1aa730f4aa3,V-Superworms 10,Insecte Vivant,food_live,created,product,high,Insecte Vivant,food_live,2.50,0,no,no,no,,V-Superworms 10,enrichir luego publicar,Mapeo directo Clover → sitio (sin cambiar Clover),
398,site_product_clover,7JYGJRGWQ8YGM,4de3498d-c88b-4e9f-b746-c8fe001fc885,V-Superworms 100,Insecte Vivant,food_live,created,product,high,Insecte Vivant,food_live,8.50,0,no,no,no,,V-Superworms 100,enrichir luego publicar,Mapeo directo Clover → sitio (sin cambiar Clover),
399,site_product_clover,TFPCJ8YD1GV56,9371e03d-5186-4629-ba03-410ef32056f5,V-Superworms 1000,Insecte Vivant,food_live,created,product,high,Insecte Vivant,food_live,49.00,0,no,no,no,,V-Superworms 1000,enrichir luego publicar,Mapeo directo Clover → sitio (sin cambiar Clover),
400,site_product_clover,1Y69STVY95J8P,5cfe2cff-e64e-4575-a3cd-0146bf3dd242,V-Superworms 250,Insecte Vivant,food_live,created,product,high,Insecte Vivant,food_live,19.00,0,no,no,no,,V-Superworms 250,enrichir luego publicar,Mapeo directo Clover → sitio (sin cambiar Clover),
401,site_product_clover,VVV6EXZVX217C,d4536c3e-28dc-4675-8acf-d4f0a941a2b0,V-Superworms 50,Insecte Vivant,food_live,created,product,high,Insecte Vivant,food_live,5.50,0,no,no,no,,V-Superworms 50,enrichir luego publicar,Mapeo directo Clover → sitio (sin cambiar Clover),
402,site_product_clover,35WKM6Q3V0G7T,e263a567-c42e-402a-9b94-1e09e2ea69ad,V-Superworms 500,Insecte Vivant,food_live,created,product,high,Insecte Vivant,food_live,29.00,0,no,no,no,,V-Superworms 500,enrichir luego publicar,Mapeo directo Clover → sitio (sin cambiar Clover),
403,site_product_clover,ZMD96NG25J80R,f7c4b8a1-9435-4ab2-a580-c98353ce1c9c,Z167 Zoomed Hanging Mealworm Feeder Bowl,,food_live,created,product,high,Insecte Vivant,food_live,5.99,0,no,no,no,Zoo Med,Zoomed Hanging Mealworm Feeder Bowl,enrichir luego publicar,"Patrón nombre → Clover ""Insecte Vivant"" / sitio ""food_live""",
404,site_product_clover,NMJ9S7BH3TW36,38746b39-7f48-4b1c-b939-dcff7ed6a084,13894 Reptile Munchie Omni Mix 4OZ,Nourriture,food_packaged,created,product,high,Nourriture,food_packaged,22.99,0,no,no,no,,Reptile Munchie Omni Mix 4OZ,enrichir luego publicar,Mapeo directo Clover → sitio (sin cambiar Clover),
405,site_product_clover,BZNYDS4AQG5SC,b37cd711-6fbd-4e4c-bd82-45a643e1d64a,13896 Reptile Munchies Fruit Mix 2.5OZ,Nourriture,food_packaged,created,product,high,Nourriture,food_packaged,22.99,0,no,no,no,,Reptile Munchies Fruit Mix 2.5OZ,enrichir luego publicar,Mapeo directo Clover → sitio (sin cambiar Clover),
406,site_product_clover,X60TZ5S9GNJT8,47a5a085-8ef9-41ae-9ec6-b32216a515e3,28808 Tropical Axolotl,Nourriture,food_packaged,created,product,high,Nourriture,food_packaged,16.99,0,no,no,no,,Tropical Axolotl,enrichir luego publicar,Mapeo directo Clover → sitio (sin cambiar Clover),
407,site_product_clover,0WDCDHP7JRDBJ,9439f3f2-d83f-46af-baa8-0d15a2c69c5d,31071 Hikari Frozen Mysis Shrimp Jumbo 4oz,Nourriture,food_packaged,created,product,high,Nourriture,food_packaged,10.99,0,no,no,no,,Hikari Frozen Mysis Shrimp Jumbo 4oz,enrichir luego publicar,Mapeo directo Clover → sitio (sin cambiar Clover),
408,site_product_clover,DDYGHNJSFAHCP,52be5316-e970-4ee7-8e59-fd6de063c9e9,5MKJ Mazuri Bearded Dragon diet 8oz,Nourriture,food_packaged,created,product,high,Nourriture,food_packaged,32.99,0,no,no,no,Mazuri,Mazuri Bearded Dragon diet 8oz,enrichir luego publicar,Mapeo directo Clover → sitio (sin cambiar Clover),
409,site_product_clover,BR3526Y95RMT8,d3c19d92-a93e-432e-ae07-db20538c41a4,5TNL  Mazuri Carnivorous Reptile Meal KG,,food_packaged,created,product,high,Nourriture,food_packaged,70.99,0,no,no,no,Mazuri,Mazuri Carnivorous Reptile Meal KG,enrichir luego publicar,"Patrón nombre → Clover ""Nourriture"" / sitio ""food_packaged""",
410,site_product_clover,3CREYZW0VZ7MJ,0ff71d48-b7df-4d73-baa5-54458bee0179,64186 Fluker's Canned Dubia Roaches 1.2 oz,Nourriture,food_packaged,created,product,high,Nourriture,food_packaged,11.99,0,no,no,no,,Fluker's Canned Dubia Roaches 1.2 oz,enrichir luego publicar,Mapeo directo Clover → sitio (sin cambiar Clover),
411,site_product_clover,ZTJZ11GA38PXJ,216cf9f8-1497-467e-af53-d18a916582e3,65403 Botanicals Botte de Foin des Prés,Nourriture,food_packaged,created,product,high,Nourriture,food_packaged,15.00,0,no,no,no,La Swamp / misc SKU,Botanicals Botte de Foin des Prés,enrichir luego publicar,Mapeo directo Clover → sitio (sin cambiar Clover),
412,site_product_clover,DZMWQQJTGV3T4,8e921208-b57e-423b-bcea-09faf349729a,78394 Zoomed Blue Tongue Skink & Tegu Food 6oz,Nourriture,food_packaged,created,product,high,Nourriture,food_packaged,7.25,0,no,no,no,La Swamp / misc SKU,Zoomed Blue Tongue Skink & Tegu Food 6oz,enrichir luego publicar,Mapeo directo Clover → sitio (sin cambiar Clover),
413,site_product_clover,6B6DYTNK50J40,667861bb-9506-4ca3-b10d-9a0afe50e56c,90408 Zilla Herb Medley Diet 4oz,Nourriture,food_packaged,created,product,high,Nourriture,food_packaged,10.99,0,no,no,no,Zilla,Zilla Herb Medley Diet 4oz,enrichir luego publicar,Mapeo directo Clover → sitio (sin cambiar Clover),
414,site_product_clover,TZB8WWD994AHG,aecdb555-e576-4f05-9960-9651830b0053,A9637 Moules hachées SFBB 100g (3.5oz),Nourriture,food_packaged,created,product,high,Nourriture,food_packaged,10.99,0,no,no,no,,Moules hachées SFBB 100g (3.5oz),enrichir luego publicar,Mapeo directo Clover → sitio (sin cambiar Clover),
415,site_product_clover,CEGMQV8JPZ3PA,1e623b0b-75d3-4323-85df-3d5090c67066,BB-51 ZooMed Aquatic Turtle Banquet Block,Nourriture,food_packaged,created,product,high,Nourriture,food_packaged,9.99,0,no,no,no,Zoo Med,BB-51 ZooMed Aquatic Turtle Banquet Block,enrichir luego publicar,Mapeo directo Clover → sitio (sin cambiar Clover),
416,site_product_clover,HEJPZS0XQMNRJ,30baf518-76f7-42a7-9679-75648dd16c7d,CNA0200 Choix Nature 200 gr,Nourriture,food_packaged,created,product,high,Nourriture,food_packaged,15.99,0,no,no,no,,CNA0200 Choix Nature 200 gr,enrichir luego publicar,Mapeo directo Clover → sitio (sin cambiar Clover),
417,site_product_clover,RY9N80H7QSHWP,305cd647-cfdf-4cc1-8554-e5b5e75d6cae,Caille Adulte Congelé,Nourriture,food_packaged,created,product,high,Nourriture,food_packaged,10.00,0,no,no,no,,Caille Adulte Congelé,enrichir luego publicar,Mapeo directo Clover → sitio (sin cambiar Clover),
418,site_product_clover,8T10TRKYCJW2W,68e72331-6602-4041-bcf8-b7a9d37d4601,DR001,,food_packaged,created,product,high,Nourriture,food_packaged,21.99,0,no,no,no,Repashy,DR001,enrichir luego publicar,"Patrón nombre → Clover ""Nourriture"" / sitio ""food_packaged""",
419,site_product_clover,2JNPK2PQQ2ZK2,ff2f9397-0045-4b40-bbce-8892f2e9e392,DR002,,food_packaged,created,product,high,Nourriture,food_packaged,32.99,0,no,no,no,Repashy,DR002,enrichir luego publicar,"Patrón nombre → Clover ""Nourriture"" / sitio ""food_packaged""",
420,site_product_clover,MCSMPYQYZ28M8,5e1a1055-ac5f-4857-9580-0042a5d11a2a,DR006 Repashy Classic Fruit Blend 3oz,Nourriture,food_packaged,created,product,high,Nourriture,food_packaged,26.50,0,no,no,no,Repashy,Repashy Classic Fruit Blend 3oz,enrichir luego publicar,Mapeo directo Clover → sitio (sin cambiar Clover),
421,site_product_clover,GYSJCNRSYBCW4,bcf06127-ec69-404b-9f93-41e78ac907b2,DR007 Repashy Classic Fruit Blend 6oz,Nourriture,food_packaged,created,product,high,Nourriture,food_packaged,40.99,0,no,no,no,Repashy,Repashy Classic Fruit Blend 6oz,enrichir luego publicar,Mapeo directo Clover → sitio (sin cambiar Clover),
422,site_product_clover,PG2PRHXZNDPVJ,ce45cf29-50d2-4407-a3eb-51d6d63a3d22,DR012,,food_packaged,created,product,high,Nourriture,food_packaged,35.99,0,no,no,no,Repashy,DR012,enrichir luego publicar,"Patrón nombre → Clover ""Nourriture"" / sitio ""food_packaged""",
423,site_product_clover,VRYEETF0ARKAC,42672c1f-def1-46f5-8f44-f35a785729bc,DR016 Repashy Grubs'n'Fruit 3oz,Nourriture,food_packaged,created,product,high,Nourriture,food_packaged,26.99,0,no,no,no,Repashy,Repashy Grubs'n'Fruit 3oz,enrichir luego publicar,Mapeo directo Clover → sitio (sin cambiar Clover),
424,site_product_clover,QPE56HNGP587T,a134f198-9c3d-4ddc-8b9b-27281222e18a,DR017 Repashy Grubs'n'Fruit,Nourriture,food_packaged,created,product,high,Nourriture,food_packaged,40.99,0,no,no,no,Repashy,Repashy Grubs'n'Fruit,enrichir luego publicar,Mapeo directo Clover → sitio (sin cambiar Clover),
425,site_product_clover,R2W27G2SPBH9P,5f28d41a-7d19-4490-8ed4-a40da62cd9da,DR021 Repashy Pumpkin Pie 3oz,Nourriture,food_packaged,created,product,high,Nourriture,food_packaged,26.50,0,no,no,no,Repashy,Repashy Pumpkin Pie 3oz,enrichir luego publicar,Mapeo directo Clover → sitio (sin cambiar Clover),
426,site_product_clover,JE3XP0YVQGGBP,56fabe26-d181-4e7c-b4cf-8e95cd5fa876,DR022 Repashy Pumpkin Pie 6oz,Nourriture,food_packaged,created,product,high,Nourriture,food_packaged,35.99,0,no,no,no,Repashy,Repashy Pumpkin Pie 6oz,enrichir luego publicar,Mapeo directo Clover → sitio (sin cambiar Clover),
427,site_product_clover,1JQEQBPZM7AHW,524c7dd1-6746-4394-8915-0d091629e70c,DR031 Repashy Savory Stew Jar 3 oz,Nourriture,food_packaged,created,product,high,Nourriture,food_packaged,22.99,0,no,no,no,Repashy,Repashy Savory Stew Jar 3 oz,enrichir luego publicar,Mapeo directo Clover → sitio (sin cambiar Clover),
428,site_product_clover,8PTY6AS157MY2,5b423dbb-ecdf-4eb5-8dfa-e10b43f8eeb1,DR036 Grub Pie 3oz,Nourriture,food_packaged,created,product,high,Nourriture,food_packaged,26.50,0,no,no,no,Repashy,Grub Pie 3oz,enrichir luego publicar,Mapeo directo Clover → sitio (sin cambiar Clover),
429,site_product_clover,W0V5ASAJCC3DJ,04d655db-31c0-4f79-814f-81a0caea811b,DR037 Grub Pie 6oz,Nourriture,food_packaged,created,product,high,Nourriture,food_packaged,40.99,0,no,no,no,Repashy,Grub Pie 6oz,enrichir luego publicar,Mapeo directo Clover → sitio (sin cambiar Clover),
430,site_product_clover,DHBE9RRRD02FY,83da8398-997c-4a64-b7ef-a5035cbdbf0f,DR040 Repashy Grubpie  70.4 oz,Nourriture,food_packaged,created,product,high,Nourriture,food_packaged,260.00,0,no,no,no,Repashy,Repashy Grubpie  70.4 oz,enrichir luego publicar,Mapeo directo Clover → sitio (sin cambiar Clover),
431,site_product_clover,22EV5X8F897YJ,41eade16-30a0-4e3d-80bf-d61c92ccc1fd,DR041 Super Veggie 3oz Repashy,Nourriture,food_packaged,created,product,high,Nourriture,food_packaged,23.99,0,no,no,no,Repashy,Super Veggie 3oz Repashy,enrichir luego publicar,Mapeo directo Clover → sitio (sin cambiar Clover),
432,site_product_clover,JHKEX3WMT741R,aa12ddff-7860-41f5-81d9-cfdbe34c7220,DR042 Super Veggie 6oz Repashy,Nourriture,food_packaged,created,product,high,Nourriture,food_packaged,35.99,0,no,no,no,Repashy,Super Veggie 6oz Repashy,enrichir luego publicar,Mapeo directo Clover → sitio (sin cambiar Clover),
433,site_product_clover,XKPB0WSX2BDDC,3f35d6cd-1967-49dc-96ab-7e0909e9d00b,DR046 Repashy Cherry Bomb 3oz,,food_packaged,created,product,high,Nourriture,food_packaged,26.99,0,no,no,no,Repashy,Repashy Cherry Bomb 3oz,enrichir luego publicar,"Patrón nombre → Clover ""Nourriture"" / sitio ""food_packaged""",
434,site_product_clover,WEK9K65G9DWQJ,a825ede9-210c-448e-b3a1-29635b955621,DR047 Repashy Cherry Bomb 6oz,,food_packaged,created,product,high,Nourriture,food_packaged,40.99,0,no,no,no,Repashy,Repashy Cherry Bomb 6oz,enrichir luego publicar,"Patrón nombre → Clover ""Nourriture"" / sitio ""food_packaged""",
435,site_product_clover,HRBSCARJXS9PA,7025f75f-f4cc-4435-94f1-d8747186f30b,DR052 Repashy Grassland Grazer 6oz,Nourriture,food_packaged,created,product,high,Nourriture,food_packaged,40.99,0,no,no,no,Repashy,Repashy Grassland Grazer 6oz,enrichir luego publicar,Mapeo directo Clover → sitio (sin cambiar Clover),
436,site_product_clover,F85B9ZMGQZD8R,b49bbc60-c502-46e3-a67d-87f3dca9130a,DR061 Veggie Burger 3oz,Nourriture,food_packaged,created,product,high,Nourriture,food_packaged,26.99,0,no,no,no,Repashy,Veggie Burger 3oz,enrichir luego publicar,Mapeo directo Clover → sitio (sin cambiar Clover),
437,site_product_clover,ZRS18138M8QJT,9126e47e-2409-4dd5-833d-6df9ee43b127,DR062 Veggie Burger 6oz,Nourriture,food_packaged,created,product,high,Nourriture,food_packaged,40.99,0,no,no,no,Repashy,Veggie Burger 6oz,enrichir luego publicar,Mapeo directo Clover → sitio (sin cambiar Clover),
438,site_product_clover,XKNKKC5WFM07R,2ffd86c2-5d3a-48b4-9742-c4f732753442,DR066 Beardie Buffet 3oz,Nourriture,food_packaged,created,product,high,Nourriture,food_packaged,20.99,0,no,no,no,Repashy,Beardie Buffet 3oz,enrichir luego publicar,Mapeo directo Clover → sitio (sin cambiar Clover),
439,site_product_clover,EQYYWMVQFY024,69672528-3310-4a55-abe2-9027bf14df37,DR067  Beardie Buffet 6oz,,food_packaged,created,product,high,Nourriture,food_packaged,31.99,0,no,no,no,Repashy,Beardie Buffet 6oz,enrichir luego publicar,"Patrón nombre → Clover ""Nourriture"" / sitio ""food_packaged""",
440,site_product_clover,BV9QZ9XXCSASP,a96fb14b-8891-40d2-aa63-2eb07ebb7970,DR071,,food_packaged,created,product,high,Nourriture,food_packaged,26.99,0,no,no,no,Repashy,DR071,enrichir luego publicar,"Patrón nombre → Clover ""Nourriture"" / sitio ""food_packaged""",
441,site_product_clover,EPWQE9DYCAJR2,d5b651b0-18e5-4de5-8972-208c6f6b3dcd,DR076 Banana Cream Pie 3Oz,Nourriture,food_packaged,created,product,high,Nourriture,food_packaged,26.50,0,no,no,no,Repashy,Banana Cream Pie 3Oz,enrichir luego publicar,Mapeo directo Clover → sitio (sin cambiar Clover),
442,site_product_clover,CX44WW36JWYWW,a53e0bcc-0ed0-4996-9c36-964d42eacf45,DR077 Banana Cream Pie 6 Oz,Nourriture,food_packaged,created,product,high,Nourriture,food_packaged,40.99,0,no,no,no,Repashy,Banana Cream Pie 6 Oz,enrichir luego publicar,Mapeo directo Clover → sitio (sin cambiar Clover),
443,site_product_clover,Y7YQWJBG1CNYJ,3db46432-e7ea-4f6a-8d74-58dda899a2bd,DR081 Repashy Bluey Buffet 3oz,Nourriture,food_packaged,created,product,high,Nourriture,food_packaged,26.50,0,no,no,no,Repashy,Repashy Bluey Buffet 3oz,enrichir luego publicar,Mapeo directo Clover → sitio (sin cambiar Clover),
444,site_product_clover,QGB2BR0X0AJMM,e57dc4b9-6d52-432a-9dc0-5299a95b2663,DR082 Repashy Bluey Buffet 6oz. Blue Tongue,Nourriture,food_packaged,created,product,high,Nourriture,food_packaged,40.99,0,no,no,no,Repashy,Repashy Bluey Buffet 6oz. Blue Tongue,enrichir luego publicar,Mapeo directo Clover → sitio (sin cambiar Clover),
445,site_product_clover,90AQQR0XM3NT8,51a78860-53e0-4cd7-9738-29d54b890492,DR087 Repashy Grasshopper Pie 6oz.,Nourriture,food_packaged,created,product,high,Nourriture,food_packaged,40.99,0,no,no,no,Repashy,Repashy Grasshopper Pie 6oz.,enrichir luego publicar,Mapeo directo Clover → sitio (sin cambiar Clover),
446,site_product_clover,FDB8FBRPXK1BG,c741ba17-9eb5-4fa5-bc84-52f2e126c2a8,DR101 Repashy Superfoods Calcium Plus 3oz 85g,Nourriture,food_packaged,created,product,high,Nourriture,food_packaged,22.99,0,no,no,no,Repashy,Repashy Superfoods Calcium Plus 3oz 85g,enrichir luego publicar,Mapeo directo Clover → sitio (sin cambiar Clover),
447,site_product_clover,C4ZFBKVPB56WY,a35c435c-836a-4e07-95f4-55d8ab618c91,DR102 Repashy Superfoods Calcium Plus 6oz 170g,Nourriture,food_packaged,created,product,high,Nourriture,food_packaged,33.99,0,no,no,no,Repashy,Repashy Superfoods Calcium Plus 6oz 170g,enrichir luego publicar,Mapeo directo Clover → sitio (sin cambiar Clover),
448,site_product_clover,FW9A6QT9DYR9J,e8549538-0ae3-4bae-b99c-cb036ffe2c51,DR111 Repashy Calcium plus Lo D 3oz,,food_packaged,created,product,high,Nourriture,food_packaged,22.99,0,no,no,no,Repashy,Repashy Calcium plus Lo D 3oz,enrichir luego publicar,"Patrón nombre → Clover ""Nourriture"" / sitio ""food_packaged""",
449,site_product_clover,6RSX4JZK6EH8C,6194a80a-af22-4adc-988d-bd0ee7bc57d1,DR142 Supercal Lo D 6oz,Nourriture,food_packaged,created,product,high,Nourriture,food_packaged,25.99,0,no,no,no,Repashy,Supercal Lo D 6oz,enrichir luego publicar,Mapeo directo Clover → sitio (sin cambiar Clover),
450,site_product_clover,X4GVVFFKDHVMJ,4fd65651-50a3-4c64-a5d7-946dd3f6e05f,DR162 Repashy Supercal HyD 6oz,Nourriture,food_packaged,created,product,high,Nourriture,food_packaged,24.99,0,no,no,no,Repashy,Repashy Supercal HyD 6oz,enrichir luego publicar,Mapeo directo Clover → sitio (sin cambiar Clover),
451,site_product_clover,MNPHS9YAVFA1G,a028553a-32e2-41c1-a39b-3379829c1eb7,DR191 Repashy Vitamine A Plus 3oz,,food_packaged,created,product,high,Nourriture,food_packaged,23.99,0,no,no,no,Repashy,Repashy Vitamine A Plus 3oz,enrichir luego publicar,"Patrón nombre → Clover ""Nourriture"" / sitio ""food_packaged""",
452,site_product_clover,TXXKC1VRAYG88,1b66eae8-1a9a-423b-b67f-e459cc07ba50,DR201 Repashy Supervite 3oz,Nourriture,food_packaged,created,product,high,Nourriture,food_packaged,22.99,0,no,no,no,Repashy,Repashy Supervite 3oz,enrichir luego publicar,Mapeo directo Clover → sitio (sin cambiar Clover),
453,site_product_clover,KW018MQ5FHK24,0ce593f1-444c-4c4c-8a29-e02e14513669,DR216 Repashy Crested Gecko Mango Tango,Nourriture,food_packaged,created,product,high,Nourriture,food_packaged,26.99,0,no,no,no,Repashy,Repashy Crested Gecko Mango Tango,enrichir luego publicar,Mapeo directo Clover → sitio (sin cambiar Clover),
454,site_product_clover,9HNGDSQ46FVEJ,fd7740ac-557c-4ad9-81d8-a705ed07e8bd,DR221   Repashy Meat Pie 3oz,,food_packaged,created,product,high,Nourriture,food_packaged,21.99,0,no,no,no,Repashy,Repashy Meat Pie 3oz,enrichir luego publicar,"Patrón nombre → Clover ""Nourriture"" / sitio ""food_packaged""",
455,site_product_clover,VFPEW5XCBC674,3423ad2e-4bc2-44b8-b4b5-5451a40770d6,DR222 Repashy Reptile Meat Pie 6oz.,Nourriture,food_packaged,created,product,high,Nourriture,food_packaged,40.99,0,no,no,no,Repashy,Repashy Reptile Meat Pie 6oz.,enrichir luego publicar,Mapeo directo Clover → sitio (sin cambiar Clover),
456,site_product_clover,9FJEPRFT19WZE,f5d052a9-3c4d-46d0-95ce-5621d2f54f3f,DR226 Repashy Superfoods Chicken Pot Pie 3oz 85g,Nourriture,food_packaged,created,product,high,Nourriture,food_packaged,20.99,0,no,no,no,Repashy,Repashy Superfoods Chicken Pot Pie 3oz 85g,enrichir luego publicar,Mapeo directo Clover → sitio (sin cambiar Clover),
457,site_product_clover,G8506RZ21Y6VG,09164bfc-7744-493c-8da9-9c1311325cf8,DR301 Repashy Bug Burger 3oz,,food_packaged,created,product,high,Nourriture,food_packaged,19.50,0,no,no,no,Repashy,Repashy Bug Burger 3oz,enrichir luego publicar,"Patrón nombre → Clover ""Nourriture"" / sitio ""food_packaged""",
458,site_product_clover,F21SRWHSYCV4C,029306e9-a4fa-42ea-80c6-a288dde60cee,DR306 Repashy Superhorn 3oz,Nourriture,food_packaged,created,product,high,Nourriture,food_packaged,18.99,0,no,no,no,Repashy,Repashy Superhorn 3oz,enrichir luego publicar,Mapeo directo Clover → sitio (sin cambiar Clover),
459,site_product_clover,2SXW9KR7MAD62,73e18dc7-b285-4508-ab2b-15bb25bc6416,DR307 Repashy Superhorn 6oz,,food_packaged,created,product,high,Nourriture,food_packaged,27.99,0,no,no,no,Repashy,Repashy Superhorn 6oz,enrichir luego publicar,"Patrón nombre → Clover ""Nourriture"" / sitio ""food_packaged""",
460,site_product_clover,PXVAVS951F1TW,9dc23768-7083-46aa-ae52-b1d8f2236d1c,DR316 Repashy Isopod Morning Wood 3oz.,Nourriture,food_packaged,created,product,high,Nourriture,food_packaged,21.99,0,no,no,no,Repashy,Repashy Isopod Morning Wood 3oz.,enrichir luego publicar,Mapeo directo Clover → sitio (sin cambiar Clover),
461,site_product_clover,6PF9RX3A8P2WR,74ff929d-3dd3-4ef5-b972-448b3f6c5da4,DR322 Repashy Superfly 6oz.,Nourriture,food_packaged,created,product,high,Nourriture,food_packaged,21.99,0,no,no,no,Repashy,Repashy Superfly 6oz.,enrichir luego publicar,Mapeo directo Clover → sitio (sin cambiar Clover),
462,site_product_clover,16JPW62V823EG,6b1f0467-6feb-4453-a2ab-2720b0d56885,DR325 Repashy Superfly,,food_packaged,created,product,high,Nourriture,food_packaged,70.00,0,no,no,no,Repashy,Repashy Superfly,enrichir luego publicar,"Patrón nombre → Clover ""Nourriture"" / sitio ""food_packaged""",
463,site_product_clover,3VE6FAMYPECVJ,78cdcc73-8f67-438b-8aad-367ecd0ef954,DR331 Repashy Superload 3oz.,Nourriture,food_packaged,created,product,high,Nourriture,food_packaged,16.99,0,no,no,no,Repashy,Repashy Superload 3oz.,enrichir luego publicar,Mapeo directo Clover → sitio (sin cambiar Clover),
464,site_product_clover,09HGCMHXSKMT4,3790da85-0e5b-4df0-85f9-2dd0d07e2472,DR565 Repashy Morning Wood 70.4 oz,,food_packaged,created,product,high,Nourriture,food_packaged,243.00,0,no,no,no,Repashy,Repashy Morning Wood 70.4 oz,enrichir luego publicar,"Patrón nombre → Clover ""Nourriture"" / sitio ""food_packaged""",
465,site_product_clover,YK0ZB0C89XY2C,acce8970-cc24-4903-8647-1d2eb23ac02e,ECHANTION PURÉ PROBUGS,Nourriture,food_packaged,created,product,high,Nourriture,food_packaged,1.25,0,no,no,no,,ECHANTION PURÉ PROBUGS,enrichir luego publicar,Mapeo directo Clover → sitio (sin cambiar Clover),
466,site_product_clover,BDSBWZTTH6YG2,3d767f4a-7c0c-4c77-9bab-971b5947e283,FFHY Josh's Frogs Hydei Fruit Fly Media,Nourriture,food_packaged,created,product,high,Nourriture,food_packaged,47.99,0,no,no,no,,Josh's Frogs Hydei Fruit Fly Media,enrichir luego publicar,Mapeo directo Clover → sitio (sin cambiar Clover),
467,site_product_clover,RJX347VSDRPY2,dda53996-4fa0-405f-a393-4454f90d7353,H20611 Hikari Herptile Crest Gel 50g (1.76 oz),Nourriture,food_packaged,created,product,high,Nourriture,food_packaged,18.99,0,no,no,no,,Hikari Herptile Crest Gel 50g (1.76 oz),enrichir luego publicar,Mapeo directo Clover → sitio (sin cambiar Clover),
468,site_product_clover,RGKKNJWMAQH6W,bdc6342e-2a8f-47bf-8806-25f245e2380e,H20616 Hikari Herptile Dragon Gel 60g (2.11oz),Nourriture,food_packaged,created,product,high,Nourriture,food_packaged,18.99,0,no,no,no,,Hikari Herptile Dragon Gel 60g (2.11oz),enrichir luego publicar,Mapeo directo Clover → sitio (sin cambiar Clover),
469,site_product_clover,5FK3GNDZ1ENP8,f14c495f-9610-4b34-8ff4-61e901c774dc,H21915  Hikari Sinking Carnivore,Nourriture,food_packaged,created,product,high,Nourriture,food_packaged,23.99,0,no,no,no,,Hikari Sinking Carnivore,enrichir luego publicar,Mapeo directo Clover → sitio (sin cambiar Clover),
470,site_product_clover,BA60B0TTEECYM,ab414ee2-5eea-4074-9e97-d093bfcde26e,H33201 Hikari Freeze Dried Bloodworm 0.42oz,Nourriture,food_packaged,created,product,high,Nourriture,food_packaged,19.99,0,no,no,no,,Hikari Freeze Dried Bloodworm 0.42oz,enrichir luego publicar,Mapeo directo Clover → sitio (sin cambiar Clover),
471,site_product_clover,5Y97Z00JWRMK8,4841d38a-5d9c-468b-8527-678c75545219,H33417 Hikari Freeze Dried Krill 3.53oz,Nourriture,food_packaged,created,product,high,Nourriture,food_packaged,37.99,0,no,no,no,,Hikari Freeze Dried Krill 3.53oz,enrichir luego publicar,Mapeo directo Clover → sitio (sin cambiar Clover),
472,site_product_clover,PWGJ86C9KJZME,052637de-1bee-40be-9c77-9d9302921ccc,HF30320 Daphnia Cube 3.5oz,Nourriture,food_packaged,created,product,high,Nourriture,food_packaged,10.99,0,no,no,no,,HF30320 Daphnia Cube 3.5oz,enrichir luego publicar,Mapeo directo Clover → sitio (sin cambiar Clover),
473,site_product_clover,YT0J6MKM75FHM,874e821d-e5a5-43de-a650-c9e2ef0cb50e,HH1668 Mazuri Timothy Guinea Pig Diet 5lb,Nourriture,food_packaged,created,product,high,Nourriture,food_packaged,22.50,0,no,no,no,Mazuri,Mazuri Timothy Guinea Pig Diet 5lb,enrichir luego publicar,Mapeo directo Clover → sitio (sin cambiar Clover),
474,site_product_clover,XF1CMMZ5MFC0J,641172da-8e94-4139-8634-3367526b07e8,HH1672 Mazuri Rat Et Mouse Diet 2lb,Nourriture,food_packaged,created,product,high,Nourriture,food_packaged,14.00,0,no,no,no,Mazuri,Mazuri Rat Et Mouse Diet 2lb,enrichir luego publicar,Mapeo directo Clover → sitio (sin cambiar Clover),
475,site_product_clover,S281D14PHN5SM,b7334138-1b08-4a72-bb1d-995154d1d65b,HH1678 Mazuri Ferret Diet 5lb,Nourriture,food_packaged,created,product,high,Nourriture,food_packaged,34.50,0,no,no,no,Mazuri,Mazuri Ferret Diet 5lb,enrichir luego publicar,Mapeo directo Clover → sitio (sin cambiar Clover),
476,site_product_clover,PEECNEJSP2EW6,357d3500-39b5-4935-aeb5-73df0922d524,JF00693 Josh's Frogs Dart Frog Tadpole Food,Nourriture,food_packaged,created,product,high,Nourriture,food_packaged,18.50,0,no,no,no,,JF00693 Josh's Frogs Dart Frog Tadpole Food,enrichir luego publicar,Mapeo directo Clover → sitio (sin cambiar Clover),
477,site_product_clover,VH2N0YQ1BZ29E,a200c03b-e110-484e-ade2-71c9872081f7,Mazuri 5E5M Herb. Repti. Diet,,food_packaged,created,product,high,Nourriture,food_packaged,204.00,0,no,no,no,Mazuri,Mazuri 5E5M Herb. Repti. Diet,enrichir luego publicar,"Patrón nombre → Clover ""Nourriture"" / sitio ""food_packaged""",
478,site_product_clover,G9N9EPD45SW8E,1b4d4bf8-b931-4213-9fa7-9179a113f23d,Mazuri 5M87 100g,,food_packaged,created,product,high,Nourriture,food_packaged,10.00,0,no,no,no,Mazuri,Mazuri 5M87 100g,enrichir luego publicar,"Patrón nombre → Clover ""Nourriture"" / sitio ""food_packaged""",
479,site_product_clover,RFXMQYK00S6P0,d4cabc78-089d-4736-bffe-085aad1fb981,Mazuri Sac En Vrac,,food_packaged,created,product,high,Nourriture,food_packaged,39.99,0,no,no,no,Mazuri,Mazuri Sac En Vrac,enrichir luego publicar,"Patrón nombre → Clover ""Nourriture"" / sitio ""food_packaged""",
480,site_product_clover,9BCD1WRJ5PY7J,7e491b44-ee14-4059-a7c8-332be1d49d5d,Mazuri Tortoise Food Sac Cricket,,food_packaged,created,product,high,Nourriture,food_packaged,45.00,0,no,no,no,Mazuri,Mazuri Tortoise Food Sac Cricket,enrichir luego publicar,"Patrón nombre → Clover ""Nourriture"" / sitio ""food_packaged""",
481,site_product_clover,T87QB5HF8J1XY,89b7a794-9953-433d-b06b-74b630fee4b4,PB001 Probugs Dubia Cockroaches,Nourriture,food_packaged,created,product,high,Nourriture,food_packaged,4.99,0,no,no,no,,Probugs Dubia Cockroaches,enrichir luego publicar,Mapeo directo Clover → sitio (sin cambiar Clover),
482,site_product_clover,4TK41BSVWW166,5bb46dff-e40c-43e1-8a2c-f77e1305d757,PB003 Probugs Dubia Coakroaches - Small 150 gr,Nourriture,food_packaged,created,product,high,Nourriture,food_packaged,59.00,0,no,no,no,,Probugs Dubia Coakroaches - Small 150 gr,enrichir luego publicar,Mapeo directo Clover → sitio (sin cambiar Clover),
483,site_product_clover,TQVN8B5HWS5J0,1af4cbbb-1694-4009-88c9-9cd9513348e0,PB017 Probugs Grasshoppers,Nourriture,food_packaged,created,product,high,Nourriture,food_packaged,4.99,0,no,no,no,,Probugs Grasshoppers,enrichir luego publicar,Mapeo directo Clover → sitio (sin cambiar Clover),
484,site_product_clover,CGZ28960A5CF2,ea5d9d24-7df8-4a10-a5a5-cc553159bbb2,PB026 Probugs Eco-Fresh Soldier Fly Larvae (Vers Phoenix),Nourriture,food_packaged,created,product,high,Nourriture,food_packaged,4.50,0,no,no,no,,Probugs Eco-Fresh Soldier Fly Larvae (Vers Phoenix),enrichir luego publicar,Mapeo directo Clover → sitio (sin cambiar Clover),
485,site_product_clover,PAJJA0R25SQ0A,31a49fe4-71e8-49e7-81ec-ed95f5dbde73,PB035 Probugs Eco-Fresh Centipede,Nourriture,food_packaged,created,product,high,Nourriture,food_packaged,13.50,0,no,no,no,,Probugs Eco-Fresh Centipede,enrichir luego publicar,Mapeo directo Clover → sitio (sin cambiar Clover),
486,site_product_clover,2JNHW6CAXHMFC,5c500af1-1220-4e3b-8be9-246c1c9fb1a8,PB038 ProBugs Eco-Fresh Scorpion,Nourriture,food_packaged,created,product,high,Nourriture,food_packaged,11.99,0,no,no,no,,ProBugs Eco-Fresh Scorpion,enrichir luego publicar,Mapeo directo Clover → sitio (sin cambiar Clover),
487,site_product_clover,0BAY9H3YAGA0Y,38fd563a-e61b-4119-8817-ee26f7dc8c1e,PB101 Probugs Dubia Cockroach Dubipurée 80g,Nourriture,food_packaged,created,product,high,Nourriture,food_packaged,14.99,0,no,no,no,,Probugs Dubia Cockroach Dubipurée 80g,enrichir luego publicar,Mapeo directo Clover → sitio (sin cambiar Clover),
488,site_product_clover,GBQQBGW0X701J,d86ffd2b-fe76-4287-aae6-7c847ea8a047,PB104 Probugs DubiPurée Sticks 5g x 12,Nourriture,food_packaged,created,product,high,Nourriture,food_packaged,14.99,0,no,no,no,,Probugs DubiPurée Sticks 5g x 12,enrichir luego publicar,Mapeo directo Clover → sitio (sin cambiar Clover),
489,site_product_clover,ZY5GA5A8097WC,8addc847-21ee-4d38-b932-d390ea2f7010,PB107 Probugs Hornworm Hornipurée 80g,Nourriture,food_packaged,created,product,high,Nourriture,food_packaged,14.99,0,no,no,no,,Probugs Hornworm Hornipurée 80g,enrichir luego publicar,Mapeo directo Clover → sitio (sin cambiar Clover),
490,site_product_clover,R1CYPRKGCE47W,5f5b3381-752a-4f88-8150-6722f14b0479,PB110 HorniPurée Sticks 5g x 12,Nourriture,food_packaged,created,product,high,Nourriture,food_packaged,14.99,0,no,no,no,,HorniPurée Sticks 5g x 12,enrichir luego publicar,Mapeo directo Clover → sitio (sin cambiar Clover),
491,site_product_clover,8JYCDTKCJXR94,46f3325b-0129-4e44-8d25-8f8bdfaa2032,PB113 Probugs Silkworm Silkipurée 80g,Nourriture,food_packaged,created,product,high,Nourriture,food_packaged,14.99,0,no,no,no,,Probugs Silkworm Silkipurée 80g,enrichir luego publicar,Mapeo directo Clover → sitio (sin cambiar Clover),
492,site_product_clover,FDAW5XXERY1GG,cb311763-a24e-498d-85d3-474e3ccc05e8,PB116 SilkiPurée Sticks 5g x 12,Nourriture,food_packaged,created,product,high,Nourriture,food_packaged,14.99,0,no,no,no,,SilkiPurée Sticks 5g x 12,enrichir luego publicar,Mapeo directo Clover → sitio (sin cambiar Clover),
493,site_product_clover,ST966YZJ26B82,05591f89-8b48-4c6f-a386-7d45d97fce91,PB119 CrickiPurée Bag 80gr,Nourriture,food_packaged,created,product,high,Nourriture,food_packaged,14.99,0,no,no,no,,CrickiPurée Bag 80gr,enrichir luego publicar,Mapeo directo Clover → sitio (sin cambiar Clover),
494,site_product_clover,CCACD3EDG45AE,9f44f7e4-5b7a-48fc-892b-8c7c3b8704ea,PB122 CrickiPurée Sticks 5g x 12,Nourriture,food_packaged,created,product,high,Nourriture,food_packaged,14.99,0,no,no,no,,CrickiPurée Sticks 5g x 12,enrichir luego publicar,Mapeo directo Clover → sitio (sin cambiar Clover),
495,site_product_clover,AEB4CHTFPQAPG,95393184-b7eb-41e1-9209-f2b82e68d066,PB125 ProBugs InsecXFruits 80g,Nourriture,food_packaged,created,product,high,Nourriture,food_packaged,14.99,0,no,no,no,,ProBugs InsecXFruits 80g,enrichir luego publicar,Mapeo directo Clover → sitio (sin cambiar Clover),
496,site_product_clover,NCBVVJPBX5Z9Y,4827d949-096b-4631-b19d-2d7b6793ea52,PB128 ProBugs InsecXFruits Banana Stick 5g x 12,Nourriture,food_packaged,created,product,high,Nourriture,food_packaged,14.99,0,no,no,no,,ProBugs InsecXFruits Banana Stick 5g x 12,enrichir luego publicar,Mapeo directo Clover → sitio (sin cambiar Clover),
497,site_product_clover,53C3C7MTXYBF4,2d04b6fa-8f28-49f4-aa3c-32ad488d4f66,PB134 ProBugs InsectXFruits Watermelon Stick 5g x 12,Nourriture,food_packaged,created,product,high,Nourriture,food_packaged,14.99,0,no,no,no,,ProBugs InsectXFruits Watermelon Stick 5g x 12,enrichir luego publicar,Mapeo directo Clover → sitio (sin cambiar Clover),
498,site_product_clover,XKAZD9RGAW37A,edc8d739-adec-453a-b526-afbaa8d7ecd3,PT1950 Can Sauterelles 34g,Nourriture,food_packaged,created,product,high,Nourriture,food_packaged,5.79,0,no,no,no,Exo Terra,Can Sauterelles 34g,enrichir luego publicar,Mapeo directo Clover → sitio (sin cambiar Clover),
499,site_product_clover,GHM13B5GT4DBW,1f7934e2-ad94-4c4c-9735-66fa59085db1,PT1952 Can Sauterelles (TG) 34g,Nourriture,food_packaged,created,product,high,Nourriture,food_packaged,5.79,0,no,no,no,Exo Terra,Can Sauterelles (TG) 34g,enrichir luego publicar,Mapeo directo Clover → sitio (sin cambiar Clover),
500,site_product_clover,QFY57GEX3H3FW,bcc75f60-96ff-4493-93fb-242cbb736d91,PT1954 Can Vers Soie (M) 34g,Nourriture,food_packaged,created,product,high,Nourriture,food_packaged,5.79,0,no,no,no,Exo Terra,Can Vers Soie (M) 34g,enrichir luego publicar,Mapeo directo Clover → sitio (sin cambiar Clover),
501,site_product_clover,80FMF045Y4K02,f12e2c44-7607-498d-870d-dae7311ac79d,PT1956 Can Escargot 48g,Nourriture,food_packaged,created,product,high,Nourriture,food_packaged,5.99,0,no,no,no,Exo Terra,Can Escargot 48g,enrichir luego publicar,Mapeo directo Clover → sitio (sin cambiar Clover),
502,site_product_clover,8XQN2VEP2KE8E,19989f96-345f-49fc-8616-d9b37184dbe1,PT1958 Can Vers Farine 34g,Nourriture,food_packaged,created,product,high,Nourriture,food_packaged,5.49,0,no,no,no,Exo Terra,Can Vers Farine 34g,enrichir luego publicar,Mapeo directo Clover → sitio (sin cambiar Clover),
503,site_product_clover,QPPNHH7ZP7ETC,927bca40-71b6-46a1-938b-3cbb6106b8c1,PT1960 Can Grillon 34g,Nourriture,food_packaged,created,product,high,Nourriture,food_packaged,5.79,0,no,no,no,Exo Terra,Can Grillon 34g,enrichir luego publicar,Mapeo directo Clover → sitio (sin cambiar Clover),
504,site_product_clover,NGT9HVYRW0JDM,0314596d-89ee-4ea8-874f-c3d39d27f7eb,PT1962 Can Grillons (TG) 34g,Nourriture,food_packaged,created,product,high,Nourriture,food_packaged,5.79,0,no,no,no,Exo Terra,Can Grillons (TG) 34g,enrichir luego publicar,Mapeo directo Clover → sitio (sin cambiar Clover),
505,site_product_clover,7N8AQHYP1XYJ0,68aab6a5-c853-48fa-ad59-1c2afa6f3bd9,PT1964 Can Vers Morio 34g,Nourriture,food_packaged,created,product,high,Nourriture,food_packaged,5.79,0,no,no,no,Exo Terra,Can Vers Morio 34g,enrichir luego publicar,Mapeo directo Clover → sitio (sin cambiar Clover),
506,site_product_clover,ZBJ4CTR98QSC4,61b59326-cca4-49c4-8aef-4fc4aedff1d5,PT1966 Can Larves Mouches 34g,Nourriture,food_packaged,created,product,high,Nourriture,food_packaged,5.79,0,no,no,no,Exo Terra,Can Larves Mouches 34g,enrichir luego publicar,Mapeo directo Clover → sitio (sin cambiar Clover),
507,site_product_clover,J0XPX5FYQJJJA,7b106a05-3628-45d6-8eb5-d68ef9ed0d46,PT3260 Exo Terra Aliment pour Geckos A Crete (8 coupes) (PT3259),Nourriture,food_packaged,created,product,high,Nourriture,food_packaged,10.99,0,no,no,no,Exo Terra,Exo Terra Aliment pour Geckos A Crete (8 coupes) (PT3259),enrichir luego publicar,Mapeo directo Clover → sitio (sin cambiar Clover),
508,site_product_clover,N3XK64RC71RRE,42b88cf3-c3fd-4367-8600-6c7b041a02a1,Poussin 1 Jour Caille Congelée,Nourriture,food_packaged,created,product,high,Nourriture,food_packaged,2.00,0,no,no,no,,Poussin 1 Jour Caille Congelée,enrichir luego publicar,Mapeo directo Clover → sitio (sin cambiar Clover),
509,site_product_clover,YSQF7AWB6W2HR,18efb562-7a44-486b-91da-b25e1813a93a,Poussin De Caille 5 Jours,Nourriture,food_packaged,created,product,high,Nourriture,food_packaged,2.50,0,no,no,no,,Poussin De Caille 5 Jours,enrichir luego publicar,Mapeo directo Clover → sitio (sin cambiar Clover),
510,site_product_clover,XSP91SMVS9TY4,3369276e-92d7-4bf5-99d9-7bdd56e74b07,RC Bouffe Maison Insectivore,,food_packaged,created,product,high,Nourriture,food_packaged,10.00,0,no,no,no,,Bouffe Maison Insectivore,enrichir luego publicar,"Patrón nombre → Clover ""Nourriture"" / sitio ""food_packaged""",
511,site_product_clover,APSYHQYY87VZ4,e9e8212f-c162-4221-850a-2bd96e29bc39,RR1020 Omega One Newt and Salamander pellets 1.2oz,Nourriture,food_packaged,created,product,high,Nourriture,food_packaged,9.99,0,no,no,no,,Omega One Newt and Salamander pellets 1.2oz,enrichir luego publicar,Mapeo directo Clover → sitio (sin cambiar Clover),
512,site_product_clover,D0ME3HCT7M42C,8c3d6382-6940-4770-9c75-797703ff1d9e,RR1102 Blue River Diets Mango Madness Gecko Diet 60g,Nourriture,food_packaged,created,product,high,Nourriture,food_packaged,11.35,0,no,no,no,,Blue River Diets Mango Madness Gecko Diet 60g,enrichir luego publicar,Mapeo directo Clover → sitio (sin cambiar Clover),
513,site_product_clover,DG1SX7S7C9992,b985830d-9203-4153-a990-3a8c0531f18e,RR4112 Mazuri Herbivorous Reptile Diet 8oz,Nourriture,food_packaged,created,product,high,Nourriture,food_packaged,26.99,0,no,no,no,Mazuri,Mazuri Herbivorous Reptile Diet 8oz,enrichir luego publicar,Mapeo directo Clover → sitio (sin cambiar Clover),
514,site_product_clover,EZTSDSGMVXPSM,a9451f88-53ac-46ba-8ad1-29bf62f0ba45,RR4116 Mazuri Tortoise LS Diet 12oz,,food_packaged,created,product,high,Nourriture,food_packaged,21.99,0,no,no,no,Mazuri,Mazuri Tortoise LS Diet 12oz,enrichir luego publicar,"Patrón nombre → Clover ""Nourriture"" / sitio ""food_packaged""",
515,site_product_clover,2B2TG1F2XY8ER,2bd2f4ba-5e60-4f7a-9459-e1ef9f1dcfb2,RR4117 Mazuri 5E5L Tortoise Diet LS,,food_packaged,created,product,high,Nourriture,food_packaged,185.00,0,no,no,no,Mazuri,Mazuri 5E5L Tortoise Diet LS,enrichir luego publicar,"Patrón nombre → Clover ""Nourriture"" / sitio ""food_packaged""",
516,site_product_clover,37EM3FRW4MH9E,e8f2b62c-1ec7-450a-bb0b-610d01bad684,RR4118 Mazuri Tortoise Diet 1.25lb,Nourriture,food_packaged,created,product,high,Nourriture,food_packaged,17.99,0,no,no,no,Mazuri,Mazuri Tortoise Diet 1.25lb,enrichir luego publicar,Mapeo directo Clover → sitio (sin cambiar Clover),
517,site_product_clover,KS9Y90HE4TZJW,0816b6b7-7aa9-4836-8cd2-a31555b6c762,RR4119   5M21 Mazuri Tortoise Diet,Nourriture,food_packaged,created,product,high,Nourriture,food_packaged,125.99,0,no,no,no,Mazuri,RR4119   5M21 Mazuri Tortoise Diet,enrichir luego publicar,Mapeo directo Clover → sitio (sin cambiar Clover),
518,site_product_clover,SX1BJ5AG4GD9R,928e1155-4c58-4df0-85e4-fa6ab5c2b700,RR4120 MazuriAquatic Turtle Diet 12oz,Nourriture,food_packaged,created,product,high,Nourriture,food_packaged,29.99,0,no,no,no,Mazuri,MazuriAquatic Turtle Diet 12oz,enrichir luego publicar,Mapeo directo Clover → sitio (sin cambiar Clover),
519,site_product_clover,GFHCMYAGMKBT4,c39c89c1-f4c3-461c-867e-32a11d4e373d,RR4123 Mazuri Better Bug Gut Loading Diet 8oz,Nourriture,food_packaged,created,product,high,Nourriture,food_packaged,23.99,0,no,no,no,Mazuri,Mazuri Better Bug Gut Loading Diet 8oz,enrichir luego publicar,Mapeo directo Clover → sitio (sin cambiar Clover),
520,site_product_clover,X7V55CD2Y4Z7E,c7c939b8-7eb1-4a1c-a75d-c4e6aaa34c21,RR4150 Komodo Jelly Pots Mixed Flavours Display,Nourriture,food_packaged,created,product,high,Nourriture,food_packaged,0.99,0,no,no,no,,Komodo Jelly Pots Mixed Flavours Display,enrichir luego publicar,Mapeo directo Clover → sitio (sin cambiar Clover),
521,site_product_clover,Q95DV7FYX341C,5b49ac9c-eb11-4212-a78b-a9a12390bf07,Z548 Zoomed Cricket Calcium & Gutload Block,Nourriture,food_packaged,created,product,high,Nourriture,food_packaged,2.99,0,no,no,no,Zoo Med,Zoomed Cricket Calcium & Gutload Block,enrichir luego publicar,Mapeo directo Clover → sitio (sin cambiar Clover),
522,site_product_clover,S2BHJQT3DBXFE,6228d20a-b71c-4319-9136-7f29752f022d,Z6901 Gourmet Reptisticks 8.5oz,Nourriture,food_packaged,created,product,high,Nourriture,food_packaged,25.99,0,no,no,no,,Gourmet Reptisticks 8.5oz,enrichir luego publicar,Mapeo directo Clover → sitio (sin cambiar Clover),
523,site_product_clover,CGWFNZ7ZC1H0E,95b4a215-6663-4370-8279-28ae53e128a6,Z6911 Gourmet Box Turtle Food 15oz,Nourriture,food_packaged,created,product,high,Nourriture,food_packaged,23.99,0,no,no,no,,Gourmet Box Turtle Food 15oz,enrichir luego publicar,Mapeo directo Clover → sitio (sin cambiar Clover),
524,site_product_clover,7JGE29GBFEFEA,c5df6c85-44b4-402f-a501-7c5974d6b4c8,Z6921 Gourmet Tortoise Food 13.5 oz,Nourriture,food_packaged,created,product,high,Nourriture,food_packaged,18.99,0,no,no,no,,Gourmet Tortoise Food 13.5 oz,enrichir luego publicar,Mapeo directo Clover → sitio (sin cambiar Clover),
525,site_product_clover,A3BS5XC2XXMMR,b9129295-48fa-48c9-9724-c1f7fe2d9387,Z6931Gourmet Bearded Dragon Food 15oz,Nourriture,food_packaged,created,product,high,Nourriture,food_packaged,21.99,0,no,no,no,,Z6931Gourmet Bearded Dragon Food 15oz,enrichir luego publicar,Mapeo directo Clover → sitio (sin cambiar Clover),
526,site_product_clover,AW9YAK6F63204,fb4f6bbe-2082-4fb8-a80e-6a2b223709a6,Z6941 Gourmet Iguana Food 13oz,Nourriture,food_packaged,created,product,high,Nourriture,food_packaged,19.99,0,no,no,no,,Gourmet Iguana Food 13oz,enrichir luego publicar,Mapeo directo Clover → sitio (sin cambiar Clover),
527,site_product_clover,8RHRY8WB4ZYB2,9cf3332c-9d11-42be-9a86-24842606d78f,Z700 Aquatic Turtle Banquet Block 0.5oz,Nourriture,food_packaged,created,product,high,Nourriture,food_packaged,2.99,0,no,no,no,,Aquatic Turtle Banquet Block 0.5oz,enrichir luego publicar,Mapeo directo Clover → sitio (sin cambiar Clover),
528,site_product_clover,BW505MD6WNRN2,37c26559-e227-469a-882d-1e7863da4c65,Z700A Aquatic Turtle Banquet Block 1.4oz,Nourriture,food_packaged,created,product,high,Nourriture,food_packaged,5.49,0,no,no,no,,Aquatic Turtle Banquet Block 1.4oz,enrichir luego publicar,Mapeo directo Clover → sitio (sin cambiar Clover),
529,site_product_clover,EKD9XEE32QDW6,5d03dbde-fe36-4390-8926-5f7b6079abb9,Z704 Natural Aquatic Turtle Food - Growth Formula 30oz,Nourriture,food_packaged,created,product,high,Nourriture,food_packaged,23.99,0,no,no,no,,Natural Aquatic Turtle Food - Growth Formula 30oz,enrichir luego publicar,Mapeo directo Clover → sitio (sin cambiar Clover),
530,site_product_clover,A0NMDQAC4VCF4,a618796a-1910-4601-9f7a-05b1ebb4d2ef,Z7041 Natural Aquatic Turtle Food - Growth Formula 54oz,Nourriture,food_packaged,created,product,high,Nourriture,food_packaged,38.99,0,no,no,no,,Natural Aquatic Turtle Food - Growth Formula 54oz,enrichir luego publicar,Mapeo directo Clover → sitio (sin cambiar Clover),
531,site_product_clover,RAQZ9HNPQ3YH0,c386ad1d-9f20-4c51-a6ab-9ea4f850ce2f,Z710A Zoomed Tortoise Banquet Block,Nourriture,food_packaged,created,product,high,Nourriture,food_packaged,6.99,0,no,no,no,Zoo Med,Zoomed Tortoise Banquet Block,enrichir luego publicar,Mapeo directo Clover → sitio (sin cambiar Clover),
532,site_product_clover,R0Y68BJHE0C6W,f0a92b0a-92dc-42c2-b57c-92155b3e7b98,Z7121 Natural Box Turtle Food 20oz,Nourriture,food_packaged,created,product,high,Nourriture,food_packaged,16.99,0,no,no,no,,Natural Box Turtle Food 20oz,enrichir luego publicar,Mapeo directo Clover → sitio (sin cambiar Clover),
533,site_product_clover,FGYG96EWS2ZP0,00c5a68c-0b83-4838-b405-480c3aa59cc9,Z7141 Grassland Tortoise Food 15oz,Nourriture,food_packaged,created,product,high,Nourriture,food_packaged,11.99,0,no,no,no,,Grassland Tortoise Food 15oz,enrichir luego publicar,Mapeo directo Clover → sitio (sin cambiar Clover),
534,site_product_clover,RM8S0W0YQ4408,335ff109-0314-4093-b4d8-53c7c4a3b832,Z7151 Aquatic Turtle Food Maintenance Formula 12oz,Nourriture,food_packaged,created,product,high,Nourriture,food_packaged,12.00,0,no,no,no,,Aquatic Turtle Food Maintenance Formula 12oz,enrichir luego publicar,Mapeo directo Clover → sitio (sin cambiar Clover),
535,site_product_clover,VGSVSCGJ8M37M,9a45154f-1cdb-4cf9-b6ae-64ba39339189,Z7152 Aquatic Turtle Food Maintenance Formula 24oz,Nourriture,food_packaged,created,product,high,Nourriture,food_packaged,22.99,0,no,no,no,,Aquatic Turtle Food Maintenance Formula 24oz,enrichir luego publicar,Mapeo directo Clover → sitio (sin cambiar Clover),
536,site_product_clover,NVZTZ72XMA9KM,4da00a35-e5d6-4ff2-8ce8-89af6a76ad07,Z7153 Aquatic Turtle Food Maintenace Formula 45oz,Nourriture,food_packaged,created,product,high,Nourriture,food_packaged,32.99,0,no,no,no,,Aquatic Turtle Food Maintenace Formula 45oz,enrichir luego publicar,Mapeo directo Clover → sitio (sin cambiar Clover),
537,site_product_clover,0XE416468WKRE,71f6b73d-e7b8-4c6a-98fc-85746f910e4a,Z7161 Gourmet Aquatic Turtle Food 11oz,Nourriture,food_packaged,created,product,high,Nourriture,food_packaged,18.99,0,no,no,no,,Gourmet Aquatic Turtle Food 11oz,enrichir luego publicar,Mapeo directo Clover → sitio (sin cambiar Clover),
538,site_product_clover,S59M13ZV603WM,a36aa551-eebe-480a-b094-76e3c46e5cbd,Z7172 Reptisticks - Floating Aquatic Turtle Food 8 oz,Nourriture,food_packaged,created,product,high,Nourriture,food_packaged,14.99,0,no,no,no,,Reptisticks - Floating Aquatic Turtle Food 8 oz,enrichir luego publicar,Mapeo directo Clover → sitio (sin cambiar Clover),
539,site_product_clover,G54399AYSXFA4,1e4d2d3f-b34d-495b-9d3d-ebc8cb29ada4,Z7173 ReptiSticks Floating Aquatic Turtle Food 1lb 2oz,Nourriture,food_packaged,created,product,high,Nourriture,food_packaged,29.99,0,no,no,no,,ReptiSticks Floating Aquatic Turtle Food 1lb 2oz,enrichir luego publicar,Mapeo directo Clover → sitio (sin cambiar Clover),
540,site_product_clover,Z6J286GQXTV24,d0fea80d-23f4-46ab-aa0c-c8cc914a2c6f,Z7174 ReptiSticks Floating Aquatic Turtle Food  2.2lbs,Nourriture,food_packaged,created,product,high,Nourriture,food_packaged,53.99,0,no,no,no,,ReptiSticks Floating Aquatic Turtle Food  2.2lbs,enrichir luego publicar,Mapeo directo Clover → sitio (sin cambiar Clover),
541,site_product_clover,CFJNYN9260CQJ,28c15071-6b68-4692-bec4-8edc1bc27a54,Z719A Zoomed Grassland Tortoise Crumbles 16 oz,Nourriture,food_packaged,created,product,high,Nourriture,food_packaged,13.99,0,no,no,no,Zoo Med,Zoomed Grassland Tortoise Crumbles 16 oz,enrichir luego publicar,Mapeo directo Clover → sitio (sin cambiar Clover),
542,site_product_clover,JV33ANNRX2MBY,0fa4b781-ccb3-4cd9-a441-07c27b0e3903,Z721 CanO Superworm,Nourriture,food_packaged,created,product,high,Nourriture,food_packaged,6.99,0,no,no,no,,CanO Superworm,enrichir luego publicar,Mapeo directo Clover → sitio (sin cambiar Clover),
543,site_product_clover,B0539ZGX87W72,fecab601-0190-4ae5-a509-6c77ef8d75d8,Z726M Mini Mealies,Nourriture,food_packaged,created,product,high,Nourriture,food_packaged,8.49,0,no,no,no,,Mini Mealies,enrichir luego publicar,Mapeo directo Clover → sitio (sin cambiar Clover),
544,site_product_clover,1AH6GAWMCXT7P,246e2b6b-ca5a-417e-8b19-aade57d84679,Z730 Can O Bloodworm,Nourriture,food_packaged,created,product,high,Nourriture,food_packaged,8.49,0,no,no,no,,Can O Bloodworm,enrichir luego publicar,Mapeo directo Clover → sitio (sin cambiar Clover),
545,site_product_clover,E44PPEEEFF060,775486f7-d98a-465e-ab3d-bc4c33f2eb5f,Z730A Can O Cyclops,Nourriture,food_packaged,created,product,high,Nourriture,food_packaged,8.49,0,no,no,no,,Can O Cyclops,enrichir luego publicar,Mapeo directo Clover → sitio (sin cambiar Clover),
546,site_product_clover,F9FM63C65FSQC,8824bb36-c8fb-4b0d-93af-18895947db8e,Z731 Zoomed Red Shrimp 2.5 oz,Nourriture,food_packaged,created,product,high,Nourriture,food_packaged,10.99,0,no,no,no,Zoo Med,Zoomed Red Shrimp 2.5 oz,enrichir luego publicar,Mapeo directo Clover → sitio (sin cambiar Clover),
547,site_product_clover,2WXAFGCXGQNCR,0be556fe-b150-4adb-8567-209db8276a09,Z731A Red Shrimp 5 oz,Nourriture,food_packaged,created,product,high,Nourriture,food_packaged,17.49,0,no,no,no,,Red Shrimp 5 oz,enrichir luego publicar,Mapeo directo Clover → sitio (sin cambiar Clover),
548,site_product_clover,B2AWES7F4WFX6,9b94e96e-d5ee-4fd7-a554-200b1ca6f732,Z732A Pacman Frog Food 10oz.,Nourriture,food_packaged,created,product,high,Nourriture,food_packaged,16.99,0,no,no,no,,Pacman Frog Food 10oz.,enrichir luego publicar,Mapeo directo Clover → sitio (sin cambiar Clover),
549,site_product_clover,F45FSJRH5K6SA,32afe84d-62d7-43bf-9cc1-228ecf1ed140,Z734 Anolis Food 0.4 oz,Nourriture,food_packaged,created,product,high,Nourriture,food_packaged,8.99,0,no,no,no,,Anolis Food 0.4 oz,enrichir luego publicar,Mapeo directo Clover → sitio (sin cambiar Clover),
550,site_product_clover,H20QHKS773H7G,42087c4d-959f-4a4a-b913-6e7c1d9a4164,Z738 Axolotl & Aquatic Newt Food,Nourriture,food_packaged,created,product,high,Nourriture,food_packaged,6.99,0,no,no,no,,Axolotl & Aquatic Newt Food,enrichir luego publicar,Mapeo directo Clover → sitio (sin cambiar Clover),
551,site_product_clover,F8G7Z73MN2SWW,a1ee1c45-7362-43f2-b0e7-535dece986b6,Z741 Natural Iguana Food Juv.20 oz,Nourriture,food_packaged,created,product,high,Nourriture,food_packaged,13.99,0,no,no,no,,Natural Iguana Food Juv.20 oz,enrichir luego publicar,Mapeo directo Clover → sitio (sin cambiar Clover),
552,site_product_clover,CFDPWCRBPVJTE,60f72dfc-5cbb-4489-bc9e-50738f629f39,Z751 Natural Adult Iguana Food,Nourriture,food_packaged,created,product,high,Nourriture,food_packaged,11.99,0,no,no,no,,Natural Adult Iguana Food,enrichir luego publicar,Mapeo directo Clover → sitio (sin cambiar Clover),
553,site_product_clover,J1KT3P1H97M6A,c10624f2-05eb-4980-8b22-18d1445c8968,Z761 Bearded Dragon Food  Adult wet,Nourriture,food_packaged,created,product,high,Nourriture,food_packaged,6.99,0,no,no,no,,Bearded Dragon Food  Adult wet,enrichir luego publicar,Mapeo directo Clover → sitio (sin cambiar Clover),
554,site_product_clover,XPGPEXN2GHY1M,f40694da-e044-4541-82f3-b18bf7c4214e,Z763 Natural Juvenile Bearded Dragon Food,Nourriture,food_packaged,created,product,high,Nourriture,food_packaged,13.99,0,no,no,no,,Natural Juvenile Bearded Dragon Food,enrichir luego publicar,Mapeo directo Clover → sitio (sin cambiar Clover),
555,site_product_clover,Z3F7TX9G75APT,db7e8889-9512-440c-9b3b-c27fb5fc1930,Z768 Natural Adult Bearded Dragon Food,Nourriture,food_packaged,created,product,high,Nourriture,food_packaged,13.99,0,no,no,no,,Natural Adult Bearded Dragon Food,enrichir luego publicar,Mapeo directo Clover → sitio (sin cambiar Clover),
556,site_product_clover,XHPG4H440QS8Y,2aea065a-ec4f-4ba4-90ac-e325772069da,Z769 Blue Tongue Skink Food Crumbles 8oz,Nourriture,food_packaged,created,product,high,Nourriture,food_packaged,9.99,0,no,no,no,,Blue Tongue Skink Food Crumbles 8oz,enrichir luego publicar,Mapeo directo Clover → sitio (sin cambiar Clover),
557,site_product_clover,YZNDZSTHJ9FBJ,3bbd693d-d0de-4571-a545-0c5bed84e218,Z773 Crested Gecko Food Variety Pack,Nourriture,food_packaged,created,product,high,Nourriture,food_packaged,31.99,0,no,no,no,,Crested Gecko Food Variety Pack,enrichir luego publicar,Mapeo directo Clover → sitio (sin cambiar Clover),
558,site_product_clover,FC0SZKR9354BY,d5f627b5-e614-416d-9631-37866278cdc3,Z775B Crested Gecko Fodd Watermelon Flavor 8oz,Nourriture,food_packaged,created,product,high,Nourriture,food_packaged,33.99,0,no,no,no,,Crested Gecko Fodd Watermelon Flavor 8oz,enrichir luego publicar,Mapeo directo Clover → sitio (sin cambiar Clover),
559,site_product_clover,HRXGQXQ4JYNGJ,2bd64d71-92cd-416b-b96d-f9525e2f2060,Z776B Crested Gecko Food Tropical Fruit Flavor 8oz,Nourriture,food_packaged,created,product,high,Nourriture,food_packaged,33.99,0,no,no,no,,Crested Gecko Food Tropical Fruit Flavor 8oz,enrichir luego publicar,Mapeo directo Clover → sitio (sin cambiar Clover),
560,site_product_clover,TSD6D60BDYJ7A,5cca125c-7244-4c01-bf4a-925e7faa2e4e,Z778C Crested Gecko Food Blueberry 1lb,Nourriture,food_packaged,created,product,high,Nourriture,food_packaged,57.99,0,no,no,no,,Crested Gecko Food Blueberry 1lb,enrichir luego publicar,Mapeo directo Clover → sitio (sin cambiar Clover),
561,site_product_clover,5GS9VTYZ24MMY,ff0d6527-e14f-4eff-a787-96928dc21a1d,Z935 Zoomed Creatures Isopods Medley Food 1.4 oz,Nourriture,food_packaged,created,product,high,Nourriture,food_packaged,7.99,0,no,no,no,Zoo Med,Zoomed Creatures Isopods Medley Food 1.4 oz,enrichir luego publicar,Mapeo directo Clover → sitio (sin cambiar Clover),
562,site_product_clover,5546NRA3Z8TZY,7b0e9563-9abf-4fb9-a314-d74b509a0e0f,Z936 Zoomed Creatures  Isopod Banquet Block,Nourriture,food_packaged,created,product,high,Nourriture,food_packaged,2.99,0,no,no,no,Zoo Med,Zoomed Creatures  Isopod Banquet Block,enrichir luego publicar,Mapeo directo Clover → sitio (sin cambiar Clover),
563,site_product_clover,PY9BYT5W3AZ76,27f9e0f6-6d08-4de1-b6bd-5b37ca92c99c,Z937 Creatures Beetle Food,Nourriture,food_packaged,created,product,high,Nourriture,food_packaged,5.25,0,no,no,no,,Creatures Beetle Food,enrichir luego publicar,Mapeo directo Clover → sitio (sin cambiar Clover),
564,site_product_clover,728EGNGDZT4JR,9a974648-727a-4581-9233-d62aa4d6adbd,48905  Arcadia Pro Ceramic Lamp Holder,Lumiere,lighting,created,product,high,Lumiere,lighting,36.00,0,no,no,no,,Arcadia Pro Ceramic Lamp Holder,enrichir luego publicar,Mapeo directo Clover → sitio (sin cambiar Clover),
565,site_product_clover,4T3TY6D73WHW8,2207923d-1330-4df0-9925-af5921fba917,48931 Arcadia D3 Plus Forest Lamp T5,Lumiere,lighting,created,product,high,Lumiere,lighting,35.99,0,no,no,no,,Arcadia D3 Plus Forest Lamp T5,enrichir luego publicar,Mapeo directo Clover → sitio (sin cambiar Clover),
566,site_product_clover,7HG72ZHVNP60R,73a4a930-e07a-431e-806e-9ed814c6b18f,48940 Arcadia D3 Plus Desert Lamp T5 39W,Lumiere,lighting,created,product,high,Lumiere,lighting,38.99,0,no,no,no,,Arcadia D3 Plus Desert Lamp T5 39W,enrichir luego publicar,Mapeo directo Clover → sitio (sin cambiar Clover),
567,site_product_clover,RK17ADBRY9ERA,3e80d7e1-4522-4d9c-a7c2-a59e2a691aca,49011 Shadedweller Lamp T5 8W 2.4%,Lumiere,lighting,created,product,high,Lumiere,lighting,35.00,0,no,no,no,,Shadedweller Lamp T5 8W 2.4%,enrichir luego publicar,Mapeo directo Clover → sitio (sin cambiar Clover),
568,site_product_clover,WAMVMGT7TXM12,584cfed8-47b6-47cc-b62d-6c4d7ddec8b1,Arcadia Jungle Dawn LED Bar 51w RA51W,Lumiere,lighting,created,product,high,Lumiere,lighting,245.99,0,no,no,no,,Arcadia Jungle Dawn LED Bar 51w RA51W,enrichir luego publicar,Mapeo directo Clover → sitio (sin cambiar Clover),
569,site_product_clover,XRD869MXWQWZC,878422c4-ce4b-46dd-971a-a29dc6539460,PT2380 Exo Terra Ampoule et UVB 100 VHO T5 8W,Lumiere,lighting,created,product,high,Lumiere,lighting,39.99,0,no,no,no,Exo Terra,Exo Terra Ampoule et UVB 100 VHO T5 8W,enrichir luego publicar,Mapeo directo Clover → sitio (sin cambiar Clover),
570,site_product_clover,NZJ9AWJY8MHSG,4698cdd1-003b-4f70-8acd-5141535b9a24,PT2381 Exo Terra Ampoule et UVB 100 VHO T5 24W,Lumiere,lighting,created,product,high,Lumiere,lighting,39.99,0,no,no,no,Exo Terra,Exo Terra Ampoule et UVB 100 VHO T5 24W,enrichir luego publicar,Mapeo directo Clover → sitio (sin cambiar Clover),
571,site_product_clover,EN5NHQTTV1AME,31aed2ce-17e6-477b-ac3d-8f45eeaba055,PT2382 Exo Terra Ampoule et UVB 100 VHO T5 39W,Lumiere,lighting,created,product,high,Lumiere,lighting,39.99,0,no,no,no,Exo Terra,Exo Terra Ampoule et UVB 100 VHO T5 39W,enrichir luego publicar,Mapeo directo Clover → sitio (sin cambiar Clover),
572,site_product_clover,ESJR35ZR9A826,5fd438d9-8728-4ed0-baba-38c44672d9f5,PT2383 Exo Terra Ampoule et UVB 100 VHO T5 54W,Lumiere,lighting,created,product,high,Lumiere,lighting,39.99,0,no,no,no,Exo Terra,Exo Terra Ampoule et UVB 100 VHO T5 54W,enrichir luego publicar,Mapeo directo Clover → sitio (sin cambiar Clover),
573,site_product_clover,EN64531M0BXAJ,e57b1298-c8c4-45c7-9594-fba1b3b26b8f,PT2413 Exo Terra Terrasky LED Strip with Remote,Lumiere,lighting,created,product,high,Lumiere,lighting,124.99,0,no,no,no,Exo Terra,Exo Terra Terrasky LED Strip with Remote,enrichir luego publicar,Mapeo directo Clover → sitio (sin cambiar Clover),
574,site_product_clover,5VRMRW18X50X6,c03d6618-642c-4e36-bdba-7dc2ea17e093,PT2426 Exo Terra Ampoule et UVB 200 VHO T5 8W,Lumiere,lighting,created,product,high,Lumiere,lighting,39.99,0,no,no,no,Exo Terra,Exo Terra Ampoule et UVB 200 VHO T5 8W,enrichir luego publicar,Mapeo directo Clover → sitio (sin cambiar Clover),
575,site_product_clover,C4NTW6NHPK78G,b7b08b59-0aea-4067-b954-5a1dcd3546b3,PT2427 Exo Terra Ampoule et UVB 200 VHO T5 24W,Lumiere,lighting,created,product,high,Lumiere,lighting,39.99,0,no,no,no,Exo Terra,Exo Terra Ampoule et UVB 200 VHO T5 24W,enrichir luego publicar,Mapeo directo Clover → sitio (sin cambiar Clover),
576,site_product_clover,1X5N8T8HS2QCT,0ff9bd9a-0ec4-4bbd-84d6-384bb6e60e30,PT2428 Exo Terra Ampoule et UVB 200 VHO T5 39W,Lumiere,lighting,created,product,high,Lumiere,lighting,39.99,0,no,no,no,Exo Terra,Exo Terra Ampoule et UVB 200 VHO T5 39W,enrichir luego publicar,Mapeo directo Clover → sitio (sin cambiar Clover),
577,site_product_clover,56370G7M6MP38,273bb35f-5367-46b0-94b1-c75d7e72d798,PT2429 Exo Terra Ampoule et UVB 200 VHO T5 54W,Lumiere,lighting,created,product,high,Lumiere,lighting,41.99,0,no,no,no,Exo Terra,Exo Terra Ampoule et UVB 200 VHO T5 54W,enrichir luego publicar,Mapeo directo Clover → sitio (sin cambiar Clover),
578,site_product_clover,BNS1V0T0ZX4PG,01255206-61ef-4702-8838-ec0fd2f522a0,PT2430 Exo Terra Ampoule et UVB 300 VHO T5 8W,Lumiere,lighting,created,product,high,Lumiere,lighting,39.99,0,no,no,no,Exo Terra,Exo Terra Ampoule et UVB 300 VHO T5 8W,enrichir luego publicar,Mapeo directo Clover → sitio (sin cambiar Clover),
579,site_product_clover,43KTR4GZY94GE,9849242f-15d2-4cf7-b4e9-337bc7bb47e4,PT2431  Exo Terra Ampoule et UVB 300 VHO T5 24W,Lumiere,lighting,created,product,high,Lumiere,lighting,39.99,0,no,no,no,Exo Terra,Exo Terra Ampoule et UVB 300 VHO T5 24W,enrichir luego publicar,Mapeo directo Clover → sitio (sin cambiar Clover),
580,site_product_clover,71XFW643TS6F6,d92d7d32-a45d-4228-b718-8611005729f9,PT2432  Exo Terra Ampoule et UVB 300 VHO T5 39W,Lumiere,lighting,created,product,high,Lumiere,lighting,39.99,0,no,no,no,Exo Terra,Exo Terra Ampoule et UVB 300 VHO T5 39W,enrichir luego publicar,Mapeo directo Clover → sitio (sin cambiar Clover),
581,site_product_clover,FVY14Q9Y7PB70,1b35034e-0a26-435e-a490-994bc581d5f5,PT2433  Exo Terra Ampoule et UVB 300 VHO T5 54W,Lumiere,lighting,created,product,high,Lumiere,lighting,41.99,0,no,no,no,Exo Terra,Exo Terra Ampoule et UVB 300 VHO T5 54W,enrichir luego publicar,Mapeo directo Clover → sitio (sin cambiar Clover),
582,site_product_clover,KFJBHHKQ3YHM4,f9f0a3a3-b90c-414c-9396-c5b931d60c42,RARLLC1 Arcadia LumenIZE T5 to T5 1.2m Link Cable,Lumiere,lighting,created,product,high,Lumiere,lighting,9.99,0,no,no,no,,RARLLC1 Arcadia LumenIZE T5 to T5 1.2m Link Cable,enrichir luego publicar,Mapeo directo Clover → sitio (sin cambiar Clover),
583,site_product_clover,S5BMC34BADJ24,2614d08f-5411-497b-91ca-2f74eea7ce24,"RARLZ24FZ Arcadia LumenIZE Pro T5 UVB Kit, D3 Forest, 6% UV-B, 24 Watt",,lighting,created,product,high,Lumiere,lighting,174.99,0,no,no,no,,"RARLZ24FZ Arcadia LumenIZE Pro T5 UVB Kit, D3 Forest, 6% UV-B, 24 Watt",enrichir luego publicar,"Patrón nombre → Clover ""Lumiere"" / sitio ""lighting""",
584,site_product_clover,CPF8ZMC58XW8E,d819770b-11c4-41aa-a335-e49f434d4901,"RARLZ24RZ Arcadia LumenIZE Pro T5 UVB Kit, D3+ Desert, 12% UV-B, 24 Watt",,lighting,created,product,high,Lumiere,lighting,174.99,0,no,no,no,,"RARLZ24RZ Arcadia LumenIZE Pro T5 UVB Kit, D3+ Desert, 12% UV-B, 24 Watt",enrichir luego publicar,"Patrón nombre → Clover ""Lumiere"" / sitio ""lighting""",
585,site_product_clover,FWEFRT6F5TR4A,271989e2-4dba-469f-9056-49928655fdbd,"RARLZ39FZ Arcadia LumenIZE Pro T5 UVB Kit, D3 Forest, 6% UV-B, 39 Watt",,lighting,created,product,high,Lumiere,lighting,189.99,0,no,no,no,,"RARLZ39FZ Arcadia LumenIZE Pro T5 UVB Kit, D3 Forest, 6% UV-B, 39 Watt",enrichir luego publicar,"Patrón nombre → Clover ""Lumiere"" / sitio ""lighting""",
586,site_product_clover,F5Q6WK14NC3N8,09f24ebf-3d62-4418-a10c-221ba69107be,"RARLZ39RZ Arcadia LumenIZE Pro T5 UVB Kit, D3+ Desert, 12% UV-B, 39 Watt",,lighting,created,product,high,Lumiere,lighting,189.99,0,no,no,no,,"RARLZ39RZ Arcadia LumenIZE Pro T5 UVB Kit, D3+ Desert, 12% UV-B, 39 Watt",enrichir luego publicar,"Patrón nombre → Clover ""Lumiere"" / sitio ""lighting""",
587,site_product_clover,D8ZQMSRA15BCE,92095df4-7bbf-48dc-92de-72b653548d6f,"RARLZ54FZ Arcadia LumenIZE Pro T5 UVB Kit, D3 Forest, 6% UV-B, 54 Watt",,lighting,created,product,high,Lumiere,lighting,199.99,0,no,no,no,,"RARLZ54FZ Arcadia LumenIZE Pro T5 UVB Kit, D3 Forest, 6% UV-B, 54 Watt",enrichir luego publicar,"Patrón nombre → Clover ""Lumiere"" / sitio ""lighting""",
588,site_product_clover,ZSVV2SSGYP1RY,6a9a4351-287b-49d2-b6a6-27a8db010f74,"RARLZ54RZ Arcadia LumenIZE Pro T5 UVB Kit, D3+ Desert, 12% UV-B, 54 Watt",,lighting,created,product,high,Lumiere,lighting,199.99,0,no,no,no,,"RARLZ54RZ Arcadia LumenIZE Pro T5 UVB Kit, D3+ Desert, 12% UV-B, 54 Watt",enrichir luego publicar,"Patrón nombre → Clover ""Lumiere"" / sitio ""lighting""",
589,site_product_clover,WC73AQDV3HM4C,9734c5fb-ff1c-488b-a7b6-b23d0c0b7939,RARTP14SZ Arcadia Pro T5 ShadeDweller-Max Kit 2.5% UVB 14W,Lumiere,lighting,created,product,high,Lumiere,lighting,124.99,0,no,no,no,,RARTP14SZ Arcadia Pro T5 ShadeDweller-Max Kit 2.5% UVB 14W,enrichir luego publicar,Mapeo directo Clover → sitio (sin cambiar Clover),
590,site_product_clover,EGERSCPWZAN08,04622a1b-553e-4520-9145-9999176503c7,RARTP54RZ Arcadia Pro T5 UVB Kit 12% 54W,,lighting,created,product,high,Lumiere,lighting,182.99,0,no,no,no,,RARTP54RZ Arcadia Pro T5 UVB Kit 12% 54W,enrichir luego publicar,"Patrón nombre → Clover ""Lumiere"" / sitio ""lighting""",
591,site_product_clover,0DPRQJQ7RA1S8,c1ee81e5-f1cc-44bb-a027-2ce4036af112,RC Ceramic Heater 100W,,lighting,created,product,high,Lumiere,lighting,29.99,0,no,no,no,,Ceramic Heater 100W,enrichir luego publicar,"Patrón nombre → Clover ""Lumiere"" / sitio ""lighting""",
592,site_product_clover,EKGBMGJ6DA9FE,e2d98aa3-06ac-4f9c-8082-705ba5b9c97f,RC Ceramic Heater 150W,,lighting,created,product,high,Lumiere,lighting,34.99,0,no,no,no,,Ceramic Heater 150W,enrichir luego publicar,"Patrón nombre → Clover ""Lumiere"" / sitio ""lighting""",
593,site_product_clover,YQNVATZ3WHXV2,03c76a38-e343-4860-8bbf-5dd48512f9a4,RC Ceramic Heater 250W,,lighting,created,product,high,Lumiere,lighting,44.99,0,no,no,no,,Ceramic Heater 250W,enrichir luego publicar,"Patrón nombre → Clover ""Lumiere"" / sitio ""lighting""",
594,site_product_clover,3PHVVV59K9SBY,ebc211c1-8d71-48a4-993d-72e10a397277,RC Ceramic Heater 25W,,lighting,created,product,high,Lumiere,lighting,19.99,0,no,no,no,,Ceramic Heater 25W,enrichir luego publicar,"Patrón nombre → Clover ""Lumiere"" / sitio ""lighting""",
595,site_product_clover,2TKJBMR1JWT40,069985cc-70be-4bce-a482-843477a60b8e,RC Ceramic Heater 50W,,lighting,created,product,high,Lumiere,lighting,22.99,0,no,no,no,,Ceramic Heater 50W,enrichir luego publicar,"Patrón nombre → Clover ""Lumiere"" / sitio ""lighting""",
596,site_product_clover,N47APX1D9EVAW,c36499f2-ca4a-4dde-b4e9-05c26f830cf4,RC Ceramic Heater 75W,,lighting,created,product,high,Lumiere,lighting,24.99,0,no,no,no,,Ceramic Heater 75W,enrichir luego publicar,"Patrón nombre → Clover ""Lumiere"" / sitio ""lighting""",
597,site_product_clover,QKJHG28J409EP,c79fb354-0157-42b3-afb4-55dafeb5bfed,Z111 Ceramic Infrared Heat emitter 150w,Lumiere,lighting,created,product,high,Lumiere,lighting,46.99,0,no,no,no,,Ceramic Infrared Heat emitter 150w,enrichir luego publicar,Mapeo directo Clover → sitio (sin cambiar Clover),
598,site_product_clover,XM35WG7M22TGT,c082d62d-97c9-4c01-aa34-94c5db452223,Z112E Mini Tropical UVB Lighting Combo,,lighting,created,product,high,Lumiere,lighting,46.99,0,no,no,no,,Mini Tropical UVB Lighting Combo,enrichir luego publicar,"Patrón nombre → Clover ""Lumiere"" / sitio ""lighting""",
599,site_product_clover,1G1005ZDGYNPT,4fb421bf-468c-44cd-b29b-f024a05bde99,Z112J Aquatic Turtle UVB & Heat Lighting Combo,,lighting,created,product,high,Lumiere,lighting,84.99,0,no,no,no,,Aquatic Turtle UVB & Heat Lighting Combo,enrichir luego publicar,"Patrón nombre → Clover ""Lumiere"" / sitio ""lighting""",
600,site_product_clover,YB1AFRAM4XGZ4,0a70465b-4b10-4199-9e58-a38fdb13d31c,"Z1135 Clamp Lamp 5 1/2""",Lumiere,lighting,created,product,high,Lumiere,lighting,32.99,0,no,no,no,,"Clamp Lamp 5 1/2""",enrichir luego publicar,Mapeo directo Clover → sitio (sin cambiar Clover),
601,site_product_clover,EA4EMJ44BQGC6,444b64a8-ab90-432c-bd11-3ae30a6dd0ed,"Z1138 Clamp Lamp 8 1/2""",Lumiere,lighting,created,product,high,Lumiere,lighting,38.99,0,no,no,no,,"Clamp Lamp 8 1/2""",enrichir luego publicar,Mapeo directo Clover → sitio (sin cambiar Clover),
602,site_product_clover,YC7H3HZJTTRT8,f5a659fe-c35d-41dc-832a-04e9026cb0a5,"Z1138D Clam Lamp 8 1/2"" Dim",Lumiere,lighting,created,product,high,Lumiere,lighting,51.99,0,no,no,no,,"Clam Lamp 8 1/2"" Dim",enrichir luego publicar,Mapeo directo Clover → sitio (sin cambiar Clover),
603,site_product_clover,XDY6DNMAZADH6,92fbff01-b917-4fc7-a6d4-fe6452a5d98c,Z154 ZooMed Repti Cooler,Lumiere,lighting,created,product,high,Lumiere,lighting,96.99,0,no,no,no,Zoo Med,ZooMed Repti Cooler,enrichir luego publicar,Mapeo directo Clover → sitio (sin cambiar Clover),
604,site_product_clover,VS64FJ10WJR0C,3284339d-62e6-4547-94ea-502a7672865d,Z169 Turtletherm Heater 50W (15GAL),,lighting,created,product,high,Lumiere,lighting,34.99,0,no,no,no,,Turtletherm Heater 50W (15GAL),enrichir luego publicar,"Patrón nombre → Clover ""Lumiere"" / sitio ""lighting""",
605,site_product_clover,QV37PC41EY3NW,3e6aec8d-6582-4098-a026-97801e92ed05,Z169A Turtletherm Heater 100W (30GAL),,lighting,created,product,high,Lumiere,lighting,41.99,0,no,no,no,,Turtletherm Heater 100W (30GAL),enrichir luego publicar,"Patrón nombre → Clover ""Lumiere"" / sitio ""lighting""",
606,site_product_clover,4RTGA1JHKS3MP,b6b60cf9-312f-4af1-a18a-8372bb373350,Z169B Turtletherm Heater 150W (50GAL),,lighting,created,product,high,Lumiere,lighting,63.99,0,no,no,no,,Turtletherm Heater 150W (50GAL),enrichir luego publicar,"Patrón nombre → Clover ""Lumiere"" / sitio ""lighting""",
607,site_product_clover,P1SZKX57GBJNC,ecd4527c-655b-4b40-87d1-de863baec7d3,Z169C Turtletherm Heater 300W (100GAL),,lighting,created,product,high,Lumiere,lighting,74.99,0,no,no,no,,Turtletherm Heater 300W (100GAL),enrichir luego publicar,"Patrón nombre → Clover ""Lumiere"" / sitio ""lighting""",
608,site_product_clover,2H415TDFQYJRP,f58394c0-8a17-470e-a463-2ce35b286a1a,Z224 Reptisun LED/UVB 9 Watt,Lumiere,lighting,created,product,high,Lumiere,lighting,199.99,0,no,no,no,,Reptisun LED/UVB 9 Watt,enrichir luego publicar,Mapeo directo Clover → sitio (sin cambiar Clover),
609,site_product_clover,0FXFM0GR6483R,f4559c19-d330-4286-917d-5da66cc9b17d,Z226 Bearded Dragon Combo Pack (75w basking 10.0 UVB 13W),Lumiere,lighting,created,product,high,Lumiere,lighting,35.99,0,no,no,no,,Bearded Dragon Combo Pack (75w basking 10.0 UVB 13W),enrichir luego publicar,Mapeo directo Clover → sitio (sin cambiar Clover),
610,site_product_clover,4Q828BBVFB688,d0dec7ce-50a4-4e16-a694-339536af03ca,Z226B Basking/Infrared Combo Pack 75W (Night/Day 75w),Lumiere,lighting,created,product,high,Lumiere,lighting,28.49,0,no,no,no,,Basking/Infrared Combo Pack 75W (Night/Day 75w),enrichir luego publicar,Mapeo directo Clover → sitio (sin cambiar Clover),
611,site_product_clover,GP9CVMFGPJEH0,453007da-4cde-493f-baac-cba72736c648,Z226H Basking Spot 100W/5.0 UVB 26w,Lumiere,lighting,created,product,high,Lumiere,lighting,58.99,0,no,no,no,,Basking Spot 100W/5.0 UVB 26w,enrichir luego publicar,Mapeo directo Clover → sitio (sin cambiar Clover),
612,site_product_clover,1Z6J9WX3NBXQ2,32d052a1-f2cc-45a0-ba36-068abd35b1b8,Z229 Reptisun 5.0 UVB 26w,Lumiere,lighting,created,product,high,Lumiere,lighting,48.99,0,no,no,no,,Reptisun 5.0 UVB 26w,enrichir luego publicar,Mapeo directo Clover → sitio (sin cambiar Clover),
613,site_product_clover,TPSS6QTPRE8MW,9a991ef2-2047-477e-b80f-4dc2a628ab01,Z229A Reptisun 10.0 UVB 26w,Lumiere,lighting,created,product,high,Lumiere,lighting,59.99,0,no,no,no,,Reptisun 10.0 UVB 26w,enrichir luego publicar,Mapeo directo Clover → sitio (sin cambiar Clover),
614,site_product_clover,8SXTPC8GXZS0J,112a8f62-5387-496f-a95b-3103b6f42194,Z229B Reptisun 5.0  13W,Lumiere,lighting,created,product,high,Lumiere,lighting,24.99,0,no,no,no,,Reptisun 5.0  13W,enrichir luego publicar,Mapeo directo Clover → sitio (sin cambiar Clover),
615,site_product_clover,MVXD2WQ2MXS5J,21a363f2-aff5-4c9f-9c16-3c3cbcf55cf4,Z229C Reptisun 10.0 13W,Lumiere,lighting,created,product,high,Lumiere,lighting,26.99,0,no,no,no,,Reptisun 10.0 13W,enrichir luego publicar,Mapeo directo Clover → sitio (sin cambiar Clover),
616,site_product_clover,5QS1CVM8BX1QT,fe04b2f1-5253-4bc5-960b-fb92e6c7192f,Z229D Reptisun 3en1      26 watts  z973,Lumiere,lighting,created,product,high,Lumiere,lighting,59.99,0,no,no,no,,Reptisun 3en1      26 watts  z973,enrichir luego publicar,Mapeo directo Clover → sitio (sin cambiar Clover),
617,site_product_clover,ZEFS30M8Q5FH0,cac6b120-ad54-42ad-b423-13e9ef472d8e,Z229E Reptisun Mega Compact UVB Lamp 65W,Lumiere,lighting,created,product,high,Lumiere,lighting,79.99,0,no,no,no,,Reptisun Mega Compact UVB Lamp 65W,enrichir luego publicar,Mapeo directo Clover → sitio (sin cambiar Clover),
618,site_product_clover,18C4NWH1DW1TA,4b997ad6-de87-48bd-9996-f52b35ee8e94,Z231A Powersun UV 80 Watt,Lumiere,lighting,created,product,high,Lumiere,lighting,102.99,0,no,no,no,,Powersun UV 80 Watt,enrichir luego publicar,Mapeo directo Clover → sitio (sin cambiar Clover),
619,site_product_clover,XXYHC1AF7BJW2,5863052a-fe15-4d90-876f-ae497cdd4fea,Z234 Nightlight Red Reptile Bulb 25 W,Lumiere,lighting,created,product,high,Lumiere,lighting,10.49,0,no,no,no,,Nightlight Red Reptile Bulb 25 W,enrichir luego publicar,Mapeo directo Clover → sitio (sin cambiar Clover),
620,site_product_clover,458KEC2QWX03A,2d65582a-c942-43fe-8829-4921130155dc,Z235 Nightlight Red Reptile Bulb 40w,Lumiere,lighting,created,product,high,Lumiere,lighting,12.99,0,no,no,no,,Nightlight Red Reptile Bulb 40w,enrichir luego publicar,Mapeo directo Clover → sitio (sin cambiar Clover),
621,site_product_clover,HKD34Y7M2Y0VR,2da8f11f-3f78-4009-b06a-254a0b52d2fa,Z236 Nightlight Red Reptile Bulb 60w,Lumiere,lighting,created,product,high,Lumiere,lighting,14.99,0,no,no,no,,Nightlight Red Reptile Bulb 60w,enrichir luego publicar,Mapeo directo Clover → sitio (sin cambiar Clover),
622,site_product_clover,T2RXZBXDR8Z4R,31cfbc4e-75b1-4a93-806d-883f1de98c15,Z237 Nightlight Red Reptile Bulb 100w,Lumiere,lighting,created,product,high,Lumiere,lighting,16.49,0,no,no,no,,Nightlight Red Reptile Bulb 100w,enrichir luego publicar,Mapeo directo Clover → sitio (sin cambiar Clover),
623,site_product_clover,VJPFXQ1JY4Y44,66f2bc4d-d1d5-40ad-8a5e-fddc0c3d33c7,Z237C Moonlite Reptile Bulb 60W,Lumiere,lighting,created,product,high,Lumiere,lighting,14.50,0,no,no,no,,Moonlite Reptile Bulb 60W,enrichir luego publicar,Mapeo directo Clover → sitio (sin cambiar Clover),
624,site_product_clover,3RNCGYN7F1EDC,25c4a3c4-bef9-4c33-b6f5-703cc080f7dc,Z237D Moonlite Reptile Bulb 100W,Lumiere,lighting,created,product,high,Lumiere,lighting,18.99,0,no,no,no,,Moonlite Reptile Bulb 100W,enrichir luego publicar,Mapeo directo Clover → sitio (sin cambiar Clover),
625,site_product_clover,HYEZQWR44N1ZW,283b4e95-f1b0-4613-9d9b-ca2b55b529df,Z239 Daylight Blue Reptile Bulb 25w,Lumiere,lighting,created,product,high,Lumiere,lighting,8.99,0,no,no,no,,Daylight Blue Reptile Bulb 25w,enrichir luego publicar,Mapeo directo Clover → sitio (sin cambiar Clover),
626,site_product_clover,F7WCQ4WCR5WV6,148f26b8-2b44-4a6d-b129-6fbf643ec30c,Z240 Daylight Blue Reptile Bulb 40w,Lumiere,lighting,created,product,high,Lumiere,lighting,9.99,0,no,no,no,,Daylight Blue Reptile Bulb 40w,enrichir luego publicar,Mapeo directo Clover → sitio (sin cambiar Clover),
627,site_product_clover,3GMJ71N6CF6FP,f1f07a12-45d3-4bc9-9036-52915c5d4018,Z241 Daylight Blue Reptile Bulb 60w,Lumiere,lighting,created,product,high,Lumiere,lighting,10.99,0,no,no,no,,Daylight Blue Reptile Bulb 60w,enrichir luego publicar,Mapeo directo Clover → sitio (sin cambiar Clover),
628,site_product_clover,MYV3XW4XRTT58,ab40c556-2b3a-4955-bb68-b463cbe5a19d,Z243 Daylight Blue Reptile Bulb 150w,Lumiere,lighting,created,product,high,Lumiere,lighting,10.99,0,no,no,no,,Daylight Blue Reptile Bulb 150w,enrichir luego publicar,Mapeo directo Clover → sitio (sin cambiar Clover),
629,site_product_clover,8S4CR4V0C7ZZG,b217cb5f-72af-4687-97d4-83c4c1e3758e,Z244 Zoomed Infrared Heat Projector 60 Watt,,lighting,created,product,high,Lumiere,lighting,44.99,0,no,no,no,Zoo Med,Zoomed Infrared Heat Projector 60 Watt,enrichir luego publicar,"Patrón nombre → Clover ""Lumiere"" / sitio ""lighting""",
630,site_product_clover,XJJCAEFD0B41R,dce8caa6-602d-4f92-94bf-5dba96bf66f8,Z244A ZooMed Repticare Heat Projector 100W,,lighting,created,product,high,Lumiere,lighting,44.99,0,no,no,no,Zoo Med,ZooMed Repticare Heat Projector 100W,enrichir luego publicar,"Patrón nombre → Clover ""Lumiere"" / sitio ""lighting""",
631,site_product_clover,5CAFGCZT67XM6,64b574ca-54d1-4c37-8a93-84e84445fdcf,Z251R Reptisun 2.5% T5 HO 12'',Lumiere,lighting,created,product,high,Lumiere,lighting,39.99,0,no,no,no,,Reptisun 2.5% T5 HO 12'',enrichir luego publicar,Mapeo directo Clover → sitio (sin cambiar Clover),
632,site_product_clover,4YW1D263G9X2C,312a406b-fa6a-42da-8e91-6f0b52fe4de7,Z251T Reptisun T5 HO 5.0 UVB 15W/12'',Lumiere,lighting,created,product,high,Lumiere,lighting,34.99,0,no,no,no,,Reptisun T5 HO 5.0 UVB 15W/12'',enrichir luego publicar,Mapeo directo Clover → sitio (sin cambiar Clover),
633,site_product_clover,2452NYVFP3XMT,640b6e21-a070-4e5a-8ae1-b4368c06efd9,Z251X Reptisun T5 HO 10.0 UVB 15W/12'',Lumiere,lighting,created,product,high,Lumiere,lighting,37.99,0,no,no,no,,Reptisun T5 HO 10.0 UVB 15W/12'',enrichir luego publicar,Mapeo directo Clover → sitio (sin cambiar Clover),
634,site_product_clover,ABC18AGKJ2TB8,acb8b5a3-d211-4e78-b096-826c654eaff1,"Z252T Reptisun T5 HO 5.0 UVB 24W / 22"" Lamp",Lumiere,lighting,created,product,high,Lumiere,lighting,42.99,0,no,no,no,,"Reptisun T5 HO 5.0 UVB 24W / 22"" Lamp",enrichir luego publicar,Mapeo directo Clover → sitio (sin cambiar Clover),
635,site_product_clover,YJQ1WKYRVSCAJ,8c3d73b1-104d-4f47-8548-e6468df7f7d8,"Z252X Reptisun T5 HO 10.0 UVB 24W / 22"" Lamp",,lighting,created,product,high,Lumiere,lighting,45.99,0,no,no,no,,"Reptisun T5 HO 10.0 UVB 24W / 22"" Lamp",enrichir luego publicar,"Patrón nombre → Clover ""Lumiere"" / sitio ""lighting""",
636,site_product_clover,4N13NVQY2DXPE,8bb3350f-5a4c-47f5-9462-1afba6678aa1,Z253T Reptisun T5 HO 5.0 UVB 39W/34'' Lamp,Lumiere,lighting,created,product,high,Lumiere,lighting,48.99,0,no,no,no,,Reptisun T5 HO 5.0 UVB 39W/34'' Lamp,enrichir luego publicar,Mapeo directo Clover → sitio (sin cambiar Clover),
637,site_product_clover,CXX83SYXKZ86R,e412248a-c17d-4fc4-b7df-4d8072e19fdd,Z253X Reptisun T5 HO 10.0 UVB 39W/34'' Lamp,Lumiere,lighting,created,product,high,Lumiere,lighting,51.99,0,no,no,no,,Reptisun T5 HO 10.0 UVB 39W/34'' Lamp,enrichir luego publicar,Mapeo directo Clover → sitio (sin cambiar Clover),
638,site_product_clover,CARQ9KRZYWA3C,48a71e57-df47-4ec4-b645-f7842b4329cc,"Z254T Reptisun  T5 HO 5.0 UVB 54W/46"" Lamp",Lumiere,lighting,created,product,high,Lumiere,lighting,56.99,0,no,no,no,,"Reptisun  T5 HO 5.0 UVB 54W/46"" Lamp",enrichir luego publicar,Mapeo directo Clover → sitio (sin cambiar Clover),
639,site_product_clover,6WR56FFJEKN9J,6cd2b2cd-1d95-42a5-ad33-db08fb59b858,Z254X Reptisun T5 Ho 10.0 UVB 54W/46'' Lamp,Lumiere,lighting,created,product,high,Lumiere,lighting,56.99,0,no,no,no,,Reptisun T5 Ho 10.0 UVB 54W/46'' Lamp,enrichir luego publicar,Mapeo directo Clover → sitio (sin cambiar Clover),
640,site_product_clover,NHFC27CV7AF8W,2b3ae544-42d3-4624-b2da-7f89752ad549,Z2599 Repti Basking Spot 25w,Lumiere,lighting,created,product,high,Lumiere,lighting,13.99,0,no,no,no,,Repti Basking Spot 25w,enrichir luego publicar,Mapeo directo Clover → sitio (sin cambiar Clover),
641,site_product_clover,WGK0NKE2B0XH6,58f72429-c801-4458-bd23-cdd05e5bccb2,Z260 Repti Basking Spot Lamp 50W,Lumiere,lighting,created,product,high,Lumiere,lighting,12.99,0,no,no,no,,Repti Basking Spot Lamp 50W,enrichir luego publicar,Mapeo directo Clover → sitio (sin cambiar Clover),
642,site_product_clover,1XNK9QFS6Y3QR,02d9b8d5-4893-45da-a80a-8a3a1e6236f0,Z260S Repti Basking Spot Lamp 50W (2pack),Lumiere,lighting,created,product,high,Lumiere,lighting,25.99,0,no,no,no,,Repti Basking Spot Lamp 50W (2pack),enrichir luego publicar,Mapeo directo Clover → sitio (sin cambiar Clover),
643,site_product_clover,M6YQ9JB09YAKW,3d6b5594-7972-444c-891e-9f6632dd6f4c,Z261 Repti Basking Spot 75w,Lumiere,lighting,created,product,high,Lumiere,lighting,12.99,0,no,no,no,,Repti Basking Spot 75w,enrichir luego publicar,Mapeo directo Clover → sitio (sin cambiar Clover),
644,site_product_clover,DKZ3AB369G6RY,eb044b1c-9124-4a00-b885-6b69afbf72a9,Z261S Repti Basking Spot Lamp 75w (2pack),Lumiere,lighting,created,product,high,Lumiere,lighting,24.99,0,no,no,no,,Repti Basking Spot Lamp 75w (2pack),enrichir luego publicar,Mapeo directo Clover → sitio (sin cambiar Clover),
645,site_product_clover,4B8XA36NXZQAR,067dee42-a8db-40c2-bcac-0e74f32bd283,Z262 Zoomed Repti Basking Spot Lamp 100W,Lumiere,lighting,created,product,high,Lumiere,lighting,15.99,0,no,no,no,Zoo Med,Zoomed Repti Basking Spot Lamp 100W,enrichir luego publicar,Mapeo directo Clover → sitio (sin cambiar Clover),
646,site_product_clover,B5J9MM3AHDWMW,8d733a60-ad5a-4c1c-894a-99a469a0aa56,Z262S Repti Basking Spot Lamp 100w,Lumiere,lighting,created,product,high,Lumiere,lighting,27.99,0,no,no,no,,Repti Basking Spot Lamp 100w,enrichir luego publicar,Mapeo directo Clover → sitio (sin cambiar Clover),
647,site_product_clover,NJ5QCYMP4DFAC,8819a8c9-f9ab-49ce-bed1-3ab624478089,Z263 Zoomed Repti Basking Spot Lamp 150W,,lighting,created,product,high,Lumiere,lighting,18.99,0,no,no,no,Zoo Med,Zoomed Repti Basking Spot Lamp 150W,enrichir luego publicar,"Patrón nombre → Clover ""Lumiere"" / sitio ""lighting""",
648,site_product_clover,9BV6FHZ6B76J4,653b030c-7d2c-49f0-a6be-3a76b3c94b07,Z264 Repti Basking Spot 250w,Lumiere,lighting,created,product,high,Lumiere,lighting,24.99,0,no,no,no,,Repti Basking Spot 250w,enrichir luego publicar,Mapeo directo Clover → sitio (sin cambiar Clover),
649,site_product_clover,7S3APFMMB0JDP,264faa07-0158-47d3-b7d2-57062ae6e321,Z265 Nocturnal Infrared Heat Lamp 50w,Lumiere,lighting,created,product,high,Lumiere,lighting,17.99,0,no,no,no,,Nocturnal Infrared Heat Lamp 50w,enrichir luego publicar,Mapeo directo Clover → sitio (sin cambiar Clover),
650,site_product_clover,CP0HNSKH1CAB8,0be9696c-3b86-4092-8147-0ca82a05ae6c,Z266 Nocturnal Infrared Heat Lamp 75W,Lumiere,lighting,created,product,high,Lumiere,lighting,21.99,0,no,no,no,,Nocturnal Infrared Heat Lamp 75W,enrichir luego publicar,Mapeo directo Clover → sitio (sin cambiar Clover),
651,site_product_clover,MCJNS86A2AZ3R,bbfa3785-8643-496b-9a4c-c37eb9e22fbe,Z267 Nocturnal Infrared Heat Lamp 100w,Lumiere,lighting,created,product,high,Lumiere,lighting,24.99,0,no,no,no,,Nocturnal Infrared Heat Lamp 100w,enrichir luego publicar,Mapeo directo Clover → sitio (sin cambiar Clover),
652,site_product_clover,5B1W3DECXDJCE,6437a8ba-c16a-4188-bd59-e2d6b090d2b7,Z268 Nocturnal Infrared Heat Lamp 150w,Lumiere,lighting,created,product,high,Lumiere,lighting,23.99,0,no,no,no,,Nocturnal Infrared Heat Lamp 150w,enrichir luego publicar,Mapeo directo Clover → sitio (sin cambiar Clover),
653,site_product_clover,EYVJBHS1ZZWT4,d970a9f9-809a-47c5-9b9e-afba24d7f377,Z269 Nocturnal Infrared Heat Lamp 250w,Lumiere,lighting,created,product,high,Lumiere,lighting,43.99,0,no,no,no,,Nocturnal Infrared Heat Lamp 250w,enrichir luego publicar,Mapeo directo Clover → sitio (sin cambiar Clover),
654,site_product_clover,XXP8TQBBA7DK4,2da1d947-3a7e-4fd0-917d-31664c495b54,Z283 Nano Basking Lamp 25w,Lumiere,lighting,created,product,high,Lumiere,lighting,8.99,0,no,no,no,,Nano Basking Lamp 25w,enrichir luego publicar,Mapeo directo Clover → sitio (sin cambiar Clover),
655,site_product_clover,9WYTS1ZVY8CZT,64d6cbe6-fd18-4424-9e71-35a7c1c110f2,Z283A Nano Basking Spot Lamp 40W,Lumiere,lighting,created,product,high,Lumiere,lighting,9.99,0,no,no,no,,Nano Basking Spot Lamp 40W,enrichir luego publicar,Mapeo directo Clover → sitio (sin cambiar Clover),
656,site_product_clover,BGPDA1VW07TCR,112c7de0-aad0-49e3-81dc-7b13dd33f35f,Z285 Nano LED 5W,Lumiere,lighting,created,product,high,Lumiere,lighting,19.99,0,no,no,no,,Nano LED 5W,enrichir luego publicar,Mapeo directo Clover → sitio (sin cambiar Clover),
657,site_product_clover,01QVZK58YYC3W,e96e4a0d-531f-4955-9e7a-250cc3ec1072,Z286 Nano Halogen Heat Lamp 35W,Lumiere,lighting,created,product,high,Lumiere,lighting,9.99,0,no,no,no,,Nano Halogen Heat Lamp 35W,enrichir luego publicar,Mapeo directo Clover → sitio (sin cambiar Clover),
658,site_product_clover,WEGHWS1Y0861Y,e4af60d5-36cd-4963-85f1-9e78a0ad3ffd,Z287A Nano ceramic heat emitter 40W,Lumiere,lighting,created,product,high,Lumiere,lighting,24.99,0,no,no,no,,Nano ceramic heat emitter 40W,enrichir luego publicar,Mapeo directo Clover → sitio (sin cambiar Clover),
659,site_product_clover,0HXVX7G47DTVE,2ee5287b-1583-4166-b0f5-ac65e9cd38cf,Z288 Nano Reptisun UVB 5W,Lumiere,lighting,created,product,high,Lumiere,lighting,27.99,0,no,no,no,,Nano Reptisun UVB 5W,enrichir luego publicar,Mapeo directo Clover → sitio (sin cambiar Clover),
660,site_product_clover,8QFXYTV9TPP82,1817bae6-6e82-444f-84a5-54d4900e4bad,"Z600 Reptitherm Habitat Heater 18"" x 18""",,lighting,created,product,high,Lumiere,lighting,109.99,0,no,no,no,,"Reptitherm Habitat Heater 18"" x 18""",enrichir luego publicar,"Patrón nombre → Clover ""Lumiere"" / sitio ""lighting""",
661,site_product_clover,5RV872R9ACK0T,6bda3f26-a8a3-4520-b3dd-0f8caa7e6549,Z609 Reptisun 10.0 T5 Ho Terrarium Hood 14'',Lumiere,lighting,created,product,high,Lumiere,lighting,94.99,0,no,no,no,,Reptisun 10.0 T5 Ho Terrarium Hood 14'',enrichir luego publicar,Mapeo directo Clover → sitio (sin cambiar Clover),
662,site_product_clover,CQY9EJST154MW,fa493172-d2a8-4b70-8480-42a8250ca554,Z610 Reptisun 10.0 T5 Ho Terrarium Hood 24'',Lumiere,lighting,created,product,high,Lumiere,lighting,130.99,0,no,no,no,,Reptisun 10.0 T5 Ho Terrarium Hood 24'',enrichir luego publicar,Mapeo directo Clover → sitio (sin cambiar Clover),
663,site_product_clover,ZR78EK2J12D2G,a3cefe35-0cbe-4ecd-ab8e-6bc6e43dea45,Z612 Reptisun 10.0 T5 HO Terrarium Hood 36'',Lumiere,lighting,created,product,high,Lumiere,lighting,148.99,0,no,no,no,,Reptisun 10.0 T5 HO Terrarium Hood 36'',enrichir luego publicar,Mapeo directo Clover → sitio (sin cambiar Clover),
664,site_product_clover,RJXAQ6A90CRRY,8401088c-02e8-4d2c-b47e-c8b211889fa3,Z613 Reptisun 10.0 T5 Ho Terrarium Hood 48'',Lumiere,lighting,created,product,high,Lumiere,lighting,167.99,0,no,no,no,,Reptisun 10.0 T5 Ho Terrarium Hood 48'',enrichir luego publicar,Mapeo directo Clover → sitio (sin cambiar Clover),
665,site_product_clover,9KEA0WHMB9W6J,2001a285-3293-482c-8e68-7db961ac5202,Z619 Reptisun T5 HO Terrarium Hood 14'',Lumiere,lighting,created,product,high,Lumiere,lighting,101.99,0,no,no,no,,Reptisun T5 HO Terrarium Hood 14'',enrichir luego publicar,Mapeo directo Clover → sitio (sin cambiar Clover),
666,site_product_clover,TCNQZWY9G8KGW,8634bfc1-5b6b-4cba-afd6-4aedd3a5f588,Z620 Reptisun T5 Ho Terrarium Hood 24'',Lumiere,lighting,created,product,high,Lumiere,lighting,121.99,0,no,no,no,,Reptisun T5 Ho Terrarium Hood 24'',enrichir luego publicar,Mapeo directo Clover → sitio (sin cambiar Clover),
667,site_product_clover,FTTN8E2TV435T,388137c3-b261-49b7-926c-53320155566f,Z622 Reptisun 5.0 T5 HO Terrarium Hood 36'',Lumiere,lighting,created,product,high,Lumiere,lighting,148.99,0,no,no,no,,Reptisun 5.0 T5 HO Terrarium Hood 36'',enrichir luego publicar,Mapeo directo Clover → sitio (sin cambiar Clover),
668,site_product_clover,5BW780WGPEPWT,90762dba-ce99-4671-ab8d-12aab49b0c2e,Z623 Reptisun 5.0 T5 Ho Terrarium Hood 48'',Lumiere,lighting,created,product,high,Lumiere,lighting,167.99,0,no,no,no,,Reptisun 5.0 T5 Ho Terrarium Hood 48'',enrichir luego publicar,Mapeo directo Clover → sitio (sin cambiar Clover),
669,site_product_clover,WPAJ8NXDFN4K8,20082097-5566-4cf1-9c17-86e17cc0a9b0,"Z974A Paludarium Hood 18""",Lumiere,lighting,created,product,high,Lumiere,lighting,54.99,0,no,no,no,Zoo Med,"Paludarium Hood 18""",enrichir luego publicar,Mapeo directo Clover → sitio (sin cambiar Clover),
670,site_product_clover,TNTDDT30158YY,a0260dba-0837-4d5d-9b26-a360c98628e0,z242 Daylight Blue Reptile Bulb 100W,Lumiere,lighting,created,product,high,Lumiere,lighting,7.99,0,no,no,no,,z242 Daylight Blue Reptile Bulb 100W,enrichir luego publicar,Mapeo directo Clover → sitio (sin cambiar Clover),
671,site_product_clover,MDN1RR6RJG8WJ,a8ef8f8b-ea3b-4667-a360-0dc8027938cc,z244B ZooMed Repticare Heat Projector 150W,,lighting,created,product,high,Lumiere,lighting,51.99,0,no,no,no,Zoo Med,z244B ZooMed Repticare Heat Projector 150W,enrichir luego publicar,"Patrón nombre → Clover ""Lumiere"" / sitio ""lighting""",
672,site_product_clover,4PE9SDE0K9FR0,4b70e25e-a730-4861-8a7c-95bca851894b,z244C ZooMed Infrared Heat Projector 35w,,lighting,created,product,high,Lumiere,lighting,44.99,0,no,no,no,Zoo Med,z244C ZooMed Infrared Heat Projector 35w,enrichir luego publicar,"Patrón nombre → Clover ""Lumiere"" / sitio ""lighting""",
673,site_product_clover,58C67BYEZXMH0,e7682cb6-8a22-45fe-8fd1-082ee92cf505,14013 Charbon Fluval C4,Piece Remplacement/ Electronique,equipment,created,product,high,Piece Remplacement/ Electronique,equipment,13.99,0,no,no,no,,Charbon Fluval C4,enrichir luego publicar,Mapeo directo Clover → sitio (sin cambiar Clover),
674,site_product_clover,NDERZR1NTP3Z8,0b4e9c62-0210-41aa-be1b-f89274e9fdb2,2582 Black Waterfall Foam 12oz,Piece Remplacement/ Electronique,equipment,created,product,high,Piece Remplacement/ Electronique,equipment,26.99,0,no,no,no,,Black Waterfall Foam 12oz,enrichir luego publicar,Mapeo directo Clover → sitio (sin cambiar Clover),
675,site_product_clover,D8P5HR8FJD6Y4,351c7e0b-5e96-4a5f-8510-b3ecdd29690c,33189 Black Silicone 10.1oz,Piece Remplacement/ Electronique,equipment,created,product,high,Piece Remplacement/ Electronique,equipment,29.99,0,no,no,no,,Black Silicone 10.1oz,enrichir luego publicar,Mapeo directo Clover → sitio (sin cambiar Clover),
676,site_product_clover,BS0GCAPQV35WA,36bb20bb-532e-4127-a3bf-7144ee406a08,35179 Black Silicone seallant 4.7oz,Piece Remplacement/ Electronique,equipment,created,product,high,Piece Remplacement/ Electronique,equipment,16.99,0,no,no,no,,Black Silicone seallant 4.7oz,enrichir luego publicar,Mapeo directo Clover → sitio (sin cambiar Clover),
677,site_product_clover,TVXEMM6WKN34M,dc3048e5-f37b-4e1e-9f8e-b8fa0bba387f,41946 Silicone Sealant 3 oz Black (noir),Piece Remplacement/ Electronique,equipment,created,product,high,Piece Remplacement/ Electronique,equipment,17.99,0,no,no,no,,Silicone Sealant 3 oz Black (noir),enrichir luego publicar,Mapeo directo Clover → sitio (sin cambiar Clover),
678,site_product_clover,FQ7B218KS4TXR,5a73c561-6b82-4bf5-bc2d-7a022ba65c72,A199 Fluval FX UVC,Piece Remplacement/ Electronique,equipment,created,product,high,Piece Remplacement/ Electronique,equipment,240.00,0,no,no,no,,Fluval FX UVC,enrichir luego publicar,Mapeo directo Clover → sitio (sin cambiar Clover),
679,site_product_clover,D95M791V1D5CY,1a8ff7d3-4182-40b9-89d6-1ae7ffdfc649,A203 Clarificateur UVC Fluval,Piece Remplacement/ Electronique,equipment,created,product,high,Piece Remplacement/ Electronique,equipment,129.99,0,no,no,no,,Clarificateur UVC Fluval,enrichir luego publicar,Mapeo directo Clover → sitio (sin cambiar Clover),
680,site_product_clover,ESNAW6AZFRKAT,f96eed43-edfb-42ff-9cbc-a79aca286748,Barrures Atasuki Pairs,Piece Remplacement/ Electronique,equipment,created,product,high,Piece Remplacement/ Electronique,equipment,11.99,0,no,no,no,Atasuki,Barrures Atasuki Pairs,enrichir luego publicar,Mapeo directo Clover → sitio (sin cambiar Clover),
681,site_product_clover,3SD4NQPTN66TG,54bce48e-a133-4146-99d5-2baab452a357,Coupe Griffe,Piece Remplacement/ Electronique,equipment,created,product,high,Piece Remplacement/ Electronique,equipment,11.99,0,no,no,no,,Coupe Griffe,enrichir luego publicar,Mapeo directo Clover → sitio (sin cambiar Clover),
682,site_product_clover,P9KEX15VP221Y,d7fe0599-3129-4e53-8f0c-371ad67f9c9e,DRPKL  Pro Kal Fabric Lids,Piece Remplacement/ Electronique,equipment,created,product,high,Piece Remplacement/ Electronique,equipment,1.50,0,no,no,no,,Pro Kal Fabric Lids,enrichir luego publicar,Mapeo directo Clover → sitio (sin cambiar Clover),
683,site_product_clover,Q0XP201J092QG,68bfdefc-9c3a-46d3-ae38-ea30874afd92,Deli Cup,Piece Remplacement/ Electronique,equipment,created,product,high,Piece Remplacement/ Electronique,equipment,1.00,0,no,no,no,,Deli Cup,enrichir luego publicar,Mapeo directo Clover → sitio (sin cambiar Clover),
684,site_product_clover,2M7XVE24GCT8P,28696c92-8073-4890-bcad-bed22f17e1cf,Dome Use,Piece Remplacement/ Electronique,equipment,created,product,high,Piece Remplacement/ Electronique,equipment,10.00,0,no,no,no,,Dome Use,enrichir luego publicar,Mapeo directo Clover → sitio (sin cambiar Clover),
685,site_product_clover,41DMKCV5QT8VY,8ac2a819-8450-4eee-ad1f-1065383d805c,G101 Hemostat 6-8 ``,Piece Remplacement/ Electronique,equipment,created,product,high,Piece Remplacement/ Electronique,equipment,19.99,0,no,no,no,,Hemostat 6-8 ``,enrichir luego publicar,Mapeo directo Clover → sitio (sin cambiar Clover),
686,site_product_clover,SVD87DNP2C9XJ,df822571-4c34-41cd-9c11-853fb38672fd,G105,Piece Remplacement/ Electronique,equipment,created,product,high,Piece Remplacement/ Electronique,equipment,47.99,0,no,no,no,,G105,enrichir luego publicar,Mapeo directo Clover → sitio (sin cambiar Clover),
687,site_product_clover,BJFJXCW5ZKM0E,056d91d8-3491-43e8-92a3-0f710b6ebd9b,G125 Gator Tweezer 18'',Piece Remplacement/ Electronique,equipment,created,product,high,Piece Remplacement/ Electronique,equipment,23.99,0,no,no,no,,Gator Tweezer 18'',enrichir luego publicar,Mapeo directo Clover → sitio (sin cambiar Clover),
688,site_product_clover,21TMBMS0H846C,76ead7a2-ce6c-4dc7-b71b-55c9976be438,G175 Gator Probes 8mcx,Piece Remplacement/ Electronique,equipment,created,product,high,Piece Remplacement/ Electronique,equipment,37.99,0,no,no,no,,Gator Probes 8mcx,enrichir luego publicar,Mapeo directo Clover → sitio (sin cambiar Clover),
689,site_product_clover,EXWKH3WQZ32AR,5e839201-326c-4312-96cf-b33294c2cf54,Gartor Hook Red 24'',Piece Remplacement/ Electronique,equipment,created,product,high,Piece Remplacement/ Electronique,equipment,29.99,0,no,no,no,,Gartor Hook Red 24'',enrichir luego publicar,Mapeo directo Clover → sitio (sin cambiar Clover),
690,site_product_clover,NHZX524BGHDEP,52b42a22-9ed4-48c9-9786-d611600cd265,Gator Egg Tray,Piece Remplacement/ Electronique,equipment,created,product,high,Piece Remplacement/ Electronique,equipment,5.99,0,no,no,no,,Gator Egg Tray,enrichir luego publicar,Mapeo directo Clover → sitio (sin cambiar Clover),
691,site_product_clover,5E3EGXYBNHNX2,80f443bc-26df-489a-bef9-9cd7473a4cf4,Gator Glove,Piece Remplacement/ Electronique,equipment,created,product,high,Piece Remplacement/ Electronique,equipment,29.99,0,no,no,no,,Gator Glove,enrichir luego publicar,Mapeo directo Clover → sitio (sin cambiar Clover),
692,site_product_clover,09CZEY54G8NYE,e7752a49-e2c4-45c4-b36b-c48b7810dca5,Gator Hemostat 10'' Non Locking,Piece Remplacement/ Electronique,equipment,created,product,high,Piece Remplacement/ Electronique,equipment,29.99,0,no,no,no,,Gator Hemostat 10'' Non Locking,enrichir luego publicar,Mapeo directo Clover → sitio (sin cambiar Clover),
693,site_product_clover,JJQZ0MCNKPQBW,d491e2ce-1333-45f2-9636-5010991c7825,Gator Stainless Hook 18'',Piece Remplacement/ Electronique,equipment,created,product,high,Piece Remplacement/ Electronique,equipment,29.99,0,no,no,no,,Gator Stainless Hook 18'',enrichir luego publicar,Mapeo directo Clover → sitio (sin cambiar Clover),
694,site_product_clover,7963ZM4Y0GPKJ,01a35c95-15e7-4187-83de-86d6b6d0b426,Gator Tweezer 12'',Piece Remplacement/ Electronique,equipment,created,product,high,Piece Remplacement/ Electronique,equipment,19.99,0,no,no,no,,Gator Tweezer 12'',enrichir luego publicar,Mapeo directo Clover → sitio (sin cambiar Clover),
695,site_product_clover,VWQV8HHV97VZ2,730e157e-43b3-409f-b0ac-59903a67064e,Gator Tweezer OEM 24'',Piece Remplacement/ Electronique,equipment,created,product,high,Piece Remplacement/ Electronique,equipment,24.99,0,no,no,no,,Gator Tweezer OEM 24'',enrichir luego publicar,Mapeo directo Clover → sitio (sin cambiar Clover),
696,site_product_clover,BWAM8BPKFW86J,bc25b26d-bcb3-4ae6-8bc0-ba22d1eb69b5,Gator hemostas 12'',Piece Remplacement/ Electronique,equipment,created,product,high,Piece Remplacement/ Electronique,equipment,15.99,0,no,no,no,,Gator hemostas 12'',enrichir luego publicar,Mapeo directo Clover → sitio (sin cambiar Clover),
697,site_product_clover,SWYDSD7MZWE44,e610ea86-1747-4028-86a6-ec56e1f170c6,Gator hook,Piece Remplacement/ Electronique,equipment,created,product,high,Piece Remplacement/ Electronique,equipment,29.99,0,no,no,no,,Gator hook,enrichir luego publicar,Mapeo directo Clover → sitio (sin cambiar Clover),
698,site_product_clover,KJPP45T9WTA0M,700a42d3-5c14-4362-9310-aa9f9d64ab5a,Glue Trap,Piece Remplacement/ Electronique,equipment,created,product,high,Piece Remplacement/ Electronique,equipment,4.99,0,no,no,no,,Glue Trap,enrichir luego publicar,Mapeo directo Clover → sitio (sin cambiar Clover),
699,site_product_clover,9YWHF3YGVWHY2,3a1d29d0-6f09-457b-ac80-9fce24a3a143,"Hemostat 12""",Piece Remplacement/ Electronique,equipment,created,product,high,Piece Remplacement/ Electronique,equipment,27.99,0,no,no,no,,"Hemostat 12""",enrichir luego publicar,Mapeo directo Clover → sitio (sin cambiar Clover),
700,site_product_clover,CNJSGCSF4DZPJ,094fe957-261d-42bb-9cf8-57a8b03e6f7f,"Hook 30""",Piece Remplacement/ Electronique,equipment,created,product,high,Piece Remplacement/ Electronique,equipment,39.99,0,no,no,no,,"Hook 30""",enrichir luego publicar,Mapeo directo Clover → sitio (sin cambiar Clover),
701,site_product_clover,XMDTY62WPNKMC,44c3d64c-be00-4707-94c4-2ce5584391b5,Hook Boa Gator,Piece Remplacement/ Electronique,equipment,created,product,high,Piece Remplacement/ Electronique,equipment,74.99,0,no,no,no,,Hook Boa Gator,enrichir luego publicar,Mapeo directo Clover → sitio (sin cambiar Clover),
702,site_product_clover,BNZRQXK7VM630,5ce381cc-7738-41b2-bc1b-71c28298c2c1,Hook Gator Expandable,Piece Remplacement/ Electronique,equipment,created,product,high,Piece Remplacement/ Electronique,equipment,29.99,0,no,no,no,,Hook Gator Expandable,enrichir luego publicar,Mapeo directo Clover → sitio (sin cambiar Clover),
703,site_product_clover,WTV7WYK74AN8T,d441734f-3656-4270-8c97-0328b050e497,Hook Gros Bleu Gator,Piece Remplacement/ Electronique,equipment,created,product,high,Piece Remplacement/ Electronique,equipment,79.99,0,no,no,no,,Hook Gros Bleu Gator,enrichir luego publicar,Mapeo directo Clover → sitio (sin cambiar Clover),
704,site_product_clover,NV6YRKYE11HBW,5970cbca-388c-46ae-b60c-00766f3f6b4e,Hook Gros Bleu Gator Collapsible,Piece Remplacement/ Electronique,equipment,created,product,high,Piece Remplacement/ Electronique,equipment,49.99,0,no,no,no,,Hook Gros Bleu Gator Collapsible,enrichir luego publicar,Mapeo directo Clover → sitio (sin cambiar Clover),
705,site_product_clover,SR64NHFNXG3MT,c01ebd4f-cb68-47b9-a5e7-7823d41420de,Hook Light,Piece Remplacement/ Electronique,equipment,created,product,high,Piece Remplacement/ Electronique,equipment,29.99,0,no,no,no,,Hook Light,enrichir luego publicar,Mapeo directo Clover → sitio (sin cambiar Clover),
706,site_product_clover,D5VAYX7SQEZ34,2dfe5e2c-bd72-438e-a243-8874f80cc930,Hook Pink petit,Piece Remplacement/ Electronique,equipment,created,product,high,Piece Remplacement/ Electronique,equipment,29.99,0,no,no,no,,Hook Pink petit,enrichir luego publicar,Mapeo directo Clover → sitio (sin cambiar Clover),
707,site_product_clover,74NWMFDD6ESMC,3de038bb-51af-4136-b824-0895eb55b64a,Hours,Piece Remplacement/ Electronique,equipment,created,product,high,Piece Remplacement/ Electronique,equipment,55.00,0,no,no,no,,Hours,enrichir luego publicar,Mapeo directo Clover → sitio (sin cambiar Clover),
708,site_product_clover,F3H218JYC5M84,939be024-1b8e-44d5-9c63-6775a2169569,Iver,Piece Remplacement/ Electronique,equipment,created,product,high,Piece Remplacement/ Electronique,equipment,30.00,0,no,no,no,,Iver,enrichir luego publicar,Mapeo directo Clover → sitio (sin cambiar Clover),
709,site_product_clover,BQ8YZFQ0M3W8M,f2d4980e-655f-4fa7-9905-0fe455d3b803,K3225 Seachem Fish Net 8 - Long Handle,Piece Remplacement/ Electronique,equipment,created,product,high,Piece Remplacement/ Electronique,equipment,7.99,0,no,no,no,,Seachem Fish Net 8 - Long Handle,enrichir luego publicar,Mapeo directo Clover → sitio (sin cambiar Clover),
710,site_product_clover,MTXJ7MGRBG80T,77caf9f3-a410-4228-9718-d17ff85fe83e,K3232 Seachem Fish Net 6 - Fine Mesh,Piece Remplacement/ Electronique,equipment,created,product,high,Piece Remplacement/ Electronique,equipment,5.99,0,no,no,no,,Seachem Fish Net 6 - Fine Mesh,enrichir luego publicar,Mapeo directo Clover → sitio (sin cambiar Clover),
711,site_product_clover,1SB4XHTB14AMR,b7dd0e57-563a-4a15-94d6-b870563e4b10,KIT mouches à fruit,Piece Remplacement/ Electronique,equipment,created,product,high,Piece Remplacement/ Electronique,equipment,2.99,0,no,no,no,,mouches à fruit,enrichir luego publicar,Mapeo directo Clover → sitio (sin cambiar Clover),
712,site_product_clover,D899C1Q0GQ0A6,64226856-7807-46b6-8de4-7bbf65479861,La Swamp Pinces,Piece Remplacement/ Electronique,equipment,created,product,high,Piece Remplacement/ Electronique,equipment,6.99,0,no,no,no,,La Swamp Pinces,enrichir luego publicar,Mapeo directo Clover → sitio (sin cambiar Clover),
713,site_product_clover,BZTKMPVGD3WJ4,20291b6b-74a5-4013-97f2-0bb0b025659e,Livraison,Piece Remplacement/ Electronique,equipment,created,product,high,Piece Remplacement/ Electronique,equipment,20.00,0,no,no,no,,Livraison,enrichir luego publicar,Mapeo directo Clover → sitio (sin cambiar Clover),
714,site_product_clover,JW39E3WQ9Z39Y,d0ca47bb-97ca-48c1-80cc-5882e1706c5b,MistKing Double Buse,Piece Remplacement/ Electronique,equipment,created,product,high,Piece Remplacement/ Electronique,equipment,29.99,0,no,no,no,,MistKing Double Buse,enrichir luego publicar,Mapeo directo Clover → sitio (sin cambiar Clover),
715,site_product_clover,CVRGDTP94WSJ2,91bbacb3-fd14-4280-84dc-5b7b753b6606,MistKing T Misting 1-Head Nozzle,Piece Remplacement/ Electronique,equipment,created,product,high,Piece Remplacement/ Electronique,equipment,34.99,0,no,no,no,,MistKing T Misting 1-Head Nozzle,enrichir luego publicar,Mapeo directo Clover → sitio (sin cambiar Clover),
716,site_product_clover,D3X47YA978A6C,78cc0bfd-2024-4a38-9a49-7557f2777248,PT2078 Pincettes en bambou ExoTerra large,Piece Remplacement/ Electronique,equipment,created,product,high,Piece Remplacement/ Electronique,equipment,12.99,0,no,no,no,Exo Terra,Pincettes en bambou ExoTerra large,enrichir luego publicar,Mapeo directo Clover → sitio (sin cambiar Clover),
717,site_product_clover,ETJQK98P9A6BE,ad3e33ea-8ac4-4cce-b841-712d8f1d1400,PT2090 Pompe de Circul. Repti-Flo 200 Exo Terra,Piece Remplacement/ Electronique,equipment,created,product,high,Piece Remplacement/ Electronique,equipment,21.99,0,no,no,no,Exo Terra,Pompe de Circul. Repti-Flo 200 Exo Terra,enrichir luego publicar,Mapeo directo Clover → sitio (sin cambiar Clover),
718,site_product_clover,AQMYNW47MQW3Y,73040bdb-6ada-4110-b42f-2e41829e6a0d,PT2446 Exo Terra Replacement NANO USB Humidifier,Piece Remplacement/ Electronique,equipment,created,product,high,Piece Remplacement/ Electronique,equipment,24.99,0,no,no,no,Exo Terra,Exo Terra Replacement NANO USB Humidifier,enrichir luego publicar,Mapeo directo Clover → sitio (sin cambiar Clover),
719,site_product_clover,GHAW9JY02JRWR,5732cb65-2ee2-4e35-a1f9-72cca9c60753,PT2463  Ther. et minuter. d/n prise 600w,Piece Remplacement/ Electronique,equipment,created,product,high,Piece Remplacement/ Electronique,equipment,189.99,0,no,no,no,Exo Terra,Ther. et minuter. d/n prise 600w,enrichir luego publicar,Mapeo directo Clover → sitio (sin cambiar Clover),
720,site_product_clover,FZHR4M36YZKAR,835e257a-28a2-4fc0-b677-9600fb07184a,PT2479 Exo Terra Système brumisation Monsoon Nano,Piece Remplacement/ Electronique,equipment,created,product,high,Piece Remplacement/ Electronique,equipment,70.00,0,no,no,no,Exo Terra,Exo Terra Système brumisation Monsoon Nano,enrichir luego publicar,Mapeo directo Clover → sitio (sin cambiar Clover),
721,site_product_clover,GJ3BZM35Z973A,7f9304af-d9c1-4004-832c-912c9e517508,PT2497 Exo Terra Ensemble de Buse et Tuyau pour PT2495,Piece Remplacement/ Electronique,equipment,created,product,high,Piece Remplacement/ Electronique,equipment,21.49,0,no,no,no,Exo Terra,Exo Terra Ensemble de Buse et Tuyau pour PT2495,enrichir luego publicar,Mapeo directo Clover → sitio (sin cambiar Clover),
722,site_product_clover,2Q4A4NCHTGNCA,8805bd61-e1e3-465e-a865-a58981ec1538,PT2498 Exo Terra Piece de raccordement  pour PT2495,Piece Remplacement/ Electronique,equipment,created,product,high,Piece Remplacement/ Electronique,equipment,6.99,0,no,no,no,Exo Terra,Exo Terra Piece de raccordement  pour PT2495,enrichir luego publicar,Mapeo directo Clover → sitio (sin cambiar Clover),
723,site_product_clover,XSR76DYEKTJ2W,2c59da55-7b6b-42ef-a8a7-1ea442e2b4ea,PT2501 Exo Terra 2 Becs Sortie Eau av. 2 Vent. (PT2495),Piece Remplacement/ Electronique,equipment,created,product,high,Piece Remplacement/ Electronique,equipment,10.49,0,no,no,no,Exo Terra,Exo Terra 2 Becs Sortie Eau av. 2 Vent. (PT2495),enrichir luego publicar,Mapeo directo Clover → sitio (sin cambiar Clover),
724,site_product_clover,9NQ6VAKVACJ1J,b3b89d72-d994-4a3d-b974-697db1fd72cc,PT2502 Exo Terra 2 Ventouses avec Support pour PT2495,Piece Remplacement/ Electronique,equipment,created,product,high,Piece Remplacement/ Electronique,equipment,3.25,0,no,no,no,Exo Terra,Exo Terra 2 Ventouses avec Support pour PT2495,enrichir luego publicar,Mapeo directo Clover → sitio (sin cambiar Clover),
725,site_product_clover,AYPGDWFJRTBST,f43e619a-ca7d-4d9d-84d5-bf8650b22310,PT2504 Tube de1.8mm pour Monsoon,Piece Remplacement/ Electronique,equipment,created,product,high,Piece Remplacement/ Electronique,equipment,9.99,0,no,no,no,Exo Terra,Tube de1.8mm pour Monsoon,enrichir luego publicar,Mapeo directo Clover → sitio (sin cambiar Clover),
726,site_product_clover,GSF5H8HMKHF4E,db575ed5-13fb-4268-8df6-b5a49e2570b7,PT2506 Exo Terra Buses Multidirectionnels Monsoon,Piece Remplacement/ Electronique,equipment,created,product,high,Piece Remplacement/ Electronique,equipment,12.99,0,no,no,no,Exo Terra,Exo Terra Buses Multidirectionnels Monsoon,enrichir luego publicar,Mapeo directo Clover → sitio (sin cambiar Clover),
727,site_product_clover,V7EH37ZN5VD8G,78297585-d365-4649-9a00-c85d23c2238e,PT2617 ExoTerra Couvre Grillagée pour Terrarium 45 x 60cm (18'x 24'),Piece Remplacement/ Electronique,equipment,created,product,high,Piece Remplacement/ Electronique,equipment,42.00,0,no,no,no,Exo Terra,ExoTerra Couvre Grillagée pour Terrarium 45 x 60cm (18'x 24'),enrichir luego publicar,Mapeo directo Clover → sitio (sin cambiar Clover),
728,site_product_clover,AQ0ZR56Z80CA0,3fba9000-c85f-4b6c-b22f-b85dfff19486,PT2618 ExoTerra Couvercle grillagé pour terrarium (90*45cm),Piece Remplacement/ Electronique,equipment,created,product,high,Piece Remplacement/ Electronique,equipment,44.99,0,no,no,no,Exo Terra,ExoTerra Couvercle grillagé pour terrarium (90*45cm),enrichir luego publicar,Mapeo directo Clover → sitio (sin cambiar Clover),
729,site_product_clover,DE8PVV8TJ2512,4a11e4ff-6410-4569-ab50-b9faaaec044f,PT2620 ExoTerra Verrou pour Terrarium,Piece Remplacement/ Electronique,equipment,created,product,high,Piece Remplacement/ Electronique,equipment,12.99,0,no,no,no,Exo Terra,ExoTerra Verrou pour Terrarium,enrichir luego publicar,Mapeo directo Clover → sitio (sin cambiar Clover),
730,site_product_clover,670YWSMST4EWP,55d4a117-9a29-4930-a9c3-bae490513d61,PT2716 ExoTerra Couvercle grillagé 90cm x 48cm,Piece Remplacement/ Electronique,equipment,created,product,high,Piece Remplacement/ Electronique,equipment,45.99,0,no,no,no,Exo Terra,ExoTerra Couvercle grillagé 90cm x 48cm,enrichir luego publicar,Mapeo directo Clover → sitio (sin cambiar Clover),
731,site_product_clover,3FMBHH6XXA0V6,6c9134f7-40dd-4f03-a2f7-7fc49af92330,PT3626 Exo Terra 2 blocs mousse fine Repti Clear 350EX-V,Piece Remplacement/ Electronique,equipment,created,product,high,Piece Remplacement/ Electronique,equipment,4.79,0,no,no,no,Exo Terra,Exo Terra 2 blocs mousse fine Repti Clear 350EX-V,enrichir luego publicar,Mapeo directo Clover → sitio (sin cambiar Clover),
732,site_product_clover,78HXVP4CECERW,10f701d3-2943-4565-b84b-3a16c0098c6f,PT3636 Exo Terra Mousse filter grossiere,Piece Remplacement/ Electronique,equipment,created,product,high,Piece Remplacement/ Electronique,equipment,6.99,0,no,no,no,Exo Terra,Exo Terra Mousse filter grossiere,enrichir luego publicar,Mapeo directo Clover → sitio (sin cambiar Clover),
733,site_product_clover,708M06TM43GP4,3cfdc71f-d746-4a6f-9cc3-f0b6b253dcfe,PT3638 Double cartouche Charbon,Piece Remplacement/ Electronique,equipment,created,product,high,Piece Remplacement/ Electronique,equipment,5.49,0,no,no,no,Exo Terra,Double cartouche Charbon,enrichir luego publicar,Mapeo directo Clover → sitio (sin cambiar Clover),
734,site_product_clover,XVVGQQPZJXM7W,3af60161-441e-421f-a363-b52b76be9d6f,PT3713 ExoTerra Mini Ventilateur à USB pour Terrarium,Piece Remplacement/ Electronique,equipment,created,product,high,Piece Remplacement/ Electronique,equipment,19.99,0,no,no,no,Exo Terra,ExoTerra Mini Ventilateur à USB pour Terrarium,enrichir luego publicar,Mapeo directo Clover → sitio (sin cambiar Clover),
735,site_product_clover,KHP4F600WTSH8,c0fdc398-a359-45df-8acb-f3300d6a6fea,PT4200 Monsoon II Solo,Piece Remplacement/ Electronique,equipment,created,product,high,Piece Remplacement/ Electronique,equipment,159.99,0,no,no,no,Exo Terra,Monsoon II Solo,enrichir luego publicar,Mapeo directo Clover → sitio (sin cambiar Clover),
736,site_product_clover,PMA7P5DGWXMRE,7b2538a5-6ddd-43d7-81ba-b4d7bc14172c,PT4201 Monsoon II Multi,Piece Remplacement/ Electronique,equipment,created,product,high,Piece Remplacement/ Electronique,equipment,244.99,0,no,no,no,Exo Terra,Monsoon II Multi,enrichir luego publicar,Mapeo directo Clover → sitio (sin cambiar Clover),
737,site_product_clover,Z9DV59K5B2NTR,3c8aab11-117a-4d61-a1a2-24e61d856fdf,Perlite,Piece Remplacement/ Electronique,equipment,created,product,high,Piece Remplacement/ Electronique,equipment,11.99,0,no,no,no,,Perlite,enrichir luego publicar,Mapeo directo Clover → sitio (sin cambiar Clover),
738,site_product_clover,AA9VPBY8JRFJR,83e6ca2b-561e-48b2-9327-03150a574167,Piece Zoomed,Piece Remplacement/ Electronique,equipment,created,product,high,Piece Remplacement/ Electronique,equipment,5.00,0,no,no,no,Zoo Med,Piece Zoomed,enrichir luego publicar,Mapeo directo Clover → sitio (sin cambiar Clover),
739,site_product_clover,8664HFN6V4GAY,171b726a-96de-4ed0-bffc-677a5e35ceb5,Pince Fourmis,Piece Remplacement/ Electronique,equipment,created,product,high,Piece Remplacement/ Electronique,equipment,11.99,0,no,no,no,,Pince Fourmis,enrichir luego publicar,Mapeo directo Clover → sitio (sin cambiar Clover),
740,site_product_clover,X4BMXKD1R5BEM,2a72c494-4baf-4294-be0c-357d59c1bc84,Rack ARS,Piece Remplacement/ Electronique,equipment,created,product,high,Piece Remplacement/ Electronique,equipment,2500.00,0,no,no,no,,Rack ARS,enrichir luego publicar,Mapeo directo Clover → sitio (sin cambiar Clover),
741,site_product_clover,APJPQBWSRHWMW,7e7c5670-b212-4105-951a-e72954836986,Rack Display Zoomed Used,Piece Remplacement/ Electronique,equipment,created,product,high,Piece Remplacement/ Electronique,equipment,1000.00,0,no,no,no,Zoo Med,Rack Display Zoomed Used,enrichir luego publicar,Mapeo directo Clover → sitio (sin cambiar Clover),
742,site_product_clover,2XBTRC0A3G4KA,8adbc6df-cc5f-488d-8457-cd92185a68f1,Rack Vision V-180 Used,Piece Remplacement/ Electronique,equipment,created,product,high,Piece Remplacement/ Electronique,equipment,1650.00,0,no,no,no,,Rack Vision V-180 Used,enrichir luego publicar,Mapeo directo Clover → sitio (sin cambiar Clover),
743,site_product_clover,KX5K1V3N8MHH4,b10beaa6-35c2-4029-ac8b-9271f96bf6c0,Rack d'Élevage,Piece Remplacement/ Electronique,equipment,created,product,high,Piece Remplacement/ Electronique,equipment,300.00,0,no,no,no,,Rack d'Élevage,enrichir luego publicar,Mapeo directo Clover → sitio (sin cambiar Clover),
744,site_product_clover,4Z6AZB1B6G3C8,01e89163-283c-491b-8853-44d42602f645,Racks Vision Used,Piece Remplacement/ Electronique,equipment,created,product,high,Piece Remplacement/ Electronique,equipment,600.00,0,no,no,no,,Racks Vision Used,enrichir luego publicar,Mapeo directo Clover → sitio (sin cambiar Clover),
745,site_product_clover,Y66JR017WEAX2,2650a435-2952-42ec-9e87-71cc7bdd714b,Racks Vision Used V70,Piece Remplacement/ Electronique,equipment,created,product,high,Piece Remplacement/ Electronique,equipment,1200.00,0,no,no,no,,Racks Vision Used V70,enrichir luego publicar,Mapeo directo Clover → sitio (sin cambiar Clover),
746,site_product_clover,28ZARS8AWMKQJ,11624abc-4193-46c9-940c-fc706ed1ea63,Rouleau Carton Ondulé,Piece Remplacement/ Electronique,equipment,created,product,high,Piece Remplacement/ Electronique,equipment,88.00,0,no,no,no,,Rouleau Carton Ondulé,enrichir luego publicar,Mapeo directo Clover → sitio (sin cambiar Clover),
747,site_product_clover,0TZE1TRBERDCT,a18390db-6fde-42d8-b3d8-c91f1a30ffdf,Sac Mirdo,Piece Remplacement/ Electronique,equipment,created,product,high,Piece Remplacement/ Electronique,equipment,3.00,0,no,no,no,,Sac Mirdo,enrichir luego publicar,Mapeo directo Clover → sitio (sin cambiar Clover),
748,site_product_clover,26F4Y13PAM0SC,76ebacab-f501-43b3-a9c7-cdb5fc2472cd,Shipping,Piece Remplacement/ Electronique,equipment,created,product,high,Piece Remplacement/ Electronique,equipment,1.00,0,no,no,no,,Shipping,enrichir luego publicar,Mapeo directo Clover → sitio (sin cambiar Clover),
749,site_product_clover,C5TBDMX3KFFEW,47291901-24f9-4d3f-9746-f21f1df37857,TC-70 ZooMed Terrapump,Piece Remplacement/ Electronique,equipment,created,product,high,Piece Remplacement/ Electronique,equipment,96.99,0,no,no,no,Zoo Med,TC-70 ZooMed Terrapump,enrichir luego publicar,Mapeo directo Clover → sitio (sin cambiar Clover),
750,site_product_clover,K6SFHSHRE61J0,13ce400a-8227-497c-b136-418664039984,Temp gun Gator,Piece Remplacement/ Electronique,equipment,created,product,high,Piece Remplacement/ Electronique,equipment,39.99,0,no,no,no,,Temp gun Gator,enrichir luego publicar,Mapeo directo Clover → sitio (sin cambiar Clover),
751,site_product_clover,3X9DRHCPM34WC,525be47f-b7c3-463e-a98c-d1b9d3d87f35,Terre Noire,Piece Remplacement/ Electronique,equipment,created,product,high,Piece Remplacement/ Electronique,equipment,4.50,0,no,no,no,,Terre Noire,enrichir luego publicar,Mapeo directo Clover → sitio (sin cambiar Clover),
752,site_product_clover,FQ2D24HA1BJBP,283da7ee-5653-4d80-b481-a84fce5008bd,Vermiculite Vrac,Piece Remplacement/ Electronique,equipment,created,product,high,Piece Remplacement/ Electronique,equipment,11.99,0,no,no,no,,Vermiculite Vrac,enrichir luego publicar,Mapeo directo Clover → sitio (sin cambiar Clover),
753,site_product_clover,X78GTVKX09Y3G,29aeae01-1e44-4601-be13-281f935bdee4,Z104 Repti Therm UTH 10-20g,Piece Remplacement/ Electronique,equipment,created,product,high,Piece Remplacement/ Electronique,equipment,35.99,0,no,no,no,,Repti Therm UTH 10-20g,enrichir luego publicar,Mapeo directo Clover → sitio (sin cambiar Clover),
754,site_product_clover,SMJV9MD54H4Z8,ca7aef8b-e76a-464c-bcba-5e24498ec7aa,Z105 Repti Therm UTH 30-40g,Piece Remplacement/ Electronique,equipment,created,product,high,Piece Remplacement/ Electronique,equipment,49.99,0,no,no,no,,Repti Therm UTH 30-40g,enrichir luego publicar,Mapeo directo Clover → sitio (sin cambiar Clover),
755,site_product_clover,4SQ51NZA5FR3E,74807a76-367a-4434-9e1d-d1ee726b261a,Z106 Repti Therm UTH 50-60 GAL,Piece Remplacement/ Electronique,equipment,created,product,high,Piece Remplacement/ Electronique,equipment,57.99,0,no,no,no,,Repti Therm UTH 50-60 GAL,enrichir luego publicar,Mapeo directo Clover → sitio (sin cambiar Clover),
756,site_product_clover,KS0ZH86MHNHME,5100217f-2939-4585-884c-fa90dfe2a502,Z107 Repti Therm UTH 1-5 GAL,Piece Remplacement/ Electronique,equipment,created,product,high,Piece Remplacement/ Electronique,equipment,31.99,0,no,no,no,,Repti Therm UTH 1-5 GAL,enrichir luego publicar,Mapeo directo Clover → sitio (sin cambiar Clover),
757,site_product_clover,24AX9MEWW4V94,5fe3fea0-1d23-4ca2-b84a-7ae79636f478,Z108 Snake Strip UTH 3.5 x 18'',Piece Remplacement/ Electronique,equipment,created,product,high,Piece Remplacement/ Electronique,equipment,32.99,0,no,no,no,,Snake Strip UTH 3.5 x 18'',enrichir luego publicar,Mapeo directo Clover → sitio (sin cambiar Clover),
758,site_product_clover,V106W2C4C29J4,2900443a-a1b0-4ba2-896f-8779334f5ca2,Z120A,Piece Remplacement/ Electronique,equipment,created,product,high,Piece Remplacement/ Electronique,equipment,41.99,0,no,no,no,,Z120A,enrichir luego publicar,Mapeo directo Clover → sitio (sin cambiar Clover),
759,site_product_clover,0KW9X5FA5W512,86e16ac3-b9bd-401c-b124-7f383bf1e907,Z120B,Piece Remplacement/ Electronique,equipment,created,product,high,Piece Remplacement/ Electronique,equipment,52.99,0,no,no,no,,Z120B,enrichir luego publicar,Mapeo directo Clover → sitio (sin cambiar Clover),
760,site_product_clover,V4W71913GKB2J,45e5abff-cceb-4e18-9a1f-110b6c0133da,Z120D,Piece Remplacement/ Electronique,equipment,created,product,high,Piece Remplacement/ Electronique,equipment,109.99,0,no,no,no,,Z120D,enrichir luego publicar,Mapeo directo Clover → sitio (sin cambiar Clover),
761,site_product_clover,TEDPT0CF50TGC,de91f66a-3a4b-4e9c-b86b-3c07ecd3fa85,Z120c,Piece Remplacement/ Electronique,equipment,created,product,high,Piece Remplacement/ Electronique,equipment,85.99,0,no,no,no,,Z120c,enrichir luego publicar,Mapeo directo Clover → sitio (sin cambiar Clover),
762,site_product_clover,Y1BG6A36NW58P,4eeb2ace-6249-4fd4-aa97-7f0044e302a4,Z126 Zoomed Digital Terrarium Thermometer,Piece Remplacement/ Electronique,equipment,created,product,high,Piece Remplacement/ Electronique,equipment,14.25,0,no,no,no,Zoo Med,Zoomed Digital Terrarium Thermometer,enrichir luego publicar,Mapeo directo Clover → sitio (sin cambiar Clover),
763,site_product_clover,FVP4WF94QSE7A,d1131e58-5761-4ff1-b568-060bfe2d859c,Z126A Zoomed Digital Combo Thermometer / Humidity Gauge,Piece Remplacement/ Electronique,equipment,created,product,high,Piece Remplacement/ Electronique,equipment,23.99,0,no,no,no,Zoo Med,Zoomed Digital Combo Thermometer / Humidity Gauge,enrichir luego publicar,Mapeo directo Clover → sitio (sin cambiar Clover),
764,site_product_clover,XEATDRSXS338T,04a4f67a-6b3c-428c-b025-3d942cf38dfd,Z128A Reptitemp Digital Thermostat,Piece Remplacement/ Electronique,equipment,created,product,high,Piece Remplacement/ Electronique,equipment,79.99,0,no,no,no,,Reptitemp Digital Thermostat,enrichir luego publicar,Mapeo directo Clover → sitio (sin cambiar Clover),
765,site_product_clover,EEKYQVHTRQ7SY,b828abb6-c80c-460e-a1db-1f7daebf81ca,Z128B ZooMed Environmental Control Center,Piece Remplacement/ Electronique,equipment,created,product,high,Piece Remplacement/ Electronique,equipment,209.99,0,no,no,no,Zoo Med,ZooMed Environmental Control Center,enrichir luego publicar,Mapeo directo Clover → sitio (sin cambiar Clover),
766,site_product_clover,CKEVHM412MZMJ,6117e2e3-ac89-4399-b2ff-f959e490b748,Z128C  ZooMed Reptitemp Dimming Digital Thermostat,Piece Remplacement/ Electronique,equipment,created,product,high,Piece Remplacement/ Electronique,equipment,99.99,0,no,no,no,Zoo Med,ZooMed Reptitemp Dimming Digital Thermostat,enrichir luego publicar,Mapeo directo Clover → sitio (sin cambiar Clover),
767,site_product_clover,2S1MXWH0SDYT4,c8296887-ff42-4e73-9e8f-583705cd2e02,Z129 ZooMed Reptitemp Rheostat 150 W,Piece Remplacement/ Electronique,equipment,created,product,high,Piece Remplacement/ Electronique,equipment,35.99,0,no,no,no,Zoo Med,ZooMed Reptitemp Rheostat 150 W,enrichir luego publicar,Mapeo directo Clover → sitio (sin cambiar Clover),
768,site_product_clover,MKZ469YRGZY0T,64576e95-6238-4f95-854a-d88ed544d61c,Z130 Zoomed Repti Day/ Night Timer,Piece Remplacement/ Electronique,equipment,created,product,high,Piece Remplacement/ Electronique,equipment,30.99,0,no,no,no,Zoo Med,Zoomed Repti Day/ Night Timer,enrichir luego publicar,Mapeo directo Clover → sitio (sin cambiar Clover),
769,site_product_clover,C799HYQMRV73M,6d78fba1-96ee-4236-b28f-ccf0cb06a4d3,Z131 MINUTERIE POUR TERRARIUM,Piece Remplacement/ Electronique,equipment,created,product,high,Piece Remplacement/ Electronique,equipment,24.99,0,no,no,no,,MINUTERIE POUR TERRARIUM,enrichir luego publicar,Mapeo directo Clover → sitio (sin cambiar Clover),
770,site_product_clover,G4D1XDA94CPSR,bb882d40-84fb-497f-ac8c-5313f748f423,Z132 Repticare Terrarium Controller,Piece Remplacement/ Electronique,equipment,created,product,high,Piece Remplacement/ Electronique,equipment,47.99,0,no,no,no,,Repticare Terrarium Controller,enrichir luego publicar,Mapeo directo Clover → sitio (sin cambiar Clover),
771,site_product_clover,ZS2WV05SXWCFW,7670b3b7-91d4-4e82-a515-1f24229dfc37,Z152 Reptirain Automatic Misting Machine,Piece Remplacement/ Electronique,equipment,created,product,high,Piece Remplacement/ Electronique,equipment,168.99,0,no,no,no,,Reptirain Automatic Misting Machine,enrichir luego publicar,Mapeo directo Clover → sitio (sin cambiar Clover),
772,site_product_clover,5S34X2S8VNHXG,82a269af-d585-41b1-aa9f-7a6e93df9a1b,Z159Z Zoomed 4 Suction Cups For Turtle Docks,Piece Remplacement/ Electronique,equipment,created,product,high,Piece Remplacement/ Electronique,equipment,3.50,0,no,no,no,Zoo Med,Zoomed 4 Suction Cups For Turtle Docks,enrichir luego publicar,Mapeo directo Clover → sitio (sin cambiar Clover),
773,site_product_clover,2KXJDQR9R09EE,b9751526-ade7-4937-ab3a-12dc4d9f74fe,Z165 Zoomed Floating Turtle Feeder,Piece Remplacement/ Electronique,equipment,created,product,high,Piece Remplacement/ Electronique,equipment,13.99,0,no,no,no,Zoo Med,Zoomed Floating Turtle Feeder,enrichir luego publicar,Mapeo directo Clover → sitio (sin cambiar Clover),
774,site_product_clover,AZXD7WM21VMBT,5ea5b6a0-e301-46a6-a785-430820e89984,Z168 TurtleMatic Automatic Feeder,Piece Remplacement/ Electronique,equipment,created,product,high,Piece Remplacement/ Electronique,equipment,55.99,0,no,no,no,,TurtleMatic Automatic Feeder,enrichir luego publicar,Mapeo directo Clover → sitio (sin cambiar Clover),
775,site_product_clover,04BCZWZTWK9PM,2c11dcc2-de9b-4b7d-a29c-5103e46affb2,"Z781A Angled Stainless Steel Feeding Tongs 25cm (10"")",Piece Remplacement/ Electronique,equipment,created,product,high,Piece Remplacement/ Electronique,equipment,12.99,0,no,no,no,,"Angled Stainless Steel Feeding Tongs 25cm (10"")",enrichir luego publicar,Mapeo directo Clover → sitio (sin cambiar Clover),
776,site_product_clover,QGZQS3HMCRQ4Y,cd3547d0-296b-455e-a07a-b6d35235e115,Z782 Repti Sand Scooper,Piece Remplacement/ Electronique,equipment,created,product,high,Piece Remplacement/ Electronique,equipment,11.99,0,no,no,no,,Repti Sand Scooper,enrichir luego publicar,Mapeo directo Clover → sitio (sin cambiar Clover),
777,site_product_clover,VB223VBB9KZT4,9921c12e-db70-4406-a630-04500f158632,Z783 Deluxe Shovel Scooper,Piece Remplacement/ Electronique,equipment,created,product,high,Piece Remplacement/ Electronique,equipment,12.99,0,no,no,no,,Deluxe Shovel Scooper,enrichir luego publicar,Mapeo directo Clover → sitio (sin cambiar Clover),
778,site_product_clover,0YM5RRW1QSK1E,973700fd-ef20-48db-9d02-7bbc59ee9fbc,Z975 Paludarium Plateform SM,Piece Remplacement/ Electronique,equipment,created,product,high,Piece Remplacement/ Electronique,equipment,36.99,0,no,no,no,Zoo Med,Paludarium Plateform SM,enrichir luego publicar,Mapeo directo Clover → sitio (sin cambiar Clover),
779,site_product_clover,12F3V5P6QXW06,5606edd4-c48e-4534-8669-aa4444be92dd,Z975A Paludarium Platform  LG,Piece Remplacement/ Electronique,equipment,created,product,high,Piece Remplacement/ Electronique,equipment,62.99,0,no,no,no,Zoo Med,Paludarium Platform  LG,enrichir luego publicar,Mapeo directo Clover → sitio (sin cambiar Clover),
780,site_product_clover,VGN9CJDPVV85Y,2bbae63e-4781-4065-bbe7-2f2cb5dd9f91,Z982 Zoomed Humidity Plus Silicone Terrarium Cover,Piece Remplacement/ Electronique,equipment,created,product,high,Piece Remplacement/ Electronique,equipment,16.99,0,no,no,no,Zoo Med,Zoomed Humidity Plus Silicone Terrarium Cover,enrichir luego publicar,Mapeo directo Clover → sitio (sin cambiar Clover),
781,site_product_clover,KPJKE57DBQXNR,f570e090-c45f-4c74-b19c-cc63b8590b76,heatpack,Piece Remplacement/ Electronique,equipment,created,product,high,Piece Remplacement/ Electronique,equipment,6.00,0,no,no,no,,heatpack,enrichir luego publicar,Mapeo directo Clover → sitio (sin cambiar Clover),
782,site_product_clover,SNWHQYZ13KECJ,155a25a7-dcdf-4320-8b71-14f6beeed14f,service,Piece Remplacement/ Electronique,equipment,created,product,high,Piece Remplacement/ Electronique,equipment,65.23,0,no,no,no,,service,enrichir luego publicar,Mapeo directo Clover → sitio (sin cambiar Clover),
783,site_product_clover,9NJPCD1R81S90,e621733a-6504-430b-90e8-102950556455,z785 Collapsible Hook/ Gator,Piece Remplacement/ Electronique,equipment,created,product,high,Piece Remplacement/ Electronique,equipment,9.99,0,no,no,no,,z785 Collapsible Hook/ Gator,enrichir luego publicar,Mapeo directo Clover → sitio (sin cambiar Clover),
784,site_product_clover,6Q88XZ1ZPE4A4,92769b48-563a-408c-bb6b-86b4a9bfead3,10899 Zilla Vitamin Supp.Spray 8oz,Supplement,supplement,created,product,high,Supplement,supplement,14.99,0,no,no,no,Zilla,Zilla Vitamin Supp.Spray 8oz,enrichir luego publicar,Mapeo directo Clover → sitio (sin cambiar Clover),
785,site_product_clover,W0B7QKYED6C5Y,e57fde8b-e2af-4687-9289-658214616ba5,28677 Jurassimite Wipes (26),Supplement,supplement,created,product,high,Supplement,supplement,29.99,0,no,no,no,,Jurassimite Wipes (26),enrichir luego publicar,Mapeo directo Clover → sitio (sin cambiar Clover),
786,site_product_clover,1VVJ4FB8TSYZT,875e3f81-94cf-4976-835c-f0c62b7ff76e,28678 Jurassimite 250ml,Supplement,supplement,created,product,high,Supplement,supplement,17.50,0,no,no,no,,Jurassimite 250ml,enrichir luego publicar,Mapeo directo Clover → sitio (sin cambiar Clover),
787,site_product_clover,Z766ND6ZXR39Y,242e80c0-fea5-4cc6-975a-ec992001785e,90404 Zilla Turtle Miracle Ball,Supplement,supplement,created,product,high,Supplement,supplement,29.99,0,no,no,no,Zilla,Zilla Turtle Miracle Ball,enrichir luego publicar,Mapeo directo Clover → sitio (sin cambiar Clover),
788,site_product_clover,6RWR7EAMH6GPM,be8c196d-0c9b-4c23-9da6-eba6f43cd08e,A7510 Bloc Neutrafin Pour Tortue 15g,Supplement,supplement,created,product,high,Supplement,supplement,3.40,0,no,no,no,,Bloc Neutrafin Pour Tortue 15g,enrichir luego publicar,Mapeo directo Clover → sitio (sin cambiar Clover),
789,site_product_clover,5ZS2Y8PX00HPR,734c778d-1686-4493-b48a-b6dd6226bb72,Cuttlebone Vrak,Supplement,supplement,created,product,high,Supplement,supplement,0.16,0,no,no,no,,Cuttlebone Vrak,enrichir luego publicar,Mapeo directo Clover → sitio (sin cambiar Clover),
790,site_product_clover,3YMKP85DM1D0A,6e488868-1084-4ad0-8e0c-1645b2ce264a,Dendrocare,Supplement,supplement,created,product,high,Supplement,supplement,26.99,0,no,no,no,,Dendrocare,enrichir luego publicar,Mapeo directo Clover → sitio (sin cambiar Clover),
791,site_product_clover,S2EDH927YRXK6,2dfb1620-3eac-489e-8812-d670826af8bc,No-Mite Dendrocare,Supplement,supplement,created,product,high,Supplement,supplement,28.99,0,no,no,no,,No-Mite Dendrocare,enrichir luego publicar,Mapeo directo Clover → sitio (sin cambiar Clover),
792,site_product_clover,GM8J2MTARYJ4T,53c5a63e-079a-4abc-8773-480fd6758e02,Z561 Reptivite With D3 2oz,Supplement,supplement,created,product,high,Supplement,supplement,11.99,0,no,no,no,,Reptivite With D3 2oz,enrichir luego publicar,Mapeo directo Clover → sitio (sin cambiar Clover),
793,site_product_clover,GB642GQXXEHFW,c0ff2928-5569-41d1-9508-32e6fb0ff8b1,Z591 Repti Calcium Without D3 3oz,Supplement,supplement,created,product,high,Supplement,supplement,6.99,0,no,no,no,,Repti Calcium Without D3 3oz,enrichir luego publicar,Mapeo directo Clover → sitio (sin cambiar Clover),
794,site_product_clover,T54NT5Y0VXT3W,478a8db4-94e1-450c-b8a1-80a3e0592de8,Z592 Repti Calcium Without D3 8oz,Supplement,supplement,created,product,high,Supplement,supplement,12.99,0,no,no,no,,Repti Calcium Without D3 8oz,enrichir luego publicar,Mapeo directo Clover → sitio (sin cambiar Clover),
795,site_product_clover,JT05430H0XTRY,dd5a6b95-cefa-4c5e-a4ab-0bc6ad3a8d28,Z596 Zoomed Repticalcium With D3,Supplement,supplement,created,product,high,Supplement,supplement,9.99,0,no,no,no,Zoo Med,Zoomed Repticalcium With D3,enrichir luego publicar,Mapeo directo Clover → sitio (sin cambiar Clover),
796,site_product_clover,ZFFVCQSXCM3YY,3328faa2-8c42-4b32-8ddb-35da248511fb,Z597 Repticalcium With D3 8oz,Supplement,supplement,created,product,high,Supplement,supplement,15.99,0,no,no,no,,Repticalcium With D3 8oz,enrichir luego publicar,Mapeo directo Clover → sitio (sin cambiar Clover),
797,site_product_clover,2B8BT4X9RW3ZJ,71bf8969-3f0f-4d11-88fd-6c236ff7f4e8,Z961 Reptivite Without D3 2oz,Supplement,supplement,created,product,high,Supplement,supplement,11.99,0,no,no,no,,Reptivite Without D3 2oz,enrichir luego publicar,Mapeo directo Clover → sitio (sin cambiar Clover),
798,clover_pending,CXGJ0N19T5QXG,,13731 Zilla Floating Turtle Trunk,,,pending,product,medium,Decoration,decor,79.99,,no,no,no,La Swamp / misc SKU,Zilla Floating Turtle Trunk,bulk_create_product,"Patrón nombre → Clover ""Decoration"" / sitio ""decor""",
799,clover_pending,Z7ZCDKMJ4HPRE,,3RML Feuille de Magnolia,,,pending,product,medium,Decoration,decor,12.99,0,no,no,no,,Feuille de Magnolia,bulk_create_product,"Patrón nombre → Clover ""Decoration"" / sitio ""decor""",
800,clover_pending,E9FVJZCPAJBR0,,65404 Botanicals Botte de Foin des Prés + Fleurs,,,pending,product,medium,Decoration,decor,15.00,,no,no,no,La Swamp / misc SKU,Botanicals Botte de Foin des Prés + Fleurs,bulk_create_product,"Patrón nombre → Clover ""Decoration"" / sitio ""decor""",
801,clover_pending,72KBS20S2C944,,76997 Basking Hut 8'',,,pending,product,medium,Decoration,decor,21.99,0,no,no,no,La Swamp / misc SKU,Basking Hut 8'',bulk_create_product,"Patrón nombre → Clover ""Decoration"" / sitio ""decor""",
802,clover_pending,CXT2N9A6X6CSE,,A. Depressum 15+,Isopod et Araignee et Fourmis,,pending,animal,high,Isopod et Araignee et Fourmis,,19.99,,no,no,no,,A. Depressum 15+,crear_animal,"Categoría Clover animal existente — mantener ""Isopod et Araignee et Fourmis""",
803,clover_pending,VPAYMSYTHC4WC,,A. Gestroi 15+,Isopod et Araignee et Fourmis,,pending,animal,high,Isopod et Araignee et Fourmis,,54.99,,no,no,no,,A. Gestroi 15+,crear_animal,"Categoría Clover animal existente — mantener ""Isopod et Araignee et Fourmis""",
804,clover_pending,HVS29XJM9FRPT,,A. Maculatum Zebra 15+,Isopod et Araignee et Fourmis,,pending,animal,high,Isopod et Araignee et Fourmis,,24.99,,no,no,no,,A. Maculatum Zebra 15+,crear_animal,"Categoría Clover animal existente — mantener ""Isopod et Araignee et Fourmis""",
805,clover_pending,A212VJXXAJPBM,,A. V. Magic Potion Japenese 15+,Isopod et Araignee et Fourmis,,pending,animal,high,Isopod et Araignee et Fourmis,,54.99,,no,no,no,,A. V. Magic Potion Japenese 15+,crear_animal,"Categoría Clover animal existente — mantener ""Isopod et Araignee et Fourmis""",
806,clover_pending,S1ZPKMWXES4W6,,A. Vulgare Tangerine 15+,Isopod et Araignee et Fourmis,,pending,animal,high,Isopod et Araignee et Fourmis,,44.99,,no,no,no,,A. Vulgare Tangerine 15+,crear_animal,"Categoría Clover animal existente — mantener ""Isopod et Araignee et Fourmis""",
807,clover_pending,YTD62M5H6D0AT,,ASF Adulte 30g a 39g,Rongeur,,pending,animal,high,Rongeur,,2.60,0,no,no,no,,Adulte 30g a 39g,crear_animal,"Categoría Clover animal existente — mantener ""Rongeur""",
808,clover_pending,TKA173KM77XJW,,ASF Fuzzy 4g a 7g,Rongeur,,pending,animal,high,Rongeur,,1.25,0,no,no,no,,Fuzzy 4g a 7g,crear_animal,"Categoría Clover animal existente — mantener ""Rongeur""",
809,clover_pending,4EN95ZCBFFD3J,,ASF Hopper 8g a 14g,Rongeur,,pending,animal,high,Rongeur,,1.65,0,no,no,no,,Hopper 8g a 14g,crear_animal,"Categoría Clover animal existente — mantener ""Rongeur""",
810,clover_pending,ESTNBXJM397TC,,ASF Jumbo 50g a 80g,Rongeur,,pending,animal,high,Rongeur,,4.10,0,no,no,no,,Jumbo 50g a 80g,crear_animal,"Categoría Clover animal existente — mantener ""Rongeur""",
811,clover_pending,VWS4X0J5H7BX2,,ASF Jumbo+ 80g et +,Rongeur,,pending,animal,high,Rongeur,,6.00,0,no,no,no,,Jumbo+ 80g et +,crear_animal,"Categoría Clover animal existente — mantener ""Rongeur""",
812,clover_pending,MHHMM0SA6TR1P,,ASF Large 40g a 49g,Rongeur,,pending,animal,high,Rongeur,,2.75,0,no,no,no,,Large 40g a 49g,crear_animal,"Categoría Clover animal existente — mantener ""Rongeur""",
813,clover_pending,ESSAWBZBVVBZ2,,ASF Pinky 1g a 3g,Rongeur,,pending,animal,high,Rongeur,,1.10,0,no,no,no,,Pinky 1g a 3g,crear_animal,"Categoría Clover animal existente — mantener ""Rongeur""",
814,clover_pending,PG4GBZBPXX5X6,,ASF Sub-adulte 20g a 29g,Rongeur,,pending,animal,high,Rongeur,,2.25,0,no,no,no,,Sub-adulte 20g a 29g,crear_animal,"Categoría Clover animal existente — mantener ""Rongeur""",
815,clover_pending,2E06HQEPZAJ62,,ASF Weanling 15g a 19g,Rongeur,,pending,animal,high,Rongeur,,2.15,0,no,no,no,,Weanling 15g a 19g,crear_animal,"Categoría Clover animal existente — mantener ""Rongeur""",
816,clover_pending,6TZE6Z1X4708M,,ATB Gris mâle,Serpent,,pending,animal,high,Serpent,,450.00,0,no,no,no,,Gris mâle,crear_animal,"Categoría Clover animal existente — mantener ""Serpent""",
817,clover_pending,EAZCRB78RN5Z6,,Acanthosaura Capra,,,pending,animal,medium,Lezard,,100.00,0,no,no,no,,Acanthosaura Capra,crear_animal,"Nombre sugiere animal vivo → categoría Clover existente ""Lezard""",
818,clover_pending,VKE8BSE2S8VJJ,,Acanthosaura Lepidogaster,,,pending,animal,medium,Lezard,,300.00,0,no,no,no,,Acanthosaura Lepidogaster,crear_animal,"Nombre sugiere animal vivo → categoría Clover existente ""Lezard""",
819,clover_pending,CBWSB7Q5JGMQC,,Acanthoscurria Geniculato,,,pending,animal,medium,Isopod et Araignee et Fourmis,,100.00,0,no,no,no,,Acanthoscurria Geniculato,crear_animal,"Nombre sugiere animal vivo → categoría Clover existente ""Isopod et Araignee et Fourmis""",
820,clover_pending,8FSYT7BT7Z2TA,,African House femelle,Serpent,,pending,animal,high,Serpent,,250.00,0,no,no,no,,African House femelle,crear_animal,"Categoría Clover animal existente — mantener ""Serpent""",
821,clover_pending,RNZ8NZGBPV2HR,,African velvet Gecko (Homopholis Wahlbergii) BB,Lezard,,pending,animal,high,Lezard,,130.00,0,no,no,no,,African velvet Gecko (Homopholis Wahlbergii) BB,crear_animal,"Categoría Clover animal existente — mantener ""Lezard""",
822,clover_pending,MC3DS6YRH79PJ,,Agame Peint,Lezard,,pending,animal,high,Lezard,,250.00,0,no,no,no,,Agame Peint,crear_animal,"Categoría Clover animal existente — mantener ""Lezard""",
823,clover_pending,FCF1JDSJ20NW4,,Albino Black Ratsnake BB,Serpent,,pending,animal,high,Serpent,,250.00,0,no,no,no,,Albino Black Ratsnake BB,crear_animal,"Categoría Clover animal existente — mantener ""Serpent""",
824,clover_pending,ZK7SVSHGT67GY,,Albino Champagne Enchi Poss Toffino HR,Serpent,,pending,animal,high,Serpent,,350.00,0,no,no,no,,Albino Champagne Enchi Poss Toffino HR,crear_animal,"Categoría Clover animal existente — mantener ""Serpent""",
825,clover_pending,GKER8X9RJ1JAP,,Albino Honduran Milksnake AD,Serpent,,pending,animal,high,Serpent,,200.00,,no,no,no,,Albino Honduran Milksnake AD,crear_animal,"Categoría Clover animal existente — mantener ""Serpent""",
826,clover_pending,T299GWYY3G32W,,Albino Northern Pinesnake Fem,Serpent,,pending,animal,high,Serpent,,600.00,,no,no,no,,Albino Northern Pinesnake Fem,crear_animal,"Categoría Clover animal existente — mantener ""Serpent""",
827,clover_pending,AZN8JN50BJ3VP,,Amazon Tree Boa AD,Serpent,,pending,animal,high,Serpent,,350.00,,no,no,no,,Amazon Tree Boa AD,crear_animal,"Categoría Clover animal existente — mantener ""Serpent""",
828,clover_pending,JQ91D37Q5Z4JA,,Amazone Tree Boa BB,Serpent,,pending,animal,high,Serpent,,1500.00,,no,no,no,,Amazone Tree Boa BB,crear_animal,"Categoría Clover animal existente — mantener ""Serpent""",
829,clover_pending,FBRVTVYEHKHSA,,Amel Tessera Juv,Serpent,,pending,animal,high,Serpent,,300.00,,no,no,no,,Amel Tessera Juv,crear_animal,"Categoría Clover animal existente — mantener ""Serpent""",
830,clover_pending,ND5E16CHRVS6T,,Anery Honduran Milksnake Male Adult noir,Serpent,,pending,animal,high,Serpent,,250.00,,no,no,no,,Anery Honduran Milksnake Male Adult noir,crear_animal,"Categoría Clover animal existente — mantener ""Serpent""",
831,clover_pending,ZT04DGDCPHMXY,,Angolan Python,Serpent,,pending,animal,high,Serpent,,800.00,,no,no,no,,Angolan Python,crear_animal,"Categoría Clover animal existente — mantener ""Serpent""",
832,clover_pending,T9GXC8T5CA92T,,Anole Blue Eye Dwarf (Anolis Pogus),Lezard,,pending,animal,high,Lezard,,60.00,0,no,no,no,,Anole Blue Eye Dwarf (Anolis Pogus),crear_animal,"Categoría Clover animal existente — mantener ""Lezard""",
833,clover_pending,HM0K62VHQKGR4,,Anole White Line (Anolis Gingivinus),Lezard,,pending,animal,high,Lezard,,60.00,0,no,no,no,,Anole White Line (Anolis Gingivinus),crear_animal,"Categoría Clover animal existente — mantener ""Lezard""",
834,clover_pending,3HHVVX9VD42KR,,Ants Dry Nest 7x7,Isopod et Araignee et Fourmis,,pending,animal,high,Isopod et Araignee et Fourmis,,39.99,0,no,no,no,,Ants Dry Nest 7x7,crear_animal,"Categoría Clover animal existente — mantener ""Isopod et Araignee et Fourmis""",
835,clover_pending,VA8DJN5ZPVQX4,,Ants Fluon PTFE 10ml,Isopod et Araignee et Fourmis,,pending,animal,high,Isopod et Araignee et Fourmis,,19.99,0,no,no,no,,Ants Fluon PTFE 10ml,crear_animal,"Categoría Clover animal existente — mantener ""Isopod et Araignee et Fourmis""",
836,clover_pending,W8JKWKX889DAG,,Ants Foundation nest,Isopod et Araignee et Fourmis,,pending,animal,high,Isopod et Araignee et Fourmis,,34.99,0,no,no,no,,Ants Foundation nest,crear_animal,"Categoría Clover animal existente — mantener ""Isopod et Araignee et Fourmis""",
837,clover_pending,WMW1VFMZEVSVM,,Ants Hydra Nest 7x7,Isopod et Araignee et Fourmis,,pending,animal,high,Isopod et Araignee et Fourmis,,44.99,0,no,no,no,,Ants Hydra Nest 7x7,crear_animal,"Categoría Clover animal existente — mantener ""Isopod et Araignee et Fourmis""",
838,clover_pending,NK87PW0VHAN5E,,Ants Large Outworld,Isopod et Araignee et Fourmis,,pending,animal,high,Isopod et Araignee et Fourmis,,29.99,0,no,no,no,,Ants Large Outworld,crear_animal,"Categoría Clover animal existente — mantener ""Isopod et Araignee et Fourmis""",
839,clover_pending,ZAPG8EZGZYQPM,,Ants Lasius Niger Colony Fondation Nest with Small Outworld,Isopod et Araignee et Fourmis,,pending,animal,high,Isopod et Araignee et Fourmis,,129.99,0,no,no,no,,Ants Lasius Niger Colony Fondation Nest with Small Outworld,crear_animal,"Categoría Clover animal existente — mantener ""Isopod et Araignee et Fourmis""",
840,clover_pending,Q8A1QGZ4NHTM0,,Ants Liquid Feeder,Isopod et Araignee et Fourmis,,pending,animal,high,Isopod et Araignee et Fourmis,,7.49,0,no,no,no,,Ants Liquid Feeder,crear_animal,"Categoría Clover animal existente — mantener ""Isopod et Araignee et Fourmis""",
841,clover_pending,KPJGQS3S8F77T,,Ants Medium Outworld,Isopod et Araignee et Fourmis,,pending,animal,high,Isopod et Araignee et Fourmis,,19.99,0,no,no,no,,Ants Medium Outworld,crear_animal,"Categoría Clover animal existente — mantener ""Isopod et Araignee et Fourmis""",
842,clover_pending,96K6VFA6WNET0,,Ants Nectar 50ml,Isopod et Araignee et Fourmis,,pending,animal,high,Isopod et Araignee et Fourmis,,14.99,0,no,no,no,,Ants Nectar 50ml,crear_animal,"Categoría Clover animal existente — mantener ""Isopod et Araignee et Fourmis""",
843,clover_pending,KD6X5QA9VNQ86,,Ants Queen's Chamber,Isopod et Araignee et Fourmis,,pending,animal,high,Isopod et Araignee et Fourmis,,19.99,0,no,no,no,,Ants Queen's Chamber,crear_animal,"Categoría Clover animal existente — mantener ""Isopod et Araignee et Fourmis""",
844,clover_pending,P9MRQEQ7C75BE,,Ants Small Outworld,Isopod et Araignee et Fourmis,,pending,animal,high,Isopod et Araignee et Fourmis,,14.99,0,no,no,no,,Ants Small Outworld,crear_animal,"Categoría Clover animal existente — mantener ""Isopod et Araignee et Fourmis""",
845,clover_pending,6NA1E18H22NF4,,Ants Starter Kit,Isopod et Araignee et Fourmis,,pending,animal,high,Isopod et Araignee et Fourmis,,34.99,0,no,no,no,,Ants Starter Kit,crear_animal,"Categoría Clover animal existente — mantener ""Isopod et Araignee et Fourmis""",
846,clover_pending,5RNE76W9JFF8J,,Ants Tranquility Nest,Isopod et Araignee et Fourmis,,pending,animal,high,Isopod et Araignee et Fourmis,,54.99,0,no,no,no,,Ants Tranquility Nest,crear_animal,"Categoría Clover animal existente — mantener ""Isopod et Araignee et Fourmis""",
847,clover_pending,NB6VAY9ESCXYJ,,Armadillidium Paraccea 10+,Isopod et Araignee et Fourmis,,pending,animal,high,Isopod et Araignee et Fourmis,,35.00,0,no,no,no,,Armadillidium Paraccea 10+,crear_animal,"Categoría Clover animal existente — mantener ""Isopod et Araignee et Fourmis""",
848,clover_pending,9JR0VXFF2KKCM,,Australian Water Python BB,Serpent,,pending,animal,high,Serpent,,500.00,0,no,no,no,,Australian Water Python BB,crear_animal,"Categoría Clover animal existente — mantener ""Serpent""",
849,clover_pending,74H6E463CMYJ2,,BallPython Bleu Eyed Lucy BB,Serpent,,pending,animal,high,Serpent,,600.00,,no,no,no,,BallPython Bleu Eyed Lucy BB,crear_animal,"Categoría Clover animal existente — mantener ""Serpent""",
850,clover_pending,G5ZD44QVB0KZY,,Banana Enchi Poss.OD Poss.YB M AC,Serpent,,pending,animal,high,Serpent,,400.00,,no,no,no,,Banana Enchi Poss.OD Poss.YB M AC,crear_animal,"Categoría Clover animal existente — mantener ""Serpent""",
851,clover_pending,QPDQ264SPB84A,,Banana Enchi YB Het Pied Poss OD Male Juv.,Serpent,,pending,animal,high,Serpent,,350.00,0,no,no,no,,Banana Enchi YB Het Pied Poss OD Male Juv.,crear_animal,"Categoría Clover animal existente — mantener ""Serpent""",
852,clover_pending,0P9SBAF6TB3SC,,Banana Enchi YB Poss.OD,Serpent,,pending,animal,high,Serpent,,450.00,,no,no,no,,Banana Enchi YB Poss.OD,crear_animal,"Categoría Clover animal existente — mantener ""Serpent""",
853,clover_pending,V5A7CZGCDZ9Z2,,Banana Pied YB M BB,Serpent,,pending,animal,high,Serpent,,1000.00,,no,no,no,,Banana Pied YB M BB,crear_animal,"Categoría Clover animal existente — mantener ""Serpent""",
854,clover_pending,A0QVGQ5WAJ178,,Banana Pinstripe DM,Serpent,,pending,animal,high,Serpent,,200.00,,no,no,no,,Banana Pinstripe DM,crear_animal,"Categoría Clover animal existente — mantener ""Serpent""",
855,clover_pending,SWWVFDAKMNHQG,,Barbu hypo citrus bb,Lezard,,pending,animal,high,Lezard,,200.00,0,no,no,no,,Barbu hypo citrus bb,crear_animal,"Categoría Clover animal existente — mantener ""Lezard""",
856,clover_pending,EPZHV1R5NFMYM,,Basilic Vert BB (Baby Green Basilick),Lezard,,pending,animal,high,Lezard,,85.00,0,no,no,no,,Basilic Vert BB (Baby Green Basilick),crear_animal,"Categoría Clover animal existente — mantener ""Lezard""",
857,clover_pending,YSPFZD55ZH5Y8,,Bearded Henrylawsoni,Lezard,,pending,animal,high,Lezard,,500.00,0,no,no,no,,Bearded Henrylawsoni,crear_animal,"Categoría Clover animal existente — mantener ""Lezard""",
858,clover_pending,D74AJRJ2ZDZR0,,Betta Catappa Leaf,,,pending,product,medium,Decoration,decor,3.99,0,no,no,no,,Betta Catappa Leaf,bulk_create_product,"Patrón nombre → Clover ""Decoration"" / sitio ""decor""",
859,clover_pending,HN2EKX97B5Y5P,,Black & White Tegu BB,Lezard,,pending,animal,high,Lezard,,500.00,0,no,no,no,,Black & White Tegu BB,crear_animal,"Categoría Clover animal existente — mantener ""Lezard""",
860,clover_pending,EJ8EYGJFW0B8P,,Black African House Snake Male BB,Serpent,,pending,animal,high,Serpent,,300.00,,no,no,no,,Black African House Snake Male BB,crear_animal,"Categoría Clover animal existente — mantener ""Serpent""",
861,clover_pending,2C79SK4WFEQGT,,Black Pastel GHI Mojave Fem D.O.M,Serpent,,pending,animal,high,Serpent,,600.00,,no,no,no,,Black Pastel GHI Mojave Fem D.O.M,crear_animal,"Categoría Clover animal existente — mantener ""Serpent""",
862,clover_pending,QS83EKS5WRJS2,,Black pewter Bamboo poss ENchi poss yellowbelly (Dan U),Serpent,,pending,animal,high,Serpent,,600.00,,no,no,no,,Black pewter Bamboo poss ENchi poss yellowbelly (Dan U),crear_animal,"Categoría Clover animal existente — mantener ""Serpent""",
863,clover_pending,893GFT533P3PE,,Black rat snake,Serpent,,pending,animal,high,Serpent,,200.00,,no,no,no,,Black rat snake,crear_animal,"Categoría Clover animal existente — mantener ""Serpent""",
864,clover_pending,VH472Z5X04F34,,Blate Discoid,,,pending,review,low,,,2.00,0,no,no,no,,Blate Discoid,revision_manual,Sin categoría Clover y sin patrón reconocido — revisión manual,
865,clover_pending,8Z6W473ZWXGRE,,Blood Python Matrix,Serpent,,pending,animal,high,Serpent,,250.00,,no,no,no,,Blood Python Matrix,crear_animal,"Categoría Clover animal existente — mantener ""Serpent""",
866,clover_pending,E334E0NNA0CD6,,Blue Tongue Nouvelle Guinee BB,Lezard,,pending,animal,high,Lezard,,400.00,0,no,no,no,,Blue Tongue Nouvelle Guinee BB,crear_animal,"Categoría Clover animal existente — mantener ""Lezard""",
867,clover_pending,H6W78NJ1JT8Q8,,Blue Tongue Sking Male,Lezard,,pending,animal,high,Lezard,,434.88,0,no,no,no,,Blue Tongue Sking Male,crear_animal,"Categoría Clover animal existente — mantener ""Lezard""",
868,clover_pending,VECTWC5YBSSPJ,,Blue Tongue Skink BB,Lezard,,pending,animal,high,Lezard,,300.00,0,no,no,no,,Blue Tongue Skink BB,crear_animal,"Categoría Clover animal existente — mantener ""Lezard""",
869,clover_pending,50RD1AED49TAG,,Blue Tree Monitor BB,Lezard,,pending,animal,high,Lezard,,2600.00,0,no,no,no,,Blue Tree Monitor BB,crear_animal,"Categoría Clover animal existente — mantener ""Lezard""",
870,clover_pending,3EK0J2WXT0Q70,,Boa AD Sunglow Fem. Stav,Serpent,,pending,animal,high,Serpent,,500.00,,no,no,no,,Boa AD Sunglow Fem. Stav,crear_animal,"Categoría Clover animal existente — mantener ""Serpent""",
871,clover_pending,206FC9R40WHCM,,Boa Alb Roswell Sibbling M,Serpent,,pending,animal,high,Serpent,,500.00,,no,no,no,,Boa Alb Roswell Sibbling M,crear_animal,"Categoría Clover animal existente — mantener ""Serpent""",
872,clover_pending,XBBG4KSNFKZ4J,,Boa Albino Femelle Jeune Adulte,Serpent,,pending,animal,high,Serpent,,250.00,,no,no,no,,Boa Albino Femelle Jeune Adulte,crear_animal,"Categoría Clover animal existente — mantener ""Serpent""",
873,clover_pending,FA8N802751WG8,,Boa Albino Motley Poss. Het Snow (Mike) mâle,Serpent,,pending,animal,high,Serpent,,450.00,,no,no,no,,Boa Albino Motley Poss. Het Snow (Mike) mâle,crear_animal,"Categoría Clover animal existente — mantener ""Serpent""",
874,clover_pending,Y1NZ073Y3G5SA,,Boa Anery 50% Het Albino ( Poss Het Snow Juju ),Serpent,,pending,animal,high,Serpent,,200.00,,no,no,no,,Boa Anery 50% Het Albino ( Poss Het Snow Juju ),crear_animal,"Categoría Clover animal existente — mantener ""Serpent""",
875,clover_pending,Q676DQZNW5SA6,,Boa Anery Motley 100% Het VPI femelle,Serpent,,pending,animal,high,Serpent,,300.00,,no,no,no,,Boa Anery Motley 100% Het VPI femelle,crear_animal,"Categoría Clover animal existente — mantener ""Serpent""",
876,clover_pending,6RBXM5GYMHYTM,,Boa Anery possible het. Albino ( snow),Serpent,,pending,animal,high,Serpent,,225.00,,no,no,no,,Boa Anery possible het. Albino ( snow),crear_animal,"Categoría Clover animal existente — mantener ""Serpent""",
877,clover_pending,WT1NQ11GY2838,,Boa Arabesque,Serpent,,pending,animal,high,Serpent,,400.00,,no,no,no,,Boa Arabesque,crear_animal,"Categoría Clover animal existente — mantener ""Serpent""",
878,clover_pending,QP4YA5QKS1W8E,,Boa BCC,Serpent,,pending,animal,high,Serpent,,350.00,,no,no,no,,Boa BCC,crear_animal,"Categoría Clover animal existente — mantener ""Serpent""",
879,clover_pending,6ERH9FJJWF9A6,,Boa BCC BCI Femelle Bébé,Serpent,,pending,animal,high,Serpent,,400.00,,no,no,no,,Boa BCC BCI Femelle Bébé,crear_animal,"Categoría Clover animal existente — mantener ""Serpent""",
880,clover_pending,0M7Q19PVE98GA,,Boa Const. Anery BB RC,Serpent,,pending,animal,high,Serpent,,250.00,,no,no,no,,Boa Const. Anery BB RC,crear_animal,"Categoría Clover animal existente — mantener ""Serpent""",
881,clover_pending,3D4ZGKNDXA97C,,Boa Constrictor Jungle Hypo Het. VPI Micka Fem,Serpent,,pending,animal,high,Serpent,,600.00,,no,no,no,,Boa Constrictor Jungle Hypo Het. VPI Micka Fem,crear_animal,"Categoría Clover animal existente — mantener ""Serpent""",
882,clover_pending,VMQEAZ8EVFP2W,,Boa Costa Rica Femelle,Serpent,,pending,animal,high,Serpent,,400.00,,no,no,no,,Boa Costa Rica Femelle,crear_animal,"Categoría Clover animal existente — mantener ""Serpent""",
883,clover_pending,G10M8JHYS0S5J,,Boa Dumeril BB,Serpent,,pending,animal,high,Serpent,,350.00,,no,no,no,,Boa Dumeril BB,crear_animal,"Categoría Clover animal existente — mantener ""Serpent""",
884,clover_pending,R943QBCN9HZAW,,Boa Emeraude Male AD,Serpent,,pending,animal,high,Serpent,,1500.00,,no,no,no,,Boa Emeraude Male AD,crear_animal,"Categoría Clover animal existente — mantener ""Serpent""",
885,clover_pending,T48CSMJ5HYNGG,,Boa Fem Motley D.o.m,Serpent,,pending,animal,high,Serpent,,250.00,,no,no,no,,Boa Fem Motley D.o.m,crear_animal,"Categoría Clover animal existente — mantener ""Serpent""",
886,clover_pending,S21065DPB0JRG,,Boa Het. Roswell M^DOM,Serpent,,pending,animal,high,Serpent,,300.00,,no,no,no,,Boa Het. Roswell M^DOM,crear_animal,"Categoría Clover animal existente — mantener ""Serpent""",
887,clover_pending,N8V8TQJ24XM96,,Boa Het. VPI femelle,Serpent,,pending,animal,high,Serpent,,250.00,,no,no,no,,Boa Het. VPI femelle,crear_animal,"Categoría Clover animal existente — mantener ""Serpent""",
888,clover_pending,9ERWYECT9P80A,,Boa Hypo Femelle adulte 5 ans,Serpent,,pending,animal,high,Serpent,,300.00,,no,no,no,,Boa Hypo Femelle adulte 5 ans,crear_animal,"Categoría Clover animal existente — mantener ""Serpent""",
889,clover_pending,8HRE9SMGD028P,,Boa Hypo Jungle Het.VPI BB,Serpent,,pending,animal,high,Serpent,,200.00,,no,no,no,,Boa Hypo Jungle Het.VPI BB,crear_animal,"Categoría Clover animal existente — mantener ""Serpent""",
890,clover_pending,NNS4QW64TEMF4,,Boa Hypo Jungle Het.VPI male ( d.o.m. ),Serpent,,pending,animal,high,Serpent,,250.00,,no,no,no,,Boa Hypo Jungle Het.VPI male ( d.o.m. ),crear_animal,"Categoría Clover animal existente — mantener ""Serpent""",
891,clover_pending,HJWVS3WPJMAV2,,Boa Hypo Motley Het Moon AD male,Serpent,,pending,animal,high,Serpent,,200.00,,no,no,no,,Boa Hypo Motley Het Moon AD male,crear_animal,"Categoría Clover animal existente — mantener ""Serpent""",
892,clover_pending,02WHHV7FRZMWM,,Boa IMG BB 100% Het.Anery. 50% Poss Het. Alb.,Serpent,,pending,animal,high,Serpent,,1000.00,,no,no,no,,Boa IMG BB 100% Het.Anery. 50% Poss Het. Alb.,crear_animal,"Categoría Clover animal existente — mantener ""Serpent""",
893,clover_pending,0RFJG69TSMMWA,,Boa IMG Het Albino fem,Serpent,,pending,animal,high,Serpent,,1000.00,,no,no,no,,Boa IMG Het Albino fem,crear_animal,"Categoría Clover animal existente — mantener ""Serpent""",
894,clover_pending,2EVB6AA7281VT,,Boa IMG Hypo. Jungle Het.Albino,Serpent,,pending,animal,high,Serpent,,1600.00,,no,no,no,,Boa IMG Hypo. Jungle Het.Albino,crear_animal,"Categoría Clover animal existente — mantener ""Serpent""",
895,clover_pending,Y6TA9C679JA94,,Boa Jungle ( Chain ) 100% Het. VPI,Serpent,,pending,animal,high,Serpent,,900.00,,no,no,no,,Boa Jungle ( Chain ) 100% Het. VPI,crear_animal,"Categoría Clover animal existente — mantener ""Serpent""",
896,clover_pending,96NXZG3C3QWJJ,,Boa Leopard,Serpent,,pending,animal,high,Serpent,,450.00,,no,no,no,,Boa Leopard,crear_animal,"Categoría Clover animal existente — mantener ""Serpent""",
897,clover_pending,B77070A2NGT52,,Boa Leopard 66% Het. Alb,Serpent,,pending,animal,high,Serpent,,425.00,,no,no,no,,Boa Leopard 66% Het. Alb,crear_animal,"Categoría Clover animal existente — mantener ""Serpent""",
898,clover_pending,YXG31WAKC63KA,,Boa Leopard Hypo BB male,Serpent,,pending,animal,high,Serpent,,750.00,,no,no,no,,Boa Leopard Hypo BB male,crear_animal,"Categoría Clover animal existente — mantener ""Serpent""",
899,clover_pending,HE4VXWH8JNYZM,,Boa Male Napalm,,,pending,animal,medium,Serpent,,175.00,0,no,no,no,,Boa Male Napalm,crear_animal,"Nombre sugiere animal vivo → categoría Clover existente ""Serpent""",
900,clover_pending,NA6B99QB3D150,,Boa Motley Het Leo  ( d.o.m ),Serpent,,pending,animal,high,Serpent,,400.00,,no,no,no,,Boa Motley Het Leo  ( d.o.m ),crear_animal,"Categoría Clover animal existente — mantener ""Serpent""",
901,clover_pending,S9T7Z7TBRJJ1G,,Boa Motley Poss Het Snow MVV,Serpent,,pending,animal,high,Serpent,,150.00,,no,no,no,,Boa Motley Poss Het Snow MVV,crear_animal,"Categoría Clover animal existente — mantener ""Serpent""",
902,clover_pending,SN9KQ338ZCVBA,,Boa Pastel Femelle,Serpent,,pending,animal,high,Serpent,,300.00,,no,no,no,,Boa Pastel Femelle,crear_animal,"Categoría Clover animal existente — mantener ""Serpent""",
903,clover_pending,VMXQFXDSSRJ08,,Boa Poss Super Ghost Het VPI Femelle,,,pending,animal,medium,Serpent,,450.00,0,no,no,no,,Boa Poss Super Ghost Het VPI Femelle,crear_animal,"Nombre sugiere animal vivo → categoría Clover existente ""Serpent""",
904,clover_pending,JHBESTSJ5ANY2,,Boa Poss Super Hypo Male 100% Het.vpi,Serpent,,pending,animal,high,Serpent,,300.00,,no,no,no,,Boa Poss Super Hypo Male 100% Het.vpi,crear_animal,"Categoría Clover animal existente — mantener ""Serpent""",
905,clover_pending,FFYVAHK47YEDW,,Boa Poss. Super Hypo Motley Het VPI Mâle,Serpent,,pending,animal,high,Serpent,,250.00,0,no,no,no,,Boa Poss. Super Hypo Motley Het VPI Mâle,crear_animal,"Categoría Clover animal existente — mantener ""Serpent""",
906,clover_pending,FVCMVTXC9TKX2,,Boa RTL Hypo 100% het Blood Het anery et het Albino 25% Male,Serpent,,pending,animal,high,Serpent,,280.00,,no,no,no,,Boa RTL Hypo 100% het Blood Het anery et het Albino 25% Male,crear_animal,"Categoría Clover animal existente — mantener ""Serpent""",
907,clover_pending,7ZNMAGWYBPTYG,,Boa RTL super Hypo 100% Het BLood 25% het anery 25% het albino Femelle (CK),Serpent,,pending,animal,high,Serpent,,280.00,,no,no,no,,Boa RTL super Hypo 100% Het BLood 25% het anery 25% het albino Femelle (CK),crear_animal,"Categoría Clover animal existente — mantener ""Serpent""",
908,clover_pending,WW1M57HCRJT36,,Boa Reg Het Leo 100% Het Albino F BB,Serpent,,pending,animal,high,Serpent,,225.00,,no,no,no,,Boa Reg Het Leo 100% Het Albino F BB,crear_animal,"Categoría Clover animal existente — mantener ""Serpent""",
909,clover_pending,FGVTZM0Z2NWA4,,Boa Reg Het. Anery Just,Serpent,,pending,animal,high,Serpent,,150.00,,no,no,no,,Boa Reg Het. Anery Just,crear_animal,"Categoría Clover animal existente — mantener ""Serpent""",
910,clover_pending,YG1JD9QH20398,,Boa Reg Stav Line Jess,Serpent,,pending,animal,high,Serpent,,250.00,,no,no,no,,Boa Reg Stav Line Jess,crear_animal,"Categoría Clover animal existente — mantener ""Serpent""",
911,clover_pending,ABKY44NGFXCCW,,Boa Stav Line Jungle BB J.E.S.S,Serpent,,pending,animal,high,Serpent,,450.00,,no,no,no,,Boa Stav Line Jungle BB J.E.S.S,crear_animal,"Categoría Clover animal existente — mantener ""Serpent""",
912,clover_pending,JN0R0FJ8R6V86,,Boa Sunglow Fem. Juv. Consigne,Serpent,,pending,animal,high,Serpent,,275.00,,no,no,no,,Boa Sunglow Fem. Juv. Consigne,crear_animal,"Categoría Clover animal existente — mantener ""Serpent""",
913,clover_pending,F01G0CMPJTRRE,,Boa Sunglow Poss het Moon Sharp,Serpent,,pending,animal,high,Serpent,,500.00,,no,no,no,,Boa Sunglow Poss het Moon Sharp,crear_animal,"Categoría Clover animal existente — mantener ""Serpent""",
914,clover_pending,HFRPZPZPNR6TM,,Boa T+ Poss. Super Sunglow BB RC,Serpent,,pending,animal,high,Serpent,,450.00,,no,no,no,,Boa T+ Poss. Super Sunglow BB RC,crear_animal,"Categoría Clover animal existente — mantener ""Serpent""",
915,clover_pending,5ZR5S78W5QMJ4,,Boa VPI mâle,Serpent,,pending,animal,high,Serpent,,600.00,,no,no,no,,Boa VPI mâle,crear_animal,"Categoría Clover animal existente — mantener ""Serpent""",
916,clover_pending,26CFPAR446HRC,,Boa femelle Motley T+ Francis,Serpent,,pending,animal,high,Serpent,,400.00,,no,no,no,,Boa femelle Motley T+ Francis,crear_animal,"Categoría Clover animal existente — mantener ""Serpent""",
917,clover_pending,CQFBPK4J66DKP,,Boa hypo Jungle femelle (jess),Serpent,,pending,animal,high,Serpent,,250.00,,no,no,no,,Boa hypo Jungle femelle (jess),crear_animal,"Categoría Clover animal existente — mantener ""Serpent""",
918,clover_pending,66X71X6AFCRV0,,Boa motley male bb,Serpent,,pending,animal,high,Serpent,,250.00,0,no,no,no,,Boa motley male bb,crear_animal,"Categoría Clover animal existente — mantener ""Serpent""",
919,clover_pending,VTM955D3XQ7JG,,Boa régulier 100% het VPI mâle,Serpent,,pending,animal,high,Serpent,,200.00,,no,no,no,,Boa régulier 100% het VPI mâle,crear_animal,"Categoría Clover animal existente — mantener ""Serpent""",
920,clover_pending,26Q09S5R4XRK6,,"Boa super ghost hypo, motley het VPI femelle",Serpent,,pending,animal,high,Serpent,,450.00,,no,no,no,,"Boa super ghost hypo, motley het VPI femelle",crear_animal,"Categoría Clover animal existente — mantener ""Serpent""",
921,clover_pending,2S1M2J94XRPCP,,Brazilian Rainbow Boas BB,Serpent,,pending,animal,high,Serpent,,300.00,,no,no,no,,Brazilian Rainbow Boas BB,crear_animal,"Categoría Clover animal existente — mantener ""Serpent""",
922,clover_pending,KCSV80ZPWJHJA,,Bresilian BRB BB Mart,Serpent,,pending,animal,high,Serpent,,200.00,,no,no,no,,Bresilian BRB BB Mart,crear_animal,"Categoría Clover animal existente — mantener ""Serpent""",
923,clover_pending,7ZGMKT2D2ASFG,,Bullsnake Albino BB,Serpent,,pending,animal,high,Serpent,,450.00,,no,no,no,,Bullsnake Albino BB,crear_animal,"Categoría Clover animal existente — mantener ""Serpent""",
924,clover_pending,ZZP0987E6AHBW,,Bullsnake Albino Hypo BB,Serpent,,pending,animal,high,Serpent,,1200.00,0,no,no,no,,Bullsnake Albino Hypo BB,crear_animal,"Categoría Clover animal existente — mantener ""Serpent""",
925,clover_pending,M3ZNAATSQ0H8T,,Bumblebee Pin F DM,Serpent,,pending,animal,high,Serpent,,200.00,,no,no,no,,Bumblebee Pin F DM,crear_animal,"Categoría Clover animal existente — mantener ""Serpent""",
926,clover_pending,CNKSYAGH0TYW6,,Califonia Kingsnake Lavender Aberant BB,Serpent,,pending,animal,high,Serpent,,325.00,,no,no,no,,Califonia Kingsnake Lavender Aberant BB,crear_animal,"Categoría Clover animal existente — mantener ""Serpent""",
927,clover_pending,R2YEBVXZE9G34,,California King,Serpent,,pending,animal,high,Serpent,,300.00,,no,no,no,,California King,crear_animal,"Categoría Clover animal existente — mantener ""Serpent""",
928,clover_pending,PM41A9XRGCC8T,,California Kingsnake bb,Serpent,,pending,animal,high,Serpent,,150.00,,no,no,no,,California Kingsnake bb,crear_animal,"Categoría Clover animal existente — mantener ""Serpent""",
929,clover_pending,R18X0M3GJG02P,,Calypso Misting Intelligent Automatic System,,,pending,product,medium,Piece Remplacement/ Electronique,equipment,80.00,,no,no,no,,Calypso Misting Intelligent Automatic System,bulk_create_product,"Patrón nombre → Clover ""Piece Remplacement/ Electronique"" / sitio ""equipment""",
930,clover_pending,Y1J00C0XAD9DE,,Carpet Fem,Serpent,,pending,animal,high,Serpent,,50.00,,no,no,no,,Carpet Fem,crear_animal,"Categoría Clover animal existente — mantener ""Serpent""",
931,clover_pending,X0AZJW21RTB5G,,Carpet Fem AD Papuan,Serpent,,pending,animal,high,Serpent,,500.00,,no,no,no,,Carpet Fem AD Papuan,crear_animal,"Categoría Clover animal existente — mantener ""Serpent""",
932,clover_pending,ETN383F4VJJWJ,,Carpet mâle 66% het albino,Serpent,,pending,animal,high,Serpent,,200.00,,no,no,no,,Carpet mâle 66% het albino,crear_animal,"Categoría Clover animal existente — mantener ""Serpent""",
933,clover_pending,Q3EGEJE1FDPD0,,Cave Gecko (Goniurosaurus Bawanglingensis),Lezard,,pending,animal,high,Lezard,,250.00,0,no,no,no,,Cave Gecko (Goniurosaurus Bawanglingensis),crear_animal,"Categoría Clover animal existente — mantener ""Lezard""",
934,clover_pending,DG8DY6FJTP3V2,,Cave Gecko (Goniurosaurus Hainanensis),Lezard,,pending,animal,high,Lezard,,260.00,0,no,no,no,,Cave Gecko (Goniurosaurus Hainanensis),crear_animal,"Categoría Clover animal existente — mantener ""Lezard""",
935,clover_pending,S83HT7H1PVKEM,,Cave Gecko Cyrtodactylus Deccanensis,Lezard,,pending,animal,high,Lezard,,225.00,0,no,no,no,,Cave Gecko Cyrtodactylus Deccanensis,crear_animal,"Categoría Clover animal existente — mantener ""Lezard""",
936,clover_pending,BADJW56GNJHFG,,Ceramc Cave Hide Large Cachette,,,pending,product,medium,Decoration,decor,40.99,0,no,no,no,,Ceramc Cave Hide Large Cachette,bulk_create_product,"Patrón nombre → Clover ""Decoration"" / sitio ""decor""",
937,clover_pending,5BJ7MN930ESR2,,Ceramic Cave Hide Medium Cachette,,,pending,product,medium,Decoration,decor,25.99,0,no,no,no,,Ceramic Cave Hide Medium Cachette,bulk_create_product,"Patrón nombre → Clover ""Decoration"" / sitio ""decor""",
938,clover_pending,8MBN9NEX4NWF0,,Certificat Cadeau/ Gift Certificate,,,pending,ignore,high,,,86.98,,no,no,no,,Certificat Cadeau/ Gift Certificate,ignorar,Certificat / frais / service — no publicar en boutique,
939,clover_pending,1NA749H86R7NR,,Chameleon Jackson F AD,Lezard,,pending,animal,high,Lezard,,400.00,0,no,no,no,,Chameleon Jackson F AD,crear_animal,"Categoría Clover animal existente — mantener ""Lezard""",
940,clover_pending,BY54970KYMZ8M,,Chameleon Panthere Male,Lezard,,pending,animal,high,Lezard,,350.00,0,no,no,no,,Chameleon Panthere Male,crear_animal,"Categoría Clover animal existente — mantener ""Lezard""",
941,clover_pending,3JJ5YVJG0BK02,,Chameleon Rainbow Jackson M AD,Lezard,,pending,animal,high,Lezard,,430.00,0,no,no,no,,Chameleon Rainbow Jackson M AD,crear_animal,"Categoría Clover animal existente — mantener ""Lezard""",
942,clover_pending,M86F86FN9FDFA,,Chameleon Veiled (mâle),Lezard,,pending,animal,high,Lezard,,220.00,0,no,no,no,,Chameleon Veiled (mâle),crear_animal,"Categoría Clover animal existente — mantener ""Lezard""",
943,clover_pending,8KGKCZ4QSQ0KC,,Chameleon Veiled Trans,Lezard,,pending,animal,high,Lezard,,300.00,0,no,no,no,,Chameleon Veiled Trans,crear_animal,"Categoría Clover animal existente — mantener ""Lezard""",
944,clover_pending,3PQ6K51G1JW9G,,Chamelon Elliots,Lezard,,pending,animal,high,Lezard,,200.00,0,no,no,no,,Chamelon Elliots,crear_animal,"Categoría Clover animal existente — mantener ""Lezard""",
945,clover_pending,YCENW5FGTNJVA,,Chapala Garter BB,Serpent,,pending,animal,high,Serpent,,200.00,,no,no,no,,Chapala Garter BB,crear_animal,"Categoría Clover animal existente — mantener ""Serpent""",
946,clover_pending,3B92S1QKYZCZY,,Checkered Garter Het albino adultes,Serpent,,pending,animal,high,Serpent,,450.00,,no,no,no,,Checkered Garter Het albino adultes,crear_animal,"Categoría Clover animal existente — mantener ""Serpent""",
947,clover_pending,FK3T0TNAE8TBW,,Checkered Garter Snakes Albino Pastel AD,Serpent,,pending,animal,high,Serpent,,240.00,,no,no,no,,Checkered Garter Snakes Albino Pastel AD,crear_animal,"Categoría Clover animal existente — mantener ""Serpent""",
948,clover_pending,VAYF1D0M0BGAP,,Chinese Beauty Snake,Serpent,,pending,animal,high,Serpent,,225.00,,no,no,no,,Chinese Beauty Snake,crear_animal,"Categoría Clover animal existente — mantener ""Serpent""",
949,clover_pending,EKT06SQH4719M,,Cinnamon Tree Frog,Amphibien,,pending,animal,high,Amphibien,,125.00,0,no,no,no,,Cinnamon Tree Frog,crear_animal,"Categoría Clover animal existente — mantener ""Amphibien""",
950,clover_pending,WTD4H5JW8EE3R,,Cobalt BB,Amphibien,,pending,animal,high,Amphibien,,75.00,0,no,no,no,,Cobalt BB,crear_animal,"Categoría Clover animal existente — mantener ""Amphibien""",
951,clover_pending,SCFCW25XFH2DC,,Collemboles Orange/ Orange springtails (Yuukianura aphoruroides),Isopod et Araignee et Fourmis,,pending,animal,high,Isopod et Araignee et Fourmis,,15.00,0,no,no,no,,Collemboles Orange/ Orange springtails (Yuukianura aphoruroides),crear_animal,"Categoría Clover animal existente — mantener ""Isopod et Araignee et Fourmis""",
952,clover_pending,8S0C58X2BTJPM,,Corn Fire Tess MP,Serpent,,pending,animal,high,Serpent,,275.00,,no,no,no,,Corn Fire Tess MP,crear_animal,"Categoría Clover animal existente — mantener ""Serpent""",
953,clover_pending,0C94ZC43R8M2M,,Corn Scaleless Tessera Es. Okeetee Male adulte,Serpent,,pending,animal,high,Serpent,,450.00,,no,no,no,,Corn Scaleless Tessera Es. Okeetee Male adulte,crear_animal,"Categoría Clover animal existente — mantener ""Serpent""",
954,clover_pending,WC0JGTWF7672E,,Corn Snake Hypo Blood Tessera,Serpent,,pending,animal,high,Serpent,,225.99,,no,no,no,,Corn Snake Hypo Blood Tessera,crear_animal,"Categoría Clover animal existente — mantener ""Serpent""",
955,clover_pending,MTJW0R2H3CFEA,,"Corn Tess.class.100%hetdiff,66%het stripe &charcoal50% het snow FC",Serpent,,pending,animal,high,Serpent,,150.00,,no,no,no,,"Corn Tess.class.100%hetdiff,66%het stripe &charcoal50% het snow FC",crear_animal,"Categoría Clover animal existente — mantener ""Serpent""",
956,clover_pending,RGCV60075SR54,,Corn snow AD JL,Serpent,,pending,animal,high,Serpent,,175.00,,no,no,no,,Corn snow AD JL,crear_animal,"Categoría Clover animal existente — mantener ""Serpent""",
957,clover_pending,8032VJAYJJK9T,,Corn snow adulte fem,Serpent,,pending,animal,high,Serpent,,195.00,,no,no,no,,Corn snow adulte fem,crear_animal,"Categoría Clover animal existente — mantener ""Serpent""",
958,clover_pending,ME2YMA84SFFWE,,Cornnake Sunkissed BB,Serpent,,pending,animal,high,Serpent,,100.00,,no,no,no,,Cornnake Sunkissed BB,crear_animal,"Categoría Clover animal existente — mantener ""Serpent""",
959,clover_pending,THPK2ZRJ55JP0,,Cornsanke Okeeteee Scaleless Male BB,Serpent,,pending,animal,high,Serpent,,275.00,,no,no,no,,Cornsanke Okeeteee Scaleless Male BB,crear_animal,"Categoría Clover animal existente — mantener ""Serpent""",
960,clover_pending,2ER98V2VKD8T6,,Cornsmake Scaless  Alb.  Okeete BB,Serpent,,pending,animal,high,Serpent,,450.00,,no,no,no,,Cornsmake Scaless  Alb.  Okeete BB,crear_animal,"Categoría Clover animal existente — mantener ""Serpent""",
961,clover_pending,WA3SAPYZX4G9M,,Cornsnake,Serpent,,pending,animal,high,Serpent,,200.00,,no,no,no,,Cornsnake,crear_animal,"Categoría Clover animal existente — mantener ""Serpent""",
962,clover_pending,F8PR74XZTSV6J,,Cornsnake AD Snow JL,Serpent,,pending,animal,high,Serpent,,175.00,,no,no,no,,Cornsnake AD Snow JL,crear_animal,"Categoría Clover animal existente — mantener ""Serpent""",
963,clover_pending,Z1D9WPVS3P3XT,,Cornsnake Adulte,Serpent,,pending,animal,high,Serpent,,175.00,0,no,no,no,,Cornsnake Adulte,crear_animal,"Categoría Clover animal existente — mantener ""Serpent""",
964,clover_pending,F1GXCVVZ04XYC,,Cornsnake Albino Hypo Tessera,Serpent,,pending,animal,high,Serpent,,175.00,,no,no,no,,Cornsnake Albino Hypo Tessera,crear_animal,"Categoría Clover animal existente — mantener ""Serpent""",
965,clover_pending,HBQ5H14PHNFJE,,Cornsnake Albino Okeetee,Serpent,,pending,animal,high,Serpent,,175.00,,no,no,no,,Cornsnake Albino Okeetee,crear_animal,"Categoría Clover animal existente — mantener ""Serpent""",
966,clover_pending,YG15KM0CWH6QC,,Cornsnake Albino Okeetee Hypo BB,Serpent,,pending,animal,high,Serpent,,125.00,,no,no,no,,Cornsnake Albino Okeetee Hypo BB,crear_animal,"Categoría Clover animal existente — mantener ""Serpent""",
967,clover_pending,05P71W6EKW6M4,,Cornsnake Albino Tess Okeetee,Serpent,,pending,animal,high,Serpent,,175.00,,no,no,no,,Cornsnake Albino Tess Okeetee,crear_animal,"Categoría Clover animal existente — mantener ""Serpent""",
968,clover_pending,9248WCPTKVW1C,,Cornsnake Amber Striped BB poss het snow,Serpent,,pending,animal,high,Serpent,,200.00,,no,no,no,,Cornsnake Amber Striped BB poss het snow,crear_animal,"Categoría Clover animal existente — mantener ""Serpent""",
969,clover_pending,CGA94WPE5733G,,Cornsnake Anery BB RC,Serpent,,pending,animal,high,Serpent,,175.00,,no,no,no,,Cornsnake Anery BB RC,crear_animal,"Categoría Clover animal existente — mantener ""Serpent""",
970,clover_pending,WKYD5R242B9DY,,Cornsnake Anery Het Stripe / Snow,Serpent,,pending,animal,high,Serpent,,125.00,,no,no,no,,Cornsnake Anery Het Stripe / Snow,crear_animal,"Categoría Clover animal existente — mantener ""Serpent""",
971,clover_pending,25AMQNXY1X9Z4,,Cornsnake Anery Motley AD,Serpent,,pending,animal,high,Serpent,,80.00,,no,no,no,,Cornsnake Anery Motley AD,crear_animal,"Categoría Clover animal existente — mantener ""Serpent""",
972,clover_pending,3TADQCG4HZM0M,,Cornsnake Anery Striped,Serpent,,pending,animal,high,Serpent,,140.00,,no,no,no,,Cornsnake Anery Striped,crear_animal,"Categoría Clover animal existente — mantener ""Serpent""",
973,clover_pending,K3S47KGK1XMJ8,,Cornsnake Anery Tessera RC,Serpent,,pending,animal,high,Serpent,,200.00,,no,no,no,,Cornsnake Anery Tessera RC,crear_animal,"Categoría Clover animal existente — mantener ""Serpent""",
974,clover_pending,MYGHZQK4AYSNC,,Cornsnake BB Amber Striped Motley het amel 50% het anery,Serpent,,pending,animal,high,Serpent,,150.00,,no,no,no,,Cornsnake BB Amber Striped Motley het amel 50% het anery,crear_animal,"Categoría Clover animal existente — mantener ""Serpent""",
975,clover_pending,NE9WW4PS1XHSM,,Cornsnake BB Hypo Snow,Serpent,,pending,animal,high,Serpent,,150.00,,no,no,no,,Cornsnake BB Hypo Snow,crear_animal,"Categoría Clover animal existente — mantener ""Serpent""",
976,clover_pending,VAG1BA54YBD2E,,Cornsnake BB Snow,Serpent,,pending,animal,high,Serpent,,175.00,,no,no,no,,Cornsnake BB Snow,crear_animal,"Categoría Clover animal existente — mantener ""Serpent""",
977,clover_pending,1JKSW9BKAH04M,,Cornsnake Blizzard MR,Serpent,,pending,animal,high,Serpent,,250.00,,no,no,no,,Cornsnake Blizzard MR,crear_animal,"Categoría Clover animal existente — mantener ""Serpent""",
978,clover_pending,MGA3C9Z5XVA0J,,Cornsnake Butter (MA),Serpent,,pending,animal,high,Serpent,,250.00,,no,no,no,,Cornsnake Butter (MA),crear_animal,"Categoría Clover animal existente — mantener ""Serpent""",
979,clover_pending,Q0DQ3R3W7SWTG,,Cornsnake Caramel Butter Male AD,Serpent,,pending,animal,high,Serpent,,175.00,,no,no,no,,Cornsnake Caramel Butter Male AD,crear_animal,"Categoría Clover animal existente — mantener ""Serpent""",
980,clover_pending,VQCG4HYAYB250,,Cornsnake Caramel Motley Striped,Serpent,,pending,animal,high,Serpent,,250.00,,no,no,no,,Cornsnake Caramel Motley Striped,crear_animal,"Categoría Clover animal existente — mantener ""Serpent""",
981,clover_pending,RRB8FMQA2VEQ8,,Cornsnake Caramel tessera Fem,Serpent,,pending,animal,high,Serpent,,200.00,,no,no,no,,Cornsnake Caramel tessera Fem,crear_animal,"Categoría Clover animal existente — mantener ""Serpent""",
982,clover_pending,BT2P7XNF7VPMR,,Cornsnake Charcoal FC,Serpent,,pending,animal,high,Serpent,,350.00,,no,no,no,,Cornsnake Charcoal FC,crear_animal,"Categoría Clover animal existente — mantener ""Serpent""",
983,clover_pending,7VZXX9PC1HJDG,,Cornsnake Fire Tessera BB,Serpent,,pending,animal,high,Serpent,,300.00,,no,no,no,,Cornsnake Fire Tessera BB,crear_animal,"Categoría Clover animal existente — mantener ""Serpent""",
984,clover_pending,2N6868RVG771M,,Cornsnake Hypo Mothley,Serpent,,pending,animal,high,Serpent,,200.00,,no,no,no,,Cornsnake Hypo Mothley,crear_animal,"Categoría Clover animal existente — mantener ""Serpent""",
985,clover_pending,YNB47YEWB6F90,,Cornsnake Hypo Okeetee BB,Serpent,,pending,animal,high,Serpent,,80.00,,no,no,no,,Cornsnake Hypo Okeetee BB,crear_animal,"Categoría Clover animal existente — mantener ""Serpent""",
986,clover_pending,2K5N0W4Z84PNT,,Cornsnake Motley BB,Serpent,,pending,animal,high,Serpent,,150.00,,no,no,no,,Cornsnake Motley BB,crear_animal,"Categoría Clover animal existente — mantener ""Serpent""",
987,clover_pending,C7SDGV2W43VFP,,Cornsnake Orange Tess Striped,Serpent,,pending,animal,high,Serpent,,225.00,,no,no,no,,Cornsnake Orange Tess Striped,crear_animal,"Categoría Clover animal existente — mantener ""Serpent""",
988,clover_pending,T9D1N22TY6AN6,,Cornsnake Palmetto Albino,Serpent,,pending,animal,high,Serpent,,1250.00,,no,no,no,,Cornsnake Palmetto Albino,crear_animal,"Categoría Clover animal existente — mantener ""Serpent""",
989,clover_pending,WNA69VKEP01F6,,Cornsnake Palmetto Albino BB Male,Serpent,,pending,animal,high,Serpent,,1500.00,,no,no,no,,Cornsnake Palmetto Albino BB Male,crear_animal,"Categoría Clover animal existente — mantener ""Serpent""",
990,clover_pending,Y2WNXMEQDEJE4,,Cornsnake Palmetto BB,Serpent,,pending,animal,high,Serpent,,1000.00,,no,no,no,,Cornsnake Palmetto BB,crear_animal,"Categoría Clover animal existente — mantener ""Serpent""",
991,clover_pending,EK12KRM0B0VX0,,Cornsnake Pepermint Tessera AH,Serpent,,pending,animal,high,Serpent,,800.00,,no,no,no,,Cornsnake Pepermint Tessera AH,crear_animal,"Categoría Clover animal existente — mantener ""Serpent""",
992,clover_pending,4Q3HW4VRQDKNW,,Cornsnake Pepermint Tessera Snow AD,Serpent,,pending,animal,high,Serpent,,500.00,,no,no,no,,Cornsnake Pepermint Tessera Snow AD,crear_animal,"Categoría Clover animal existente — mantener ""Serpent""",
993,clover_pending,9JBCC80867YAY,,Cornsnake Pewter BB,Serpent,,pending,animal,high,Serpent,,225.00,,no,no,no,,Cornsnake Pewter BB,crear_animal,"Categoría Clover animal existente — mantener ""Serpent""",
994,clover_pending,YBQ0PVPV2HCQ8,,Cornsnake Pewter Tess Het Mot het striped poss het amel anery bb,Serpent,,pending,animal,high,Serpent,,200.00,,no,no,no,,Cornsnake Pewter Tess Het Mot het striped poss het amel anery bb,crear_animal,"Categoría Clover animal existente — mantener ""Serpent""",
995,clover_pending,6N63Z73XZZ596,,Cornsnake Salmon Snow (Coral Snow) male juvénile,Serpent,,pending,animal,high,Serpent,,325.00,0,no,no,no,,Cornsnake Salmon Snow (Coral Snow) male juvénile,crear_animal,"Categoría Clover animal existente — mantener ""Serpent""",
996,clover_pending,94D5VSNVN3PZA,,Cornsnake Scaleless Albino  Motley BB RC,Serpent,,pending,animal,high,Serpent,,800.00,,no,no,no,,Cornsnake Scaleless Albino  Motley BB RC,crear_animal,"Categoría Clover animal existente — mantener ""Serpent""",
997,clover_pending,SHE38PZPXC3AG,,Cornsnake Scaleless Anery BB RC,Serpent,,pending,animal,high,Serpent,,700.00,,no,no,no,,Cornsnake Scaleless Anery BB RC,crear_animal,"Categoría Clover animal existente — mantener ""Serpent""",
998,clover_pending,F9K80YFVH8K2G,,Cornsnake Scaleless Mot Hypo Anery BB,Serpent,,pending,animal,high,Serpent,,900.00,,no,no,no,,Cornsnake Scaleless Mot Hypo Anery BB,crear_animal,"Categoría Clover animal existente — mantener ""Serpent""",
999,clover_pending,4HZ1S376EV2GE,,Cornsnake Scaleless Okeetee,Serpent,,pending,animal,high,Serpent,,500.00,,no,no,no,,Cornsnake Scaleless Okeetee,crear_animal,"Categoría Clover animal existente — mantener ""Serpent""",
1000,clover_pending,0KKP2A59F5FJ6,,Cornsnake Scaleless Okeetee Anery,Serpent,,pending,animal,high,Serpent,,800.00,,no,no,no,,Cornsnake Scaleless Okeetee Anery,crear_animal,"Categoría Clover animal existente — mantener ""Serpent""",
1001,clover_pending,M3HVNSD1ZPWBW,,Cornsnake Scaleless Partial striped,Serpent,,pending,animal,high,Serpent,,300.00,,no,no,no,,Cornsnake Scaleless Partial striped,crear_animal,"Categoría Clover animal existente — mantener ""Serpent""",
1002,clover_pending,9CC3TCQS7S66Y,,Cornsnake Scaleless RC BB,Serpent,,pending,animal,high,Serpent,,450.00,,no,no,no,,Cornsnake Scaleless RC BB,crear_animal,"Categoría Clover animal existente — mantener ""Serpent""",
1003,clover_pending,EM6T1SR5XP5VJ,,Cornsnake Scales less,Serpent,,pending,animal,high,Serpent,,600.00,,no,no,no,,Cornsnake Scales less,crear_animal,"Categoría Clover animal existente — mantener ""Serpent""",
1004,clover_pending,6Y0SDPCKRYG1J,,Cornsnake Scaless Tess. Stripe,Serpent,,pending,animal,high,Serpent,,1000.00,,no,no,no,,Cornsnake Scaless Tess. Stripe,crear_animal,"Categoría Clover animal existente — mantener ""Serpent""",
1005,clover_pending,NCJR5PB313XYC,,Cornsnake Snow Red Factor,Serpent,,pending,animal,high,Serpent,,500.00,,no,no,no,,Cornsnake Snow Red Factor,crear_animal,"Categoría Clover animal existente — mantener ""Serpent""",
1006,clover_pending,D1T7RVVV7YS5W,,Cornsnake Snow Striped T+ BB,Serpent,,pending,animal,high,Serpent,,225.00,,no,no,no,,Cornsnake Snow Striped T+ BB,crear_animal,"Categoría Clover animal existente — mantener ""Serpent""",
1007,clover_pending,TA8NR768S2V62,,Cornsnake Snow Tessera patterneless BB,Serpent,,pending,animal,high,Serpent,,225.00,,no,no,no,,Cornsnake Snow Tessera patterneless BB,crear_animal,"Categoría Clover animal existente — mantener ""Serpent""",
1008,clover_pending,ZCV398T9EVNDT,,Cornsnake Stripe Fire,Serpent,,pending,animal,high,Serpent,,300.00,,no,no,no,,Cornsnake Stripe Fire,crear_animal,"Categoría Clover animal existente — mantener ""Serpent""",
1009,clover_pending,HJYN77D2TBGNT,,Cornsnake Sunglow BB,Serpent,,pending,animal,high,Serpent,,125.00,,no,no,no,,Cornsnake Sunglow BB,crear_animal,"Categoría Clover animal existente — mantener ""Serpent""",
1010,clover_pending,YABWHJWTW75EM,,Cornsnake Sunglow Motley BB RC,Serpent,,pending,animal,high,Serpent,,100.00,,no,no,no,,Cornsnake Sunglow Motley BB RC,crear_animal,"Categoría Clover animal existente — mantener ""Serpent""",
1011,clover_pending,9EJWSFC89F6RP,,Cornsnake Sunglow Stripe Motley,Serpent,,pending,animal,high,Serpent,,175.00,,no,no,no,,Cornsnake Sunglow Stripe Motley,crear_animal,"Categoría Clover animal existente — mantener ""Serpent""",
1012,clover_pending,HWQVXRKKHHWZY,,"Cornsnake Tess 100% amel,Hypo,stripe 50% caramel FC",Serpent,,pending,animal,high,Serpent,,150.00,,no,no,no,,"Cornsnake Tess 100% amel,Hypo,stripe 50% caramel FC",crear_animal,"Categoría Clover animal existente — mantener ""Serpent""",
1013,clover_pending,CJPEE8PBA7EAM,,Cornsnake Tess Mtley stripe FC,Serpent,,pending,animal,high,Serpent,,150.00,,no,no,no,,Cornsnake Tess Mtley stripe FC,crear_animal,"Categoría Clover animal existente — mantener ""Serpent""",
1014,clover_pending,XMBDZ70GS7JS2,,Cornsnake Tess Stripe Albino Okeetee BB,Serpent,,pending,animal,high,Serpent,,250.00,,no,no,no,,Cornsnake Tess Stripe Albino Okeetee BB,crear_animal,"Categoría Clover animal existente — mantener ""Serpent""",
1015,clover_pending,VPKJWES31QY2P,,Cornsnake Tess diffused 66% het charcoal & tripe Poss het snow,Serpent,,pending,animal,high,Serpent,,150.00,,no,no,no,,Cornsnake Tess diffused 66% het charcoal & tripe Poss het snow,crear_animal,"Categoría Clover animal existente — mantener ""Serpent""",
1016,clover_pending,XQ1PTKB0RHX6Y,,Cornsnake Tess special fem,Serpent,,pending,animal,high,Serpent,,200.00,,no,no,no,,Cornsnake Tess special fem,crear_animal,"Categoría Clover animal existente — mantener ""Serpent""",
1017,clover_pending,JN56KHDB52MNJ,,Cornsnake Tessera,Serpent,,pending,animal,high,Serpent,,150.00,,no,no,no,,Cornsnake Tessera,crear_animal,"Categoría Clover animal existente — mantener ""Serpent""",
1018,clover_pending,V90YQSMK70WBE,,Cornsnake Tessera Albino MR,Serpent,,pending,animal,high,Serpent,,160.00,,no,no,no,,Cornsnake Tessera Albino MR,crear_animal,"Categoría Clover animal existente — mantener ""Serpent""",
1019,clover_pending,GV8VCTGTKBNDG,,Cornsnake Tessera Albino Okeete MR,Serpent,,pending,animal,high,Serpent,,160.00,,no,no,no,,Cornsnake Tessera Albino Okeete MR,crear_animal,"Categoría Clover animal existente — mantener ""Serpent""",
1020,clover_pending,4BZDY6K9RH7PP,,Cornsnake Tessera Albino Sunglow MR,Serpent,,pending,animal,high,Serpent,,160.00,,no,no,no,,Cornsnake Tessera Albino Sunglow MR,crear_animal,"Categoría Clover animal existente — mantener ""Serpent""",
1021,clover_pending,C994HBB1W351W,,"Cornsnake Tessera Charcoal -PH Anery , amel , diffused",Serpent,,pending,animal,high,Serpent,,175.00,,no,no,no,,"Cornsnake Tessera Charcoal -PH Anery , amel , diffused",crear_animal,"Categoría Clover animal existente — mantener ""Serpent""",
1022,clover_pending,D26RSPHHG0G2P,,Cornsnake Tessera Charcoal 100% Diff. 66% het. Striped . 50% het snow,Serpent,,pending,animal,high,Serpent,,250.00,,no,no,no,,Cornsnake Tessera Charcoal 100% Diff. 66% het. Striped . 50% het snow,crear_animal,"Categoría Clover animal existente — mantener ""Serpent""",
1023,clover_pending,D4N64WG0FTHEW,,Cornsnake Tessera Striped Snow,Serpent,,pending,animal,high,Serpent,,125.00,,no,no,no,,Cornsnake Tessera Striped Snow,crear_animal,"Categoría Clover animal existente — mantener ""Serpent""",
1024,clover_pending,5ZRJYS7QH005E,,Cornsnake okeetee,Serpent,,pending,animal,high,Serpent,,90.00,,no,no,no,,Cornsnake okeetee,crear_animal,"Categoría Clover animal existente — mantener ""Serpent""",
1025,clover_pending,CMGW6MC2GXPCG,,Cornsnake sunglow bb DF,Serpent,,pending,animal,high,Serpent,,125.00,,no,no,no,,Cornsnake sunglow bb DF,crear_animal,"Categoría Clover animal existente — mantener ""Serpent""",
1026,clover_pending,B469JJ4FW799R,,Cornsnake sunglow mothley,Serpent,,pending,animal,high,Serpent,,150.00,,no,no,no,,Cornsnake sunglow mothley,crear_animal,"Categoría Clover animal existente — mantener ""Serpent""",
1027,clover_pending,KCWDH1GA9BXER,,Cornsnake tesera albino,Serpent,,pending,animal,high,Serpent,,150.00,,no,no,no,,Cornsnake tesera albino,crear_animal,"Categoría Clover animal existente — mantener ""Serpent""",
1028,clover_pending,MT4W68Q45HF64,,Cprnsnake Salmon Snow Palemetto M BB,Serpent,,pending,animal,high,Serpent,,1500.00,,no,no,no,,Cprnsnake Salmon Snow Palemetto M BB,crear_animal,"Categoría Clover animal existente — mantener ""Serpent""",
1029,clover_pending,031RPGERJNCMA,,Crapaud Pipa Pipa,Amphibien,,pending,animal,high,Amphibien,,139.99,0,no,no,no,,Crapaud Pipa Pipa,crear_animal,"Categoría Clover animal existente — mantener ""Amphibien""",
1030,clover_pending,B2ZFJW0HGJTM0,,Crested,Lezard,,pending,animal,high,Lezard,,170.00,0,no,no,no,,Crested,crear_animal,"Categoría Clover animal existente — mantener ""Lezard""",
1031,clover_pending,47GA25H0KB7ZW,,Crested Gecko BB,Lezard,,pending,animal,high,Lezard,,80.00,,no,no,no,,Crested Gecko BB,crear_animal,"Categoría Clover animal existente — mantener ""Lezard""",
1032,clover_pending,G1609RRN24S96,,Crested Gecko Fem AD Yellow Extreme Harlequin,Lezard,,pending,animal,high,Lezard,,175.00,0,no,no,no,,Crested Gecko Fem AD Yellow Extreme Harlequin,crear_animal,"Categoría Clover animal existente — mantener ""Lezard""",
1033,clover_pending,GEKN81B5YBDM2,,Crested Gecko Femelle Red Extreme Harlequin,Lezard,,pending,animal,high,Lezard,,275.00,0,no,no,no,,Crested Gecko Femelle Red Extreme Harlequin,crear_animal,"Categoría Clover animal existente — mantener ""Lezard""",
1034,clover_pending,CSHA6CEZS0NB8,,Crested Gecko Femelle adulte  - yellow ext harlequin,Lezard,,pending,animal,high,Lezard,,275.00,0,no,no,no,,Crested Gecko Femelle adulte  - yellow ext harlequin,crear_animal,"Categoría Clover animal existente — mantener ""Lezard""",
1035,clover_pending,YPNBQ4HVFKNPP,,Crested Gecko Femelle adulte - red phantom,Lezard,,pending,animal,high,Lezard,,300.00,0,no,no,no,,Crested Gecko Femelle adulte - red phantom,crear_animal,"Categoría Clover animal existente — mantener ""Lezard""",
1036,clover_pending,TGZ5F0W8WZMSM,,Crested Gecko M KJ,Lezard,,pending,animal,high,Lezard,,200.00,0,no,no,no,,Crested Gecko M KJ,crear_animal,"Categoría Clover animal existente — mantener ""Lezard""",
1037,clover_pending,Q9TKVSPA6BSVE,,Crested Gecko Male Orange Super Stripe,Lezard,,pending,animal,high,Lezard,,250.00,0,no,no,no,,Crested Gecko Male Orange Super Stripe,crear_animal,"Categoría Clover animal existente — mantener ""Lezard""",
1038,clover_pending,TZXMT02X7W2GP,,Crested Gecko Quad Stripe Female,Lezard,,pending,animal,high,Lezard,,400.00,0,no,no,no,,Crested Gecko Quad Stripe Female,crear_animal,"Categoría Clover animal existente — mantener ""Lezard""",
1039,clover_pending,3E32Z27KZSXF8,,Crested Gecko Red Dalmatien,Lezard,,pending,animal,high,Lezard,,150.00,0,no,no,no,,Crested Gecko Red Dalmatien,crear_animal,"Categoría Clover animal existente — mantener ""Lezard""",
1040,clover_pending,3V6YXX8362V0W,,Crested Lilly White  pas de queue male,Lezard,,pending,animal,high,Lezard,,220.00,0,no,no,no,,Crested Lilly White  pas de queue male,crear_animal,"Categoría Clover animal existente — mantener ""Lezard""",
1041,clover_pending,B5VG2SC422Q9J,,Crested Lilly White Fem pas de queue,Lezard,,pending,animal,high,Lezard,,600.00,0,no,no,no,,Crested Lilly White Fem pas de queue,crear_animal,"Categoría Clover animal existente — mantener ""Lezard""",
1042,clover_pending,01TFHG0Z3P1RM,,Crocodile Skink Red Eyes (couple),,,pending,animal,medium,Lezard,,800.00,0,no,no,no,,Crocodile Skink Red Eyes (couple),crear_animal,"Nombre sugiere animal vivo → categoría Clover existente ""Lezard""",
1043,clover_pending,CQST6JY55S1TT,,Cubaris Murina ''little sea'' 15+,Isopod et Araignee et Fourmis,,pending,animal,high,Isopod et Araignee et Fourmis,,34.99,0,no,no,no,,Cubaris Murina ''little sea'' 15+,crear_animal,"Categoría Clover animal existente — mantener ""Isopod et Araignee et Fourmis""",
1044,clover_pending,6QVK811E8BW1Y,,Cubaris Panda King 10+,Isopod et Araignee et Fourmis,,pending,animal,high,Isopod et Araignee et Fourmis,,40.00,0,no,no,no,,Cubaris Panda King 10+,crear_animal,"Categoría Clover animal existente — mantener ""Isopod et Araignee et Fourmis""",
1045,clover_pending,KNJRJ75DZ88H8,,Cubaris Papaya 15+,Isopod et Araignee et Fourmis,,pending,animal,high,Isopod et Araignee et Fourmis,,45.00,0,no,no,no,,Cubaris Papaya 15+,crear_animal,"Categoría Clover animal existente — mantener ""Isopod et Araignee et Fourmis""",
1046,clover_pending,7CQPB5C11342A,,Cylisticus Convexus 15+,Isopod et Araignee et Fourmis,,pending,animal,high,Isopod et Araignee et Fourmis,,15.00,0,no,no,no,,Cylisticus Convexus 15+,crear_animal,"Categoría Clover animal existente — mantener ""Isopod et Araignee et Fourmis""",
1047,clover_pending,RBVN0JH8SDDN6,,DR011 Mulberry Madness Crested Gecko Diet 3 oz,,,pending,animal,medium,Lezard,,26.99,0,no,no,no,Repashy,Mulberry Madness Crested Gecko Diet 3 oz,crear_animal,"Nombre sugiere animal vivo → categoría Clover existente ""Lezard""",
1048,clover_pending,8BZZV2XBTHEW2,,DR072 Repashy Pineapple Express Gecko Diet 6 oz,,,pending,animal,medium,Lezard,,35.99,0,no,no,no,Repashy,Repashy Pineapple Express Gecko Diet 6 oz,crear_animal,"Nombre sugiere animal vivo → categoría Clover existente ""Lezard""",
1049,clover_pending,4WZDJZNW0W0N6,,DR217 Repashy Mango Tango Crested Gecko Diet 6oz,,,pending,animal,medium,Lezard,,40.99,0,no,no,no,Repashy,Repashy Mango Tango Crested Gecko Diet 6oz,crear_animal,"Nombre sugiere animal vivo → categoría Clover existente ""Lezard""",
1050,clover_pending,HFKJ3QXQ46NVJ,,DR402 Repashy Super Hatch Incubation 6 oz,,,pending,animal,medium,Serpent,,14.99,,no,no,no,Repashy,Repashy Super Hatch Incubation 6 oz,crear_animal,"Nombre sugiere animal vivo → categoría Clover existente ""Serpent""",
1051,clover_pending,CA2D7QAFTK9B6,,Dendrobate Auratus Green and Black,Amphibien,,pending,animal,high,Amphibien,,75.00,0,no,no,no,,Dendrobate Auratus Green and Black,crear_animal,"Categoría Clover animal existente — mantener ""Amphibien""",
1052,clover_pending,5YT0011FXF9R2,,Dendrobate Auratus Microspot,Amphibien,,pending,animal,high,Amphibien,,75.00,0,no,no,no,,Dendrobate Auratus Microspot,crear_animal,"Categoría Clover animal existente — mantener ""Amphibien""",
1053,clover_pending,0GMB84N5MZB5W,,Dendrobate Leucomelas (Noir et Jaune),Amphibien,,pending,animal,high,Amphibien,,75.00,0,no,no,no,,Dendrobate Leucomelas (Noir et Jaune),crear_animal,"Categoría Clover animal existente — mantener ""Amphibien""",
1054,clover_pending,6ED7SC2HRTZTW,,Dendrobate Oophaga Pumilio,Amphibien,,pending,animal,high,Amphibien,,135.00,0,no,no,no,,Dendrobate Oophaga Pumilio,crear_animal,"Categoría Clover animal existente — mantener ""Amphibien""",
1055,clover_pending,47C4HRAE2J000,,Dendrobate Phyllobate Aurotaenia,Amphibien,,pending,animal,high,Amphibien,,75.00,0,no,no,no,,Dendrobate Phyllobate Aurotaenia,crear_animal,"Categoría Clover animal existente — mantener ""Amphibien""",
1056,clover_pending,0W2HQV729C82W,,Dendrobate Tinctorius Patricia (Bleu et Jaune),Amphibien,,pending,animal,high,Amphibien,,90.00,0,no,no,no,,Dendrobate Tinctorius Patricia (Bleu et Jaune),crear_animal,"Categoría Clover animal existente — mantener ""Amphibien""",
1057,clover_pending,N0R6RF22G92N2,,Dendrobate Tinctorius Yellow Back,Amphibien,,pending,animal,high,Amphibien,,125.00,0,no,no,no,,Dendrobate Tinctorius Yellow Back,crear_animal,"Categoría Clover animal existente — mantener ""Amphibien""",
1058,clover_pending,BMZ574WDZKEE0,,Dendrobates Oophaga Paru (Couple),,,pending,review,low,,,1200.00,0,no,no,no,,Dendrobates Oophaga Paru (Couple),revision_manual,Sin categoría Clover y sin patrón reconocido — revisión manual,
1059,clover_pending,HRK8FKC1XPK4E,,Dendrobates Phyllobates Terribilis (Jaune),Amphibien,,pending,animal,high,Amphibien,,100.00,0,no,no,no,,Dendrobates Phyllobates Terribilis (Jaune),crear_animal,"Categoría Clover animal existente — mantener ""Amphibien""",
1060,clover_pending,MAN91XSG0A8DG,,Desert Kingsnake,Serpent,,pending,animal,high,Serpent,,300.00,,no,no,no,,Desert Kingsnake,crear_animal,"Categoría Clover animal existente — mantener ""Serpent""",
1061,clover_pending,4DWE836MKYQCR,,Dragon Barbu  Henrylawson bb,Lezard,,pending,animal,high,Lezard,,200.00,0,no,no,no,,Dragon Barbu  Henrylawson bb,crear_animal,"Categoría Clover animal existente — mantener ""Lezard""",
1062,clover_pending,DDQVF3129JR94,,Dragon Barbu BB,Lezard,,pending,animal,high,Lezard,,200.00,0,no,no,no,,Dragon Barbu BB,crear_animal,"Categoría Clover animal existente — mantener ""Lezard""",
1063,clover_pending,S9WS4T3K8XQ7E,,Dragon D'eau BB,Lezard,,pending,animal,high,Lezard,,70.00,,no,no,no,,Dragon D'eau BB,crear_animal,"Categoría Clover animal existente — mantener ""Lezard""",
1064,clover_pending,M7ZJ8GYDRFKDY,,DragonBarbuAD,Lezard,,pending,animal,high,Lezard,,125.00,0,no,no,no,,DragonBarbuAD,crear_animal,"Categoría Clover animal existente — mantener ""Lezard""",
1065,clover_pending,AKZMN50P0XJ86,,ETB Adulte male,Serpent,,pending,animal,high,Serpent,,1500.00,,no,no,no,,Adulte male,crear_animal,"Categoría Clover animal existente — mantener ""Serpent""",
1066,clover_pending,XYVJX8V6ZKQAM,,EXS-12,,,pending,review,low,,,44.99,,no,no,no,,EXS-12,revision_manual,Sin categoría Clover y sin patrón reconocido — revisión manual,
1067,clover_pending,ZHFE5CT7NDTRW,,EXS23,,,pending,review,low,,,37.99,,no,no,no,,EXS23,revision_manual,Sin categoría Clover y sin patrón reconocido — revisión manual,
1068,clover_pending,Y0BQF8A01PMW0,,Eastern Black Neck Garter Snake ( Thamnophis cyrtopsis ocellatus,,,pending,review,low,,,240.00,,no,no,no,,Eastern Black Neck Garter Snake ( Thamnophis cyrtopsis ocellatus,revision_manual,Sin categoría Clover y sin patrón reconocido — revisión manual,
1069,clover_pending,TMENG4M64T5XG,,Egg Eater,Serpent,,pending,animal,high,Serpent,,400.00,,no,no,no,,Egg Eater,crear_animal,"Categoría Clover animal existente — mantener ""Serpent""",
1070,clover_pending,4W4NCG878WHBE,,Elaphe anomala,Serpent,,pending,animal,high,Serpent,,250.00,,no,no,no,,Elaphe anomala,crear_animal,"Categoría Clover animal existente — mantener ""Serpent""",
1071,clover_pending,8JPT5A1AFHQGP,,Emerald Swift,Lezard,,pending,animal,high,Lezard,,85.00,0,no,no,no,,Emerald Swift,crear_animal,"Categoría Clover animal existente — mantener ""Lezard""",
1072,clover_pending,91JKJ2EKYG1SJ,,Emerald Tree Skink,Lezard,,pending,animal,high,Lezard,,70.00,0,no,no,no,,Emerald Tree Skink,crear_animal,"Categoría Clover animal existente — mantener ""Lezard""",
1073,clover_pending,VZGKXEXV76JEG,,Enchi Bee Femelle,Serpent,,pending,animal,high,Serpent,,250.00,,no,no,no,,Enchi Bee Femelle,crear_animal,"Categoría Clover animal existente — mantener ""Serpent""",
1074,clover_pending,EMHEACPA169T4,,Everglades Ratsnakes,Serpent,,pending,animal,high,Serpent,,40.00,,no,no,no,,Everglades Ratsnakes,crear_animal,"Categoría Clover animal existente — mantener ""Serpent""",
1075,clover_pending,RVNB4VCYKG3KM,,FF2200 Gentle Giants DOG Chicken - Kibble 3lb,,,pending,review,low,,,19.99,,no,no,no,,Gentle Giants DOG Chicken - Kibble 3lb,revision_manual,Sin categoría Clover y sin patrón reconocido — revisión manual,
1076,clover_pending,84Y48BQ6QN4CY,,FF2205 Gentle Giants DOG Chicken- Kibble 30lbs,,,pending,review,low,,,89.99,,no,no,no,,Gentle Giants DOG Chicken- Kibble 30lbs,revision_manual,Sin categoría Clover y sin patrón reconocido — revisión manual,
1077,clover_pending,FX9WNHK6MQXT8,,FF2220 Gentle Giants DOG Beef with Bacon - Kibble 3 lbs,,,pending,review,low,,,25.99,,no,no,no,,Gentle Giants DOG Beef with Bacon - Kibble 3 lbs,revision_manual,Sin categoría Clover y sin patrón reconocido — revisión manual,
1078,clover_pending,B7D77YECZ5KGP,,FF2224 Gentle Giants DOG Beef with Bacon - Kibble 24 lbs,,,pending,review,low,,,89.99,,no,no,no,,Gentle Giants DOG Beef with Bacon - Kibble 24 lbs,revision_manual,Sin categoría Clover y sin patrón reconocido — revisión manual,
1079,clover_pending,S7P3P5CC2WZMG,,FF2240 Gentle Giants DOG 90% Chicken - Can 13oz,,,pending,review,low,,,5.99,,no,no,no,,Gentle Giants DOG 90% Chicken - Can 13oz,revision_manual,Sin categoría Clover y sin patrón reconocido — revisión manual,
1080,clover_pending,1M23YPN69R49T,,FF2242 Gentle Giants DOG 90% Beef - Can 13oz,,,pending,review,low,,,5.99,,no,no,no,,Gentle Giants DOG 90% Beef - Can 13oz,revision_manual,Sin categoría Clover y sin patrón reconocido — revisión manual,
1081,clover_pending,BMWS3W9M8MF6E,,File Snake,Serpent,,pending,animal,high,Serpent,,200.00,,no,no,no,,File Snake,crear_animal,"Categoría Clover animal existente — mantener ""Serpent""",
1082,clover_pending,W9VHY2SN3G2YY,,Fire skink,Lezard,,pending,animal,high,Lezard,,55.00,0,no,no,no,,Fire skink,crear_animal,"Categoría Clover animal existente — mantener ""Lezard""",
1083,clover_pending,ESVQK29JWED5A,,Frilled Dragon AD TM,Lezard,,pending,animal,high,Lezard,,2000.00,0,no,no,no,,Frilled Dragon AD TM,crear_animal,"Categoría Clover animal existente — mantener ""Lezard""",
1084,clover_pending,AA938R2R948JC,,Frog Pixie (CB) (Pyxicephalus Adspersus),Amphibien,,pending,animal,high,Amphibien,,144.99,0,no,no,no,,Frog Pixie (CB) (Pyxicephalus Adspersus),crear_animal,"Categoría Clover animal existente — mantener ""Amphibien""",
1085,clover_pending,CR4T5EFVBH6X2,,G146 Reptile Hide Box XXL,,,pending,product,medium,Decoration,decor,39.99,,no,no,no,,Reptile Hide Box XXL,bulk_create_product,"Patrón nombre → Clover ""Decoration"" / sitio ""decor""",
1086,clover_pending,P24VKHM9S88X8,,GTP,Serpent,,pending,animal,high,Serpent,,1050.00,,no,no,no,,GTP,crear_animal,"Categoría Clover animal existente — mantener ""Serpent""",
1087,clover_pending,EZ020SA0X5CQ0,,Gardiennage Semaine,,,pending,review,low,,,100.00,0,no,no,no,,Gardiennage Semaine,revision_manual,Sin categoría Clover y sin patrón reconocido — revisión manual,
1088,clover_pending,70BMBYV6392VA,,Gardiennage par jour,,,pending,review,low,,,15.00,,no,no,no,,Gardiennage par jour,revision_manual,Sin categoría Clover y sin patrón reconocido — revisión manual,
1089,clover_pending,6ZHFTA1WD2A6E,,Gardiennage par mois,,,pending,review,low,,,150.00,,no,no,no,,Gardiennage par mois,revision_manual,Sin categoría Clover y sin patrón reconocido — revisión manual,
1090,clover_pending,ZQ5GVAE13DAV6,,Garter Snake mexican Black Belly,Serpent,,pending,animal,high,Serpent,,450.00,,no,no,no,,Garter Snake mexican Black Belly,crear_animal,"Categoría Clover animal existente — mantener ""Serpent""",
1091,clover_pending,AJHVXT89GY0WA,,Gastropholis Pracina,Lezard,,pending,animal,high,Lezard,,275.00,0,no,no,no,,Gastropholis Pracina,crear_animal,"Categoría Clover animal existente — mantener ""Lezard""",
1092,clover_pending,KWFQ57BVQJAK8,,Gecko A Crete,,,pending,animal,medium,Lezard,,250.00,0,no,no,no,,Gecko A Crete,crear_animal,"Nombre sugiere animal vivo → categoría Clover existente ""Lezard""",
1093,clover_pending,1545CA0AVMR6W,,Gecko Crested AD Male,Lezard,,pending,animal,high,Lezard,,175.00,,no,no,no,,Gecko Crested AD Male,crear_animal,"Categoría Clover animal existente — mantener ""Lezard""",
1094,clover_pending,J76WKCZG4W62R,,Gecko Crète Lilly White,Lezard,,pending,animal,high,Lezard,,600.00,,no,no,no,,Gecko Crète Lilly White,crear_animal,"Categoría Clover animal existente — mantener ""Lezard""",
1095,clover_pending,VKAB69SJ6MTWT,,Gecko Fanfooted,Lezard,,pending,animal,high,Lezard,,40.00,,no,no,no,,Gecko Fanfooted,crear_animal,"Categoría Clover animal existente — mantener ""Lezard""",
1096,clover_pending,1GQAXD0T6AZ0J,,Gecko Fat Tail,Lezard,,pending,animal,high,Lezard,,300.00,,no,no,no,,Gecko Fat Tail,crear_animal,"Categoría Clover animal existente — mantener ""Lezard""",
1097,clover_pending,PC9WTY19CBMBE,,Gecko Gargouille AD F,Lezard,,pending,animal,high,Lezard,,400.00,,no,no,no,,Gecko Gargouille AD F,crear_animal,"Categoría Clover animal existente — mantener ""Lezard""",
1098,clover_pending,H9D8N0HQKGJAY,,Gecko Gargouille AD RED,Lezard,,pending,animal,high,Lezard,,500.00,,no,no,no,,Gecko Gargouille AD RED,crear_animal,"Categoría Clover animal existente — mantener ""Lezard""",
1099,clover_pending,0XC8P5EWX62JY,,Gecko Gargouille BB,Lezard,,pending,animal,high,Lezard,,400.00,,no,no,no,,Gecko Gargouille BB,crear_animal,"Categoría Clover animal existente — mantener ""Lezard""",
1100,clover_pending,CFG29JB2MAC64,,Gecko Leachianus,Lezard,,pending,animal,high,Lezard,,700.00,,no,no,no,,Gecko Leachianus,crear_animal,"Categoría Clover animal existente — mantener ""Lezard""",
1101,clover_pending,ZFCF3S9KDMKHA,,Gecko Leo,Lezard,,pending,animal,high,Lezard,,90.00,0,no,no,no,,Gecko Leo,crear_animal,"Categoría Clover animal existente — mantener ""Lezard""",
1102,clover_pending,517G5NZ6GBPFT,,Gecko Leo Black Night,Lezard,,pending,animal,high,Lezard,,2000.00,,no,no,no,,Gecko Leo Black Night,crear_animal,"Categoría Clover animal existente — mantener ""Lezard""",
1103,clover_pending,QC18M47ASGJ70,,Gecko Leo Hypo. Mack Snow Paradox,Lezard,,pending,animal,high,Lezard,,150.00,,no,no,no,,Gecko Leo Hypo. Mack Snow Paradox,crear_animal,"Categoría Clover animal existente — mantener ""Lezard""",
1104,clover_pending,S9X3MG0QMZXN8,,Gecko Leo Mack Snow Raptor Male,Lezard,,pending,animal,high,Lezard,,150.00,,no,no,no,,Gecko Leo Mack Snow Raptor Male,crear_animal,"Categoría Clover animal existente — mantener ""Lezard""",
1105,clover_pending,VSBDH36NKPR86,,Gecko Leo Mack Snow W/Y Tremper Alb,Lezard,,pending,animal,high,Lezard,,300.00,,no,no,no,,Gecko Leo Mack Snow W/Y Tremper Alb,crear_animal,"Categoría Clover animal existente — mantener ""Lezard""",
1106,clover_pending,ANTMQ45EH07G4,,Gecko Leo Super Raptor,Lezard,,pending,animal,high,Lezard,,150.00,,no,no,no,,Gecko Leo Super Raptor,crear_animal,"Categoría Clover animal existente — mantener ""Lezard""",
1107,clover_pending,HN5V8S97C80XE,,Gecko Leo Super Snow Fem ( M.e.l ),Lezard,,pending,animal,high,Lezard,,150.00,,no,no,no,,Gecko Leo Super Snow Fem ( M.e.l ),crear_animal,"Categoría Clover animal existente — mantener ""Lezard""",
1108,clover_pending,HC6XV8CGHAXVR,,Gecko Leo Super hypo Tang ad male poss red striped shtbc,Lezard,,pending,animal,high,Lezard,,150.00,,no,no,no,,Gecko Leo Super hypo Tang ad male poss red striped shtbc,crear_animal,"Categoría Clover animal existente — mantener ""Lezard""",
1109,clover_pending,C5J1DP6RAAS5W,,Gecko Leo Tremper PR,Lezard,,pending,animal,high,Lezard,,80.00,,no,no,no,,Gecko Leo Tremper PR,crear_animal,"Categoría Clover animal existente — mantener ""Lezard""",
1110,clover_pending,0SA6T5MR8GSSJ,,Gecko Leo White And Yellow Tangerine,Lezard,,pending,animal,high,Lezard,,300.00,,no,no,no,,Gecko Leo White And Yellow Tangerine,crear_animal,"Categoría Clover animal existente — mantener ""Lezard""",
1111,clover_pending,YGGHDGKRZSVMM,,Gecko Leo White and yellow tangerine hypo AD,Lezard,,pending,animal,high,Lezard,,150.00,,no,no,no,,Gecko Leo White and yellow tangerine hypo AD,crear_animal,"Categoría Clover animal existente — mantener ""Lezard""",
1112,clover_pending,6PQFG81ZD09EG,,Gecko Leo white& yellow eclipse fem ad,Lezard,,pending,animal,high,Lezard,,225.00,,no,no,no,,Gecko Leo white& yellow eclipse fem ad,crear_animal,"Categoría Clover animal existente — mantener ""Lezard""",
1113,clover_pending,4FVGAHJASVNWJ,,Gecko Leopard High Yellow Femelle,Lezard,,pending,animal,high,Lezard,,125.00,0,no,no,no,,Gecko Leopard High Yellow Femelle,crear_animal,"Categoría Clover animal existente — mantener ""Lezard""",
1114,clover_pending,0ZN8PEGBKTJ90,,Gecko Leopard Mack Snow Het Tremper Eclipse,Lezard,,pending,animal,high,Lezard,,80.00,,no,no,no,,Gecko Leopard Mack Snow Het Tremper Eclipse,crear_animal,"Categoría Clover animal existente — mantener ""Lezard""",
1115,clover_pending,YDEB747SB5616,,Gecko Leopard Mixtes,Lezard,,pending,animal,high,Lezard,,109.99,0,no,no,no,,Gecko Leopard Mixtes,crear_animal,"Categoría Clover animal existente — mantener ""Lezard""",
1116,clover_pending,ES6BVTQ28HHDJ,,Gecko Leopard Sunglow,Lezard,,pending,animal,high,Lezard,,150.00,,no,no,no,,Gecko Leopard Sunglow,crear_animal,"Categoría Clover animal existente — mantener ""Lezard""",
1117,clover_pending,V4CNE1CM6MW7W,,Gecko Leopard Super Snow male AD,Lezard,,pending,animal,high,Lezard,,150.00,,no,no,no,,Gecko Leopard Super Snow male AD,crear_animal,"Categoría Clover animal existente — mantener ""Lezard""",
1118,clover_pending,F6DKDF35J9MXC,,Gecko koshi,Lezard,,pending,animal,high,Lezard,,65.23,,no,no,no,,Gecko koshi,crear_animal,"Categoría Clover animal existente — mantener ""Lezard""",
1119,clover_pending,RD7317JA9SK5M,,Gecko leo Raptor,Lezard,,pending,animal,high,Lezard,,125.00,,no,no,no,,Gecko leo Raptor,crear_animal,"Categoría Clover animal existente — mantener ""Lezard""",
1120,clover_pending,BD4X4F3E5VPAM,,Gecko leo White  Yellow Hypo ad,Lezard,,pending,animal,high,Lezard,,150.00,,no,no,no,,Gecko leo White  Yellow Hypo ad,crear_animal,"Categoría Clover animal existente — mantener ""Lezard""",
1121,clover_pending,AZ1DNB92ASW1T,,Gecko tangerine tornado bb,Lezard,,pending,animal,high,Lezard,,250.00,0,no,no,no,,Gecko tangerine tornado bb,crear_animal,"Categoría Clover animal existente — mantener ""Lezard""",
1122,clover_pending,G96FMG96ET6PT,,Gecko à Crête / Crested Gecko Dark Base Harlequin Dalmatian (poss Haloween) mâle,Lezard,,pending,animal,high,Lezard,,225.00,,no,no,no,,Gecko à Crête / Crested Gecko Dark Base Harlequin Dalmatian (poss Haloween) mâle,crear_animal,"Categoría Clover animal existente — mantener ""Lezard""",
1123,clover_pending,S50826PZ3F12C,,Gecko à Crête Lily White,,,pending,animal,medium,Lezard,,250.00,0,no,no,no,,Gecko à Crête Lily White,crear_animal,"Nombre sugiere animal vivo → categoría Clover existente ""Lezard""",
1124,clover_pending,4F12690QXFMVA,,Gerbille / Rat natal vivant/ ASF,,,pending,animal,medium,Rongeur,,10.25,0,no,no,no,,Gerbille / Rat natal vivant/ ASF,crear_animal,"Nombre sugiere animal vivo → categoría Clover existente ""Rongeur""",
1125,clover_pending,3MESYCYBZDWP6,,Gexko Leo white & yellow tremp albino fem,Lezard,,pending,animal,high,Lezard,,200.00,,no,no,no,,Gexko Leo white & yellow tremp albino fem,crear_animal,"Categoría Clover animal existente — mantener ""Lezard""",
1126,clover_pending,S3BJAWBE7EX48,,Gift card,,,pending,review,low,,,0.00,,no,no,no,,Gift card,revision_manual,Sin categoría Clover y sin patrón reconocido — revisión manual,
1127,clover_pending,T7MY79BC44RCY,,Gopher Het.Albino MM,Serpent,,pending,animal,high,Serpent,,250.00,,no,no,no,,Gopher Het.Albino MM,crear_animal,"Categoría Clover animal existente — mantener ""Serpent""",
1128,clover_pending,0M8W2E1CHCSYC,,Green Tree Frog,Amphibien,,pending,animal,high,Amphibien,,80.00,,no,no,no,,Green Tree Frog,crear_animal,"Categoría Clover animal existente — mantener ""Amphibien""",
1129,clover_pending,40SBABGJTWD38,,Grenouille Kassina Maculata,Amphibien,,pending,animal,high,Amphibien,,45.00,0,no,no,no,,Grenouille Kassina Maculata,crear_animal,"Categoría Clover animal existente — mantener ""Amphibien""",
1130,clover_pending,56F1WYCZSR7F8,,Grenouille de White's Tree,Amphibien,,pending,animal,high,Amphibien,,125.00,0,no,no,no,,Grenouille de White's Tree,crear_animal,"Categoría Clover animal existente — mantener ""Amphibien""",
1131,clover_pending,8X4CBDN4YEPBW,,Grenouille yeux rouges,Amphibien,,pending,animal,high,Amphibien,,100.00,0,no,no,no,,Grenouille yeux rouges,crear_animal,"Categoría Clover animal existente — mantener ""Amphibien""",
1132,clover_pending,XHN7NCG58SKQW,,Guppies,,,pending,review,low,,,6.00,,no,no,no,,Guppies,revision_manual,Sin categoría Clover y sin patrón reconocido — revisión manual,
1133,clover_pending,D71Y46XZGFH38,,Guyana Leaf,,,pending,product,medium,Decoration,decor,11.99,,no,no,no,,Guyana Leaf,bulk_create_product,"Patrón nombre → Clover ""Decoration"" / sitio ""decor""",
1134,clover_pending,ZFRSB9YEVMPTP,,H20631 Hikari Mulberific Delite 7.7oz,,,pending,review,low,,,31.99,0,no,no,no,,Hikari Mulberific Delite 7.7oz,revision_manual,Sin categoría Clover y sin patrón reconocido — revisión manual,
1135,clover_pending,GG6PTXA35D9J8,,H20633 Hikari Mulberific Delite 22.9 oz,,,pending,review,low,,,60.99,0,no,no,no,,Hikari Mulberific Delite 22.9 oz,revision_manual,Sin categoría Clover y sin patrón reconocido — revisión manual,
1136,clover_pending,VJJT8FRXSFCZT,,HH0232 Pet's Pick Aspen 41L,,,pending,review,low,,,17.99,0,no,no,no,,Pet's Pick Aspen 41L,revision_manual,Sin categoría Clover y sin patrón reconocido — revisión manual,
1137,clover_pending,87K6PZDYA1NYC,,HH1666 Mazuri Hamster et Gerbil Diet,,,pending,animal,medium,Rongeur,,7.00,0,no,no,no,Mazuri,Mazuri Hamster et Gerbil Diet,crear_animal,"Nombre sugiere animal vivo → categoría Clover existente ""Rongeur""",
1138,clover_pending,1X3TKWVGQY7AY,,HH1672 Mazuri Rat & Mouse Diet 2lb,,,pending,animal,medium,Rongeur,,14.00,0,no,no,no,Mazuri,Mazuri Rat & Mouse Diet 2lb,crear_animal,"Nombre sugiere animal vivo → categoría Clover existente ""Rongeur""",
1139,clover_pending,NBHKCD4FEQY7Y,,HK30920 Hikari Frozen Okanagan FW Mysis 3.5 oz Cubes,,,pending,product,medium,Nourriture,food_frozen,11.99,,no,no,no,,HK30920 Hikari Frozen Okanagan FW Mysis 3.5 oz Cubes,bulk_create_product,"Patrón nombre → Clover ""Nourriture"" / sitio ""food_frozen""",
1140,clover_pending,01ACQ8T64A1QC,,HK31027 Hikari Frozen Okanagan FW Mysis 8 oz,,,pending,product,medium,Nourriture,food_frozen,23.99,,no,no,no,,HK31027 Hikari Frozen Okanagan FW Mysis 8 oz,bulk_create_product,"Patrón nombre → Clover ""Nourriture"" / sitio ""food_frozen""",
1141,clover_pending,8H6WSWAQP9D7W,,Hamster Syrian Assorted,,,pending,animal,medium,Rongeur,,18.00,,no,no,no,,Hamster Syrian Assorted,crear_animal,"Nombre sugiere animal vivo → categoría Clover existente ""Rongeur""",
1142,clover_pending,5ZDKJR4D8BWZR,,Hikari Dragon Delite,,,pending,animal,medium,Lezard,,24.00,0,no,no,no,,Hikari Dragon Delite,crear_animal,"Nombre sugiere animal vivo → categoría Clover existente ""Lezard""",
1143,clover_pending,0ADJ03A0YPAWE,,Hognose Albino,Serpent,,pending,animal,high,Serpent,,400.00,,no,no,no,,Hognose Albino,crear_animal,"Categoría Clover animal existente — mantener ""Serpent""",
1144,clover_pending,922VTJ3XTF7ZC,,Hognose Arctic Watermelon male,Serpent,,pending,animal,high,Serpent,,400.00,,no,no,no,,Hognose Arctic Watermelon male,crear_animal,"Categoría Clover animal existente — mantener ""Serpent""",
1145,clover_pending,XS54P24JRMTBW,,Hognose water melon red gene male,Serpent,,pending,animal,high,Serpent,,300.00,,no,no,no,,Hognose water melon red gene male,crear_animal,"Categoría Clover animal existente — mantener ""Serpent""",
1146,clover_pending,DQYEKE6YYP61W,,Honduras spécial couple male et femelle,Serpent,,pending,animal,high,Serpent,,900.00,,no,no,no,,Honduras spécial couple male et femelle,crear_animal,"Categoría Clover animal existente — mantener ""Serpent""",
1147,clover_pending,97N5TP1GB54CC,,Hydroball 50L,,,pending,review,low,,,40.00,,no,no,no,,Hydroball 50L,revision_manual,Sin categoría Clover y sin patrón reconocido — revisión manual,
1148,clover_pending,8XPB9KNXX7V6G,,ITEM CORRECTIF,,,pending,review,low,,,1.00,,no,no,no,,CORRECTIF,revision_manual,Sin categoría Clover y sin patrón reconocido — revisión manual,
1149,clover_pending,72YH4Y91RDCYT,,Iguana Club Tail,Lezard,,pending,animal,high,Lezard,,95.00,,no,no,no,,Iguana Club Tail,crear_animal,"Categoría Clover animal existente — mantener ""Lezard""",
1150,clover_pending,1GC38G479T89J,,Iguane Verte BB,Lezard,,pending,animal,high,Lezard,,50.00,,no,no,no,,Iguane Verte BB,crear_animal,"Categoría Clover animal existente — mantener ""Lezard""",
1151,clover_pending,ZVZJXV7G4CCTA,,Imprime 3D,,,pending,review,low,,,15.00,,no,no,no,,Imprime 3D,revision_manual,Sin categoría Clover y sin patrón reconocido — revisión manual,
1152,clover_pending,X9GFZ01YNAEFG,,Intérêt,,,pending,review,low,,,1.00,,no,no,no,,Intérêt,revision_manual,Sin categoría Clover y sin patrón reconocido — revisión manual,
1153,clover_pending,943E0J3E1FHA6,,Isopod Armadillidum nasatum Gold Flake Jelly Bean,,,pending,animal,medium,Isopod et Araignee et Fourmis,,40.00,,no,no,no,,Isopod Armadillidum nasatum Gold Flake Jelly Bean,crear_animal,"Nombre sugiere animal vivo → categoría Clover existente ""Isopod et Araignee et Fourmis""",
1154,clover_pending,8BTZ7ZYN6B37C,,Isopod Cubaris Murina Glacier,,,pending,animal,medium,Isopod et Araignee et Fourmis,,40.00,,no,no,no,,Isopod Cubaris Murina Glacier,crear_animal,"Nombre sugiere animal vivo → categoría Clover existente ""Isopod et Araignee et Fourmis""",
1155,clover_pending,53J0P0P33KRYT,,Isopod Cubaris Sp. ''Cappuccino'',,,pending,animal,medium,Isopod et Araignee et Fourmis,,250.00,,no,no,no,,Isopod Cubaris Sp. ''Cappuccino'',crear_animal,"Nombre sugiere animal vivo → categoría Clover existente ""Isopod et Araignee et Fourmis""",
1156,clover_pending,538CBJW0FHXSR,,Isopod Cubaris sp. ''Soil'',,,pending,animal,medium,Isopod et Araignee et Fourmis,,100.00,,no,no,no,,Isopod Cubaris sp. ''Soil'',crear_animal,"Nombre sugiere animal vivo → categoría Clover existente ""Isopod et Araignee et Fourmis""",
1157,clover_pending,2BT19C1JN4MDJ,,Isopod Nesodillo Arcangelii ''Shiro Utsuri'',,,pending,animal,medium,Isopod et Araignee et Fourmis,,55.00,,no,no,no,,Isopod Nesodillo Arcangelii ''Shiro Utsuri'',crear_animal,"Nombre sugiere animal vivo → categoría Clover existente ""Isopod et Araignee et Fourmis""",
1158,clover_pending,0MCFKYCRV2BY8,,Isopod Porcellio Scaber Calico,,,pending,animal,medium,Isopod et Araignee et Fourmis,,20.00,,no,no,no,,Isopod Porcellio Scaber Calico,crear_animal,"Nombre sugiere animal vivo → categoría Clover existente ""Isopod et Araignee et Fourmis""",
1159,clover_pending,4F5R0KADF9PW0,,Isopods P. Scaber Koi 15+,,,pending,review,low,,,30.00,,no,no,no,,Isopods P. Scaber Koi 15+,revision_manual,Sin categoría Clover y sin patrón reconocido — revisión manual,
1160,clover_pending,3FQ6HAWKZ30SG,,JSK Zoomed Creatures Jumping Spider Kit,,,pending,review,low,,,35.00,0,no,no,no,Zoo Med,Zoomed Creatures Jumping Spider Kit,revision_manual,Sin categoría Clover y sin patrón reconocido — revisión manual,
1161,clover_pending,8F6T1C8NM9V1Y,,Jaguar Jungle Carpet Femelle,Serpent,,pending,animal,high,Serpent,,375.00,,no,no,no,,Jaguar Jungle Carpet Femelle,crear_animal,"Categoría Clover animal existente — mantener ""Serpent""",
1162,clover_pending,BDY3Q22TH9VRC,,Jeweled lacerta BB,Lezard,,pending,animal,high,Lezard,,300.00,,no,no,no,,Jeweled lacerta BB,crear_animal,"Categoría Clover animal existente — mantener ""Lezard""",
1163,clover_pending,8BCVTTFF9Z058,,Jumping Spider / Araignée Sauteuse,,,pending,review,low,,,70.00,0,no,no,no,,Jumping Spider / Araignée Sauteuse,revision_manual,Sin categoría Clover y sin patrón reconocido — revisión manual,
1164,clover_pending,EP24WVFRX76AE,,Jungle Carpet Python,Serpent,,pending,animal,high,Serpent,,375.00,,no,no,no,,Jungle Carpet Python,crear_animal,"Categoría Clover animal existente — mantener ""Serpent""",
1165,clover_pending,JNRY58188P5DT,,Kenyan Sand Boa Anery,Serpent,,pending,animal,high,Serpent,,250.00,,no,no,no,,Kenyan Sand Boa Anery,crear_animal,"Categoría Clover animal existente — mantener ""Serpent""",
1166,clover_pending,X8YWJ2GF52EKW,,Kenyan Sand Boa Striped Anery,Serpent,,pending,animal,high,Serpent,,325.00,,no,no,no,,Kenyan Sand Boa Striped Anery,crear_animal,"Categoría Clover animal existente — mantener ""Serpent""",
1167,clover_pending,KQYHZ38M5PNS0,,Kenyan Sand Boa adulte,Serpent,,pending,animal,high,Serpent,,300.00,,no,no,no,,Kenyan Sand Boa adulte,crear_animal,"Categoría Clover animal existente — mantener ""Serpent""",
1168,clover_pending,PSS0AZQXGBK0W,,King Ratsnake,Serpent,,pending,animal,high,Serpent,,750.00,,no,no,no,,King Ratsnake,crear_animal,"Categoría Clover animal existente — mantener ""Serpent""",
1169,clover_pending,WDEVD2FNSZYST,,KingRatsnake Albino BB,Serpent,,pending,animal,high,Serpent,,900.00,,no,no,no,,KingRatsnake Albino BB,crear_animal,"Categoría Clover animal existente — mantener ""Serpent""",
1170,clover_pending,XTR4EB8N6AFFT,,Kingratsnake High Yellow BB,Serpent,,pending,animal,high,Serpent,,1000.00,,no,no,no,,Kingratsnake High Yellow BB,crear_animal,"Categoría Clover animal existente — mantener ""Serpent""",
1171,clover_pending,9V52F7SHCA0EC,,Kingsnake Florida Erythrique,Serpent,,pending,animal,high,Serpent,,100.00,,no,no,no,,Kingsnake Florida Erythrique,crear_animal,"Categoría Clover animal existente — mantener ""Serpent""",
1172,clover_pending,QNJQ0900MZV8M,,Kingsnake california,Serpent,,pending,animal,high,Serpent,,200.00,,no,no,no,,Kingsnake california,crear_animal,"Categoría Clover animal existente — mantener ""Serpent""",
1173,clover_pending,FT71J2G672G18,,La Swamp - Feuilles de Logan,,,pending,product,medium,Decoration,decor,4.99,,no,no,no,,La Swamp - Feuilles de Logan,bulk_create_product,"Patrón nombre → Clover ""Decoration"" / sitio ""decor""",
1174,clover_pending,GC19P69AX61WM,,La Swamp - Nourriture Isopods 16oz,,,pending,review,low,,,29.99,,no,no,no,,La Swamp - Nourriture Isopods 16oz,revision_manual,Sin categoría Clover y sin patrón reconocido — revisión manual,
1175,clover_pending,GAC6WTJHY8868,,La Swamp - Nourriture Isopods 4oz,,,pending,review,low,,,9.99,,no,no,no,,La Swamp - Nourriture Isopods 4oz,revision_manual,Sin categoría Clover y sin patrón reconocido — revisión manual,
1176,clover_pending,F02DMHZ94M6J8,,La Swamp Feuilles de Catappa,,,pending,product,medium,Decoration,decor,2.99,,no,no,no,,La Swamp Feuilles de Catappa,bulk_create_product,"Patrón nombre → Clover ""Decoration"" / sitio ""decor""",
1177,clover_pending,EYSF77KNHSYTR,,"La Swamp Feuilles de Kumbuk 0,5 oz",,,pending,product,medium,Decoration,decor,6.99,,no,no,no,,"La Swamp Feuilles de Kumbuk 0,5 oz",bulk_create_product,"Patrón nombre → Clover ""Decoration"" / sitio ""decor""",
1178,clover_pending,6VQTZNWKAAVVR,,La Swamp Écorce Mixte de l'Est,,,pending,review,low,,,5.99,,no,no,no,,La Swamp Écorce Mixte de l'Est,revision_manual,Sin categoría Clover y sin patrón reconocido — revisión manual,
1179,clover_pending,PX5RB8SG7A8M0,,Lacerta Mélanique BB,,,pending,review,low,,,500.00,,no,no,no,,Lacerta Mélanique BB,revision_manual,Sin categoría Clover y sin patrón reconocido — revisión manual,
1180,clover_pending,8RHMC24WV2ZQG,,Lapin / Cochon d'Inde 150-300 gr.,,,pending,review,low,,,9.50,,no,no,no,,Lapin / Cochon d'Inde 150-300 gr.,revision_manual,Sin categoría Clover y sin patrón reconocido — revisión manual,
1181,clover_pending,22QSETH9T3BDE,,Lapin / Cochon d'Inde 300-500 gr,,,pending,review,low,,,13.99,,no,no,no,,Lapin / Cochon d'Inde 300-500 gr,revision_manual,Sin categoría Clover y sin patrón reconocido — revisión manual,
1182,clover_pending,R2J52T2V10WX6,,Lapin / Cochon d'Inde 500-800gr,,,pending,review,low,,,19.99,0,no,no,no,,Lapin / Cochon d'Inde 500-800gr,revision_manual,Sin categoría Clover y sin patrón reconocido — revisión manual,
1183,clover_pending,5VSK859K7423W,,Lapin / Cochon d'Inde 800-1000 gr.,,,pending,review,low,,,23.99,0,no,no,no,,Lapin / Cochon d'Inde 800-1000 gr.,revision_manual,Sin categoría Clover y sin patrón reconocido — revisión manual,
1184,clover_pending,EY9N8WTF4ZNW8,,Lapin 1001-2000 gr.,,,pending,review,low,,,30.00,0,no,no,no,,Lapin 1001-2000 gr.,revision_manual,Sin categoría Clover y sin patrón reconocido — revisión manual,
1185,clover_pending,ZEHYW34YCJ79M,,Leachieanus bb,,,pending,review,low,,,600.00,,no,no,no,,Leachieanus bb,revision_manual,Sin categoría Clover y sin patrón reconocido — revisión manual,
1186,clover_pending,37BQWBP8HHART,,Lesser Femeelle AD,Serpent,,pending,animal,high,Serpent,,250.00,,no,no,no,,Lesser Femeelle AD,crear_animal,"Categoría Clover animal existente — mantener ""Serpent""",
1187,clover_pending,XFTBVPQ9NGKBA,,Leucistic Texas Scaleless Ratsnake,Serpent,,pending,animal,high,Serpent,,450.00,,no,no,no,,Leucistic Texas Scaleless Ratsnake,crear_animal,"Categoría Clover animal existente — mantener ""Serpent""",
1188,clover_pending,GC5XQMA31AEV0,,MBCL Cashew Leaf Litter,,,pending,product,medium,Decoration,decor,13.99,,no,no,no,,Cashew Leaf Litter,bulk_create_product,"Patrón nombre → Clover ""Decoration"" / sitio ""decor""",
1189,clover_pending,K3RQKWMNVS8JR,,MBEX,,,pending,review,low,,,10.99,0,no,no,no,,MBEX,revision_manual,Sin categoría Clover y sin patrón reconocido — revisión manual,
1190,clover_pending,6Z6FJHMXFSJCG,,MBOL Oak Leaf Litter 1 oz,,,pending,product,medium,Decoration,decor,15.99,0,no,no,no,,Oak Leaf Litter 1 oz,bulk_create_product,"Patrón nombre → Clover ""Decoration"" / sitio ""decor""",
1191,clover_pending,6J67AD8JMBW7A,,MBPL Maple Leaf Litter 1oz,,,pending,product,medium,Decoration,decor,14.99,,no,no,no,,Maple Leaf Litter 1oz,bulk_create_product,"Patrón nombre → Clover ""Decoration"" / sitio ""decor""",
1192,clover_pending,SZYJ7NDW4GKKC,,MZM livre,,,pending,review,low,,,60.00,0,no,no,no,,livre,revision_manual,Sin categoría Clover y sin patrón reconocido — revisión manual,
1193,clover_pending,T1RHDV6MFJPFY,,MZM08,,,pending,review,low,,,4.99,0,no,no,no,,MZM08,revision_manual,Sin categoría Clover y sin patrón reconocido — revisión manual,
1194,clover_pending,VZR335FPA92WW,,MZM16,,,pending,review,low,,,8.49,0,no,no,no,,MZM16,revision_manual,Sin categoría Clover y sin patrón reconocido — revisión manual,
1195,clover_pending,CQ176FV5RDQ3A,,MZM32,,,pending,review,low,,,14.99,,no,no,no,,MZM32,revision_manual,Sin categoría Clover y sin patrón reconocido — revisión manual,
1196,clover_pending,G336QFFEG1S96,,Madagascar Cat Eyed Snake BB,Serpent,,pending,animal,high,Serpent,,120.00,,no,no,no,,Madagascar Cat Eyed Snake BB,crear_animal,"Categoría Clover animal existente — mantener ""Serpent""",
1197,clover_pending,QRAA8ZTQ99VD0,,Madagascar Spiny,,,pending,review,low,,,250.00,,no,no,no,,Madagascar Spiny,revision_manual,Sin categoría Clover y sin patrón reconocido — revisión manual,
1198,clover_pending,TRAT31HSZNPB8,,Malayian Giant Toad,Amphibien,,pending,animal,high,Amphibien,,100.00,,no,no,no,,Malayian Giant Toad,crear_animal,"Categoría Clover animal existente — mantener ""Amphibien""",
1199,clover_pending,W5DHK2V7NW5CW,,Mandarin Ratsnake (Red )  BB,Serpent,,pending,animal,high,Serpent,,800.00,,no,no,no,,Mandarin Ratsnake (Red )  BB,crear_animal,"Categoría Clover animal existente — mantener ""Serpent""",
1200,clover_pending,VQSTXATFYE02C,,Mandarin Ratsnake AD,Serpent,,pending,animal,high,Serpent,,1000.00,,no,no,no,,Mandarin Ratsnake AD,crear_animal,"Categoría Clover animal existente — mantener ""Serpent""",
1201,clover_pending,6FJ7W6SFBKS5A,,Mandarin ratsnake red jeune adulte fem,Serpent,,pending,animal,high,Serpent,,500.00,,no,no,no,,Mandarin ratsnake red jeune adulte fem,crear_animal,"Categoría Clover animal existente — mantener ""Serpent""",
1202,clover_pending,HYVCVB91010RY,,Mango Leaf (1.5oz),,,pending,product,medium,Decoration,decor,16.99,,no,no,no,,Mango Leaf (1.5oz),bulk_create_product,"Patrón nombre → Clover ""Decoration"" / sitio ""decor""",
1203,clover_pending,FFGREXTGPR6JT,,Mante Religieuse,,,pending,review,low,,,35.00,0,no,no,no,,Mante Religieuse,revision_manual,Sin categoría Clover y sin patrón reconocido — revisión manual,
1204,clover_pending,T03VKECNNV4N6,,Marginated Tortoise,,,pending,review,low,,,600.00,,no,no,no,,Marginated Tortoise,revision_manual,Sin categoría Clover y sin patrón reconocido — revisión manual,
1205,clover_pending,SECEG51Z44P7Y,,Mazouri Herbivore,,,pending,review,low,,,149.99,,no,no,no,,Mazouri Herbivore,revision_manual,Sin categoría Clover y sin patrón reconocido — revisión manual,
1206,clover_pending,0FH64PW6Z3KTM,,Medium Bromelads/Bromelia,,,pending,review,low,,,40.00,,no,no,no,,Medium Bromelads/Bromelia,revision_manual,Sin categoría Clover y sin patrón reconocido — revisión manual,
1207,clover_pending,W6JCHHSRHXWTJ,,Mex Black King BB,Serpent,,pending,animal,high,Serpent,,250.00,,no,no,no,,Mex Black King BB,crear_animal,"Categoría Clover animal existente — mantener ""Serpent""",
1208,clover_pending,ZZ5GH1DB25X5M,,Mexican Black Kingsnake,Serpent,,pending,animal,high,Serpent,,450.00,,no,no,no,,Mexican Black Kingsnake,crear_animal,"Categoría Clover animal existente — mantener ""Serpent""",
1209,clover_pending,B62X51TPHZ54E,,Mexican Black Kingsnake AD Fem,Serpent,,pending,animal,high,Serpent,,325.00,,no,no,no,,Mexican Black Kingsnake AD Fem,crear_animal,"Categoría Clover animal existente — mantener ""Serpent""",
1210,clover_pending,N4Z6RCK7W4206,,Mexican Kingsnake ( Annulata )  Male et Femelle,Serpent,,pending,animal,high,Serpent,,150.00,,no,no,no,,Mexican Kingsnake ( Annulata )  Male et Femelle,crear_animal,"Categoría Clover animal existente — mantener ""Serpent""",
1211,clover_pending,MN1DCWJXPS22M,,Mexmex,Serpent,,pending,animal,high,Serpent,,260.92,,no,no,no,,Mexmex,crear_animal,"Categoría Clover animal existente — mantener ""Serpent""",
1212,clover_pending,SB7VRTNYD9GEJ,,Milk Frog (Trachycephalus resinifictrix),Amphibien,,pending,animal,high,Amphibien,,80.00,0,no,no,no,,Milk Frog (Trachycephalus resinifictrix),crear_animal,"Categoría Clover animal existente — mantener ""Amphibien""",
1213,clover_pending,QXHTPF7F3PJ6C,,Milksnake Alb Ad Male,Serpent,,pending,animal,high,Serpent,,300.00,,no,no,no,,Milksnake Alb Ad Male,crear_animal,"Categoría Clover animal existente — mantener ""Serpent""",
1214,clover_pending,1CXFF71XS21E6,,Milksnake Enery 100% Het. Alb. 66% Het Hypo,Serpent,,pending,animal,high,Serpent,,200.00,,no,no,no,,Milksnake Enery 100% Het. Alb. 66% Het Hypo,crear_animal,"Categoría Clover animal existente — mantener ""Serpent""",
1215,clover_pending,D8CT0WHK7R4B6,,Milksnake Hondo Alb AD,Serpent,,pending,animal,high,Serpent,,350.00,,no,no,no,,Milksnake Hondo Alb AD,crear_animal,"Categoría Clover animal existente — mantener ""Serpent""",
1216,clover_pending,00Y1EZVP3GJVA,,Milksnake Honduras Régulier bb,Serpent,,pending,animal,high,Serpent,,225.00,,no,no,no,,Milksnake Honduras Régulier bb,crear_animal,"Categoría Clover animal existente — mantener ""Serpent""",
1217,clover_pending,H3VS2QFR1BFJ2,,Milksnake Nelson Alb.,Serpent,,pending,animal,high,Serpent,,325.00,,no,no,no,,Milksnake Nelson Alb.,crear_animal,"Categoría Clover animal existente — mantener ""Serpent""",
1218,clover_pending,WF62W49YY25HJ,,Milksnake Pueblan Halloween M,Serpent,,pending,animal,high,Serpent,,400.00,,no,no,no,,Milksnake Pueblan Halloween M,crear_animal,"Categoría Clover animal existente — mantener ""Serpent""",
1219,clover_pending,7MPKQSG9XZH2J,,Milksnake Snow ( Poss Pearl ( hypo ),Serpent,,pending,animal,high,Serpent,,350.00,,no,no,no,,Milksnake Snow ( Poss Pearl ( hypo ),crear_animal,"Categoría Clover animal existente — mantener ""Serpent""",
1220,clover_pending,R5H5DG3VFT362,,Milksnake Snow poss. pearl,Serpent,,pending,animal,high,Serpent,,300.00,,no,no,no,,Milksnake Snow poss. pearl,crear_animal,"Categoría Clover animal existente — mantener ""Serpent""",
1221,clover_pending,ZERRW361YJ8JP,,Milksnake anery,Serpent,,pending,animal,high,Serpent,,200.00,,no,no,no,,Milksnake anery,crear_animal,"Categoría Clover animal existente — mantener ""Serpent""",
1222,clover_pending,V04MM1AA73C02,,Milksnake hypo tong,Serpent,,pending,animal,high,Serpent,,250.00,,no,no,no,,Milksnake hypo tong,crear_animal,"Categoría Clover animal existente — mantener ""Serpent""",
1223,clover_pending,4BJ38JXD7R99A,,Mini Bromelads / Bromelia,,,pending,review,low,,,26.00,,no,no,no,,Mini Bromelads / Bromelia,revision_manual,Sin categoría Clover y sin patrón reconocido — revisión manual,
1224,clover_pending,5HDTGDFV2ZCG6,,Mood Ring / Bague,,,pending,review,low,,,5.99,,no,no,no,,Mood Ring / Bague,revision_manual,Sin categoría Clover y sin patrón reconocido — revisión manual,
1225,clover_pending,Y9QB17FTJCW1E,,Mourning Gecko,Lezard,,pending,animal,high,Lezard,,40.00,0,no,no,no,,Mourning Gecko,crear_animal,"Categoría Clover animal existente — mantener ""Lezard""",
1226,clover_pending,0KKAR5RN14JYM,,Mousse De Java,,,pending,review,low,,,9.99,,no,no,no,,Mousse De Java,revision_manual,Sin categoría Clover y sin patrón reconocido — revisión manual,
1227,clover_pending,4DFK1F127QE2J,,Mousse Sphaigne Vrak 200g,,,pending,review,low,,,25.99,,no,no,no,,Mousse Sphaigne Vrak 200g,revision_manual,Sin categoría Clover y sin patrón reconocido — revisión manual,
1228,clover_pending,SSCPSCQZC55WE,,Mousse Vivante Grosse,,,pending,review,low,,,20.00,0,no,no,no,,Mousse Vivante Grosse,revision_manual,Sin categoría Clover y sin patrón reconocido — revisión manual,
1229,clover_pending,0SC7E2J9V4466,,Mushroom naturel Champignon,,,pending,review,low,,,3.00,0,no,no,no,,Mushroom naturel Champignon,revision_manual,Sin categoría Clover y sin patrón reconocido — revisión manual,
1230,clover_pending,TNHCA8R4V5F0C,,NC014,,,pending,review,low,,,39.99,,no,no,no,,NC014,revision_manual,Sin categoría Clover y sin patrón reconocido — revisión manual,
1231,clover_pending,CX5Q1N6H2RK7Y,,NC101 Newcal Pet Live Oak Leaf Litter 0.5oz,,,pending,product,medium,Decoration,decor,10.00,,no,no,no,,Newcal Pet Live Oak Leaf Litter 0.5oz,bulk_create_product,"Patrón nombre → Clover ""Decoration"" / sitio ""decor""",
1232,clover_pending,CPPJY7Q862FS0,,NC221 Newcal Pet Coconut Half Bowl 8 app,,,pending,review,low,,,9.75,,no,no,no,,Newcal Pet Coconut Half Bowl 8 app,revision_manual,Sin categoría Clover y sin patrón reconocido — revisión manual,
1233,clover_pending,3J470PW04K8H4,,NC239 Lotus Pods (3-pack),,,pending,review,low,,,11.00,0,no,no,no,,Lotus Pods (3-pack),revision_manual,Sin categoría Clover y sin patrón reconocido — revisión manual,
1234,clover_pending,MHZ8GH32X1EPC,,NC403 Newcal Pet Galho Estrela Natural Cork Branch 36'',,,pending,product,medium,Decoration,decor,22.00,,no,no,no,,Newcal Pet Galho Estrela Natural Cork Branch 36'',bulk_create_product,"Patrón nombre → Clover ""Decoration"" / sitio ""decor""",
1235,clover_pending,GV8RZ1RS07FKR,,NC431 Newcal Pet Birch Tree Pole 12'',,,pending,review,low,,,13.00,0,no,no,no,,Newcal Pet Birch Tree Pole 12'',revision_manual,Sin categoría Clover y sin patrón reconocido — revisión manual,
1236,clover_pending,VF5SPSPZ9YPQ0,,NC432 Newcal Pet Birch Tree Pole 18'',,,pending,review,low,,,16.50,0,no,no,no,,Newcal Pet Birch Tree Pole 18'',revision_manual,Sin categoría Clover y sin patrón reconocido — revisión manual,
1237,clover_pending,BN8HWFCSY6FE6,,NC433 Newcal Pet Birch Tree Pole 24'',,,pending,review,low,,,20.50,0,no,no,no,,Newcal Pet Birch Tree Pole 24'',revision_manual,Sin categoría Clover y sin patrón reconocido — revisión manual,
1238,clover_pending,CNJRNMB9NCPQJ,,NC434 Newcal Pet Birch Tree Pole 36'',,,pending,review,low,,,28.00,0,no,no,no,,Newcal Pet Birch Tree Pole 36'',revision_manual,Sin categoría Clover y sin patrón reconocido — revisión manual,
1239,clover_pending,3HZB8BDHDDZGJ,,NC446 Newcal Pet Curry Tree Branch 10-13,,,pending,product,medium,Decoration,decor,15.00,,no,no,no,,Newcal Pet Curry Tree Branch 10-13,bulk_create_product,"Patrón nombre → Clover ""Decoration"" / sitio ""decor""",
1240,clover_pending,KWBA6843AC96G,,NC471 Newcal Pet Liana Vine Rosca 12'',,,pending,review,low,,,24.00,,no,no,no,,Newcal Pet Liana Vine Rosca 12'',revision_manual,Sin categoría Clover y sin patrón reconocido — revisión manual,
1241,clover_pending,43QHGDVAFG4AY,,NC496 Newcal Pet Nerve Wood 14-18,,,pending,review,low,,,11.00,0,no,no,no,,Newcal Pet Nerve Wood 14-18,revision_manual,Sin categoría Clover y sin patrón reconocido — revisión manual,
1242,clover_pending,2P8ZBNH47ADMT,,Neon LED x2 used 36 pouces & 30``,,,pending,review,low,,,300.00,,no,no,no,,Neon LED x2 used 36 pouces & 30``,revision_manual,Sin categoría Clover y sin patrón reconocido — revisión manual,
1243,clover_pending,TZSSFE8FYRCDP,,Night Crawlers / Vers de Terre,,,pending,review,low,,,9.99,0,no,no,no,,Night Crawlers / Vers de Terre,revision_manual,Sin categoría Clover y sin patrón reconocido — revisión manual,
1244,clover_pending,1MN8H6ZDWTD8E,,Night Snake,Serpent,,pending,animal,high,Serpent,,350.00,,no,no,no,,Night Snake,crear_animal,"Categoría Clover animal existente — mantener ""Serpent""",
1245,clover_pending,SK23PWPH9VEGM,,Normal Peach Honduran Milksnake,Serpent,,pending,animal,high,Serpent,,250.00,,no,no,no,,Normal Peach Honduran Milksnake,crear_animal,"Categoría Clover animal existente — mantener ""Serpent""",
1246,clover_pending,D9KNKKD59ZJKM,,Northern Pine Het. Albino Female,Serpent,,pending,animal,high,Serpent,,900.00,,no,no,no,,Northern Pine Het. Albino Female,crear_animal,"Categoría Clover animal existente — mantener ""Serpent""",
1247,clover_pending,A9X0MYBRGFGC2,,Nourriture Vers à Soie,,,pending,review,low,,,100.00,,no,no,no,,Nourriture Vers à Soie,revision_manual,Sin categoría Clover y sin patrón reconocido — revisión manual,
1248,clover_pending,0KNYQ7RS1V602,,Nourriture Vers à Soie OZ,,,pending,review,low,,,6.25,0,no,no,no,,Nourriture Vers à Soie OZ,revision_manual,Sin categoría Clover y sin patrón reconocido — revisión manual,
1249,clover_pending,01P2VXNSY5P48,,Oeuf de caille 12 oeuf,,,pending,review,low,,,8.00,,no,no,no,,Oeuf de caille 12 oeuf,revision_manual,Sin categoría Clover y sin patrón reconocido — revisión manual,
1250,clover_pending,SMFF0TTMC40AW,,Oniscus Asellus 15+,,,pending,review,low,,,14.99,,no,no,no,,Oniscus Asellus 15+,revision_manual,Sin categoría Clover y sin patrón reconocido — revisión manual,
1251,clover_pending,VKSBZPY1JREVM,,Oreo Pueblan Milksnake,Serpent,,pending,animal,high,Serpent,,300.00,,no,no,no,,Oreo Pueblan Milksnake,crear_animal,"Categoría Clover animal existente — mantener ""Serpent""",
1252,clover_pending,VV21MZAXEW8D4,,P. Leavis Dairy Cow 15+,,,pending,review,low,,,25.00,0,no,no,no,,P. Leavis Dairy Cow 15+,revision_manual,Sin categoría Clover y sin patrón reconocido — revisión manual,
1253,clover_pending,0R71QGHYYSXR8,,P. Scaber Lava 15+,,,pending,review,low,,,54.99,,no,no,no,,P. Scaber Lava 15+,revision_manual,Sin categoría Clover y sin patrón reconocido — revisión manual,
1254,clover_pending,W00YE71YYRH2E,,P. Scaber Orange Dalmatian 15+,,,pending,review,low,,,29.99,,no,no,no,,P. Scaber Orange Dalmatian 15+,revision_manual,Sin categoría Clover y sin patrón reconocido — revisión manual,
1255,clover_pending,SKNKK4K9F03D6,,P. Spinicornis 15+,,,pending,review,low,,,14.99,,no,no,no,,P. Spinicornis 15+,revision_manual,Sin categoría Clover y sin patrón reconocido — revisión manual,
1256,clover_pending,V6BZNAYVQ8K04,,PGD Pangea Insect Complete Gecko Diet,,,pending,animal,medium,Lezard,,63.49,,no,no,no,,Pangea Insect Complete Gecko Diet,crear_animal,"Nombre sugiere animal vivo → categoría Clover existente ""Lezard""",
1257,clover_pending,9AAY30QJFVJ2E,,PP1642 petit Helxine 8po,,,pending,review,low,,,14.99,,no,no,no,,petit Helxine 8po,revision_manual,Sin categoría Clover y sin patrón reconocido — revisión manual,
1258,clover_pending,R2ZF0ZQJMQCP0,,PP1701 Ornement Aponogeton crispe,,,pending,review,low,,,23.99,,no,no,no,,Ornement Aponogeton crispe,revision_manual,Sin categoría Clover y sin patrón reconocido — revisión manual,
1259,clover_pending,RTMR52XN37XBW,,PP1703 Ornement Lycopode obscur,,,pending,review,low,,,23.99,,no,no,no,,Ornement Lycopode obscur,revision_manual,Sin categoría Clover y sin patrón reconocido — revisión manual,
1260,clover_pending,DD2RC92032PEE,,PP1734 Ludwigia a pointe blanches 14po,,,pending,review,low,,,19.99,,no,no,no,,Ludwigia a pointe blanches 14po,revision_manual,Sin categoría Clover y sin patrón reconocido — revisión manual,
1261,clover_pending,Q6J294S8FM9M6,,PT2745 Exo Terra Dart Frog Terrarium EN RÉDUCTION,,,pending,animal,medium,Amphibien,,200.00,0,no,no,no,Exo Terra,Exo Terra Dart Frog Terrarium EN RÉDUCTION,crear_animal,"Nombre sugiere animal vivo → categoría Clover existente ""Amphibien""",
1262,clover_pending,PW2QQPTFY2FDJ,,PT2810 Bol Gecko Exo Terra,,,pending,animal,medium,Lezard,,15.99,,no,no,no,Exo Terra,Bol Gecko Exo Terra,crear_animal,"Nombre sugiere animal vivo → categoría Clover existente ""Lezard""",
1263,clover_pending,FXSXN4AGTQN02,,PT2865 Grotte pour Gecko Exo Terra Medium,,,pending,animal,medium,Lezard,,34.99,,no,no,no,Exo Terra,Grotte pour Gecko Exo Terra Medium,crear_animal,"Nombre sugiere animal vivo → categoría Clover existente ""Lezard""",
1264,clover_pending,NHB58PRYQ7T6C,,PT2866 Grotte pour Gecko Exo Terra Grand,,,pending,animal,medium,Lezard,,42.99,,no,no,no,Exo Terra,Grotte pour Gecko Exo Terra Grand,crear_animal,"Nombre sugiere animal vivo → categoría Clover existente ""Lezard""",
1265,clover_pending,RP24Z18RJGW92,,PT3174 Exo Terra Frog Pond Large,,,pending,animal,medium,Amphibien,,24.49,,no,no,no,Exo Terra,Exo Terra Frog Pond Large,crear_animal,"Nombre sugiere animal vivo → categoría Clover existente ""Amphibien""",
1266,clover_pending,XMHRP0ADRKK6P,,PT3175 Exo Terra Frog Pond Small,,,pending,animal,medium,Amphibien,,17.99,,no,no,no,Exo Terra,Exo Terra Frog Pond Small,crear_animal,"Nombre sugiere animal vivo → categoría Clover existente ""Amphibien""",
1267,clover_pending,WCNCQJCW3DNCJ,,"PT3778  Terrarium équipé Exo Terra pour gecko à crête, petit, L. 30 x l. 30 x H. 45 cm",,,pending,animal,medium,Lezard,,239.99,,no,no,no,Exo Terra,"Terrarium équipé Exo Terra pour gecko à crête, petit, L. 30 x l. 30 x H. 45 cm",crear_animal,"Nombre sugiere animal vivo → categoría Clover existente ""Lezard""",
1268,clover_pending,8CAK92N313Q7M,,Pacman  Apricot,Amphibien,,pending,animal,high,Amphibien,,90.00,,no,no,no,,Pacman  Apricot,crear_animal,"Categoría Clover animal existente — mantener ""Amphibien""",
1269,clover_pending,8G7BA2K3MAE7J,,Pacman Albino,Amphibien,,pending,animal,high,Amphibien,,100.00,,no,no,no,,Pacman Albino,crear_animal,"Categoría Clover animal existente — mantener ""Amphibien""",
1270,clover_pending,YQQY34DZ1NDQA,,Pacman Camo,Amphibien,,pending,animal,high,Amphibien,,100.00,,no,no,no,,Pacman Camo,crear_animal,"Categoría Clover animal existente — mantener ""Amphibien""",
1271,clover_pending,BZZ0CMCV78GSY,,Pacman Green,Amphibien,,pending,animal,high,Amphibien,,100.00,,no,no,no,,Pacman Green,crear_animal,"Categoría Clover animal existente — mantener ""Amphibien""",
1272,clover_pending,JK0R79ACY91WC,,Pacman Lime Green Albino,Amphibien,,pending,animal,high,Amphibien,,110.00,,no,no,no,,Pacman Lime Green Albino,crear_animal,"Categoría Clover animal existente — mantener ""Amphibien""",
1273,clover_pending,HMMV5TF4M35VE,,Pacman Peppermint Blue,Amphibien,,pending,animal,high,Amphibien,,120.00,,no,no,no,,Pacman Peppermint Blue,crear_animal,"Categoría Clover animal existente — mantener ""Amphibien""",
1274,clover_pending,RXRSC4D768BKJ,,Pacman Pikachu,Amphibien,,pending,animal,high,Amphibien,,110.00,,no,no,no,,Pacman Pikachu,crear_animal,"Categoría Clover animal existente — mantener ""Amphibien""",
1275,clover_pending,4ZGAW0ZZKD9D4,,Pacman Strawberry,Amphibien,,pending,animal,high,Amphibien,,100.00,0,no,no,no,,Pacman Strawberry,crear_animal,"Categoría Clover animal existente — mantener ""Amphibien""",
1276,clover_pending,TZ048SW49XERT,,Paille,,,pending,review,low,,,32.99,0,no,no,no,,Paille,revision_manual,Sin categoría Clover y sin patrón reconocido — revisión manual,
1277,clover_pending,RGFFYZG0V6996,,Palmetto anery het salmon snow,Serpent,,pending,animal,high,Serpent,,1000.00,,no,no,no,,Palmetto anery het salmon snow,crear_animal,"Categoría Clover animal existente — mantener ""Serpent""",
1278,clover_pending,62V7DS7RVB6T4,,Panneau Cork 3X1,,,pending,product,medium,Decoration,decor,24.99,,no,no,no,,Panneau Cork 3X1,bulk_create_product,"Patrón nombre → Clover ""Decoration"" / sitio ""decor""",
1279,clover_pending,A61A90YMHA4R0,,Party Mix Isopod Leavis Feeder (50+QTY),,,pending,animal,medium,Isopod et Araignee et Fourmis,,30.00,,no,no,no,,Party Mix Isopod Leavis Feeder (50+QTY),crear_animal,"Nombre sugiere animal vivo → categoría Clover existente ""Isopod et Araignee et Fourmis""",
1280,clover_pending,QR6C0ADSEWK5C,,Party Mix Isopod Leavis Orange/Milkback/Dairy Cow (15+QTY),,,pending,animal,medium,Isopod et Araignee et Fourmis,,16.00,0,no,no,no,,Party Mix Isopod Leavis Orange/Milkback/Dairy Cow (15+QTY),crear_animal,"Nombre sugiere animal vivo → categoría Clover existente ""Isopod et Araignee et Fourmis""",
1281,clover_pending,Q4F3QN8W873A2,,Party Mix Isopod Pruinosus Blue Powder/Orange  (QTY15+),,,pending,animal,medium,Isopod et Araignee et Fourmis,,12.00,0,no,no,no,,Party Mix Isopod Pruinosus Blue Powder/Orange  (QTY15+),crear_animal,"Nombre sugiere animal vivo → categoría Clover existente ""Isopod et Araignee et Fourmis""",
1282,clover_pending,1RTNHHQ0ZWT8J,,Party Mix Isopod Pruinosus Feeder (QTY 50),,,pending,animal,medium,Isopod et Araignee et Fourmis,,36.00,,no,no,no,,Party Mix Isopod Pruinosus Feeder (QTY 50),crear_animal,"Nombre sugiere animal vivo → categoría Clover existente ""Isopod et Araignee et Fourmis""",
1283,clover_pending,WXG7R1XF2Q374,,Party Mix Isopod Scaber (QTY 12),,,pending,animal,medium,Isopod et Araignee et Fourmis,,16.00,,no,no,no,,Party Mix Isopod Scaber (QTY 12),crear_animal,"Nombre sugiere animal vivo → categoría Clover existente ""Isopod et Araignee et Fourmis""",
1284,clover_pending,EYGC3Z35P3MA2,,Pastel Lesser AD Male,Serpent,,pending,animal,high,Serpent,,250.00,,no,no,no,,Pastel Lesser AD Male,crear_animal,"Categoría Clover animal existente — mantener ""Serpent""",
1285,clover_pending,HJJF0GMMB3DJ6,,Pastel Lesser BB KJ,Serpent,,pending,animal,high,Serpent,,250.00,,no,no,no,,Pastel Lesser BB KJ,crear_animal,"Categoría Clover animal existente — mantener ""Serpent""",
1286,clover_pending,W0M9Y04BP95DA,,Phelsuma Bohemi,Lezard,,pending,animal,high,Lezard,,135.00,,no,no,no,,Phelsuma Bohemi,crear_animal,"Categoría Clover animal existente — mantener ""Lezard""",
1287,clover_pending,CP1YF1Y495C26,,Phelsuma Grandis BB,Lezard,,pending,animal,high,Lezard,,90.00,,no,no,no,,Phelsuma Grandis BB,crear_animal,"Categoría Clover animal existente — mantener ""Lezard""",
1288,clover_pending,29P5V9FPXV2JA,,Phelsuma Kochi,Lezard,,pending,animal,high,Lezard,,135.00,,no,no,no,,Phelsuma Kochi,crear_animal,"Categoría Clover animal existente — mantener ""Lezard""",
1289,clover_pending,2CV8VCJ88ZA34,,Phelsuma Kochi AD F,Lezard,,pending,animal,high,Lezard,,100.00,,no,no,no,,Phelsuma Kochi AD F,crear_animal,"Categoría Clover animal existente — mantener ""Lezard""",
1290,clover_pending,3T294Y7FPFD2M,,Phelsuma Kochi BB,Lezard,,pending,animal,high,Lezard,,85.00,,no,no,no,,Phelsuma Kochi BB,crear_animal,"Categoría Clover animal existente — mantener ""Lezard""",
1291,clover_pending,12HZCW3FDWPJ2,,Phelsuma Standing's,Lezard,,pending,animal,high,Lezard,,125.00,,no,no,no,,Phelsuma Standing's,crear_animal,"Categoría Clover animal existente — mantener ""Lezard""",
1292,clover_pending,1PZC1NTDM309T,,Phelsuma Standingi BB,Lezard,,pending,animal,high,Lezard,,160.00,,no,no,no,,Phelsuma Standingi BB,crear_animal,"Categoría Clover animal existente — mantener ""Lezard""",
1293,clover_pending,VCDRS84GEZN1C,,Phelsuma m. Boehmi BB,Lezard,,pending,animal,high,Lezard,,100.00,,no,no,no,,Phelsuma m. Boehmi BB,crear_animal,"Categoría Clover animal existente — mantener ""Lezard""",
1294,clover_pending,E081FK0PCR82J,,Pinguicula Agnata x Ping Debbertiana 'Johanna',,,pending,review,low,,,25.00,0,no,no,no,,Pinguicula Agnata x Ping Debbertiana 'Johanna',revision_manual,Sin categoría Clover y sin patrón reconocido — revisión manual,
1295,clover_pending,CWZJRZ18WJMAM,,Pinguicula Ehlersiae 'Victoria',,,pending,review,low,,,25.00,,no,no,no,,Pinguicula Ehlersiae 'Victoria',revision_manual,Sin categoría Clover y sin patrón reconocido — revisión manual,
1296,clover_pending,C2PGT5YAW4SC6,,Pinguicula Jauvamensis x Emarginata (Red Rosette),,,pending,review,low,,,25.00,,no,no,no,,Pinguicula Jauvamensis x Emarginata (Red Rosette),revision_manual,Sin categoría Clover y sin patrón reconocido — revisión manual,
1297,clover_pending,K96QMA1AJMX7C,,Pinky Pump & Probes,,,pending,product,medium,Piece Remplacement/ Electronique,equipment,95.00,,no,no,no,,Pinky Pump & Probes,bulk_create_product,"Patrón nombre → Clover ""Piece Remplacement/ Electronique"" / sitio ""equipment""",
1298,clover_pending,1XQ427H1PQD04,,Plante Aquatique,,,pending,review,low,,,8.99,,no,no,no,,Plante Aquatique,revision_manual,Sin categoría Clover y sin patrón reconocido — revisión manual,
1299,clover_pending,S77Z4F2H7SGPW,,Plante Pot Bleu,,,pending,review,low,,,30.00,,no,no,no,,Plante Pot Bleu,revision_manual,Sin categoría Clover y sin patrón reconocido — revisión manual,
1300,clover_pending,5PDQ3ZGTEWD5G,,Plante Pot Gros Noir,,,pending,review,low,,,15.00,0,no,no,no,,Plante Pot Gros Noir,revision_manual,Sin categoría Clover y sin patrón reconocido — revisión manual,
1301,clover_pending,9CNF9QV2GFP6A,,Plante Pot Jaune,,,pending,review,low,,,25.00,0,no,no,no,,Plante Pot Jaune,revision_manual,Sin categoría Clover y sin patrón reconocido — revisión manual,
1302,clover_pending,HRM1PEA1THB04,,Plante Pot Petit Noir,,,pending,review,low,,,10.00,0,no,no,no,,Plante Pot Petit Noir,revision_manual,Sin categoría Clover y sin patrón reconocido — revisión manual,
1303,clover_pending,ZCVMQ2VJE0SSR,,Plante Pot Rouge,,,pending,review,low,,,20.00,0,no,no,no,,Plante Pot Rouge,revision_manual,Sin categoría Clover y sin patrón reconocido — revisión manual,
1304,clover_pending,JVH0RS9ZTBZTC,,Plante Pot Vert,,,pending,review,low,,,35.00,0,no,no,no,,Plante Pot Vert,revision_manual,Sin categoría Clover y sin patrón reconocido — revisión manual,
1305,clover_pending,M24QHHD5SR44E,,Plante Pothos,,,pending,review,low,,,7.99,0,no,no,no,,Plante Pothos,revision_manual,Sin categoría Clover y sin patrón reconocido — revisión manual,
1306,clover_pending,T3FYR4JMM8EM2,,Plante grasse / plant succulent 2 inch,,,pending,review,low,,,10.00,,no,no,no,,Plante grasse / plant succulent 2 inch,revision_manual,Sin categoría Clover y sin patrón reconocido — revisión manual,
1307,clover_pending,KE1Z443S3K3RY,,Plugs Pour Calypso Nozzles,,,pending,review,low,,,1.00,,no,no,no,,Plugs Pour Calypso Nozzles,revision_manual,Sin categoría Clover y sin patrón reconocido — revisión manual,
1308,clover_pending,P0Q45MQ2QHGBE,,Pollen d'abeille,,,pending,review,low,,,4.25,0,no,no,no,,Pollen d'abeille,revision_manual,Sin categoría Clover y sin patrón reconocido — revisión manual,
1309,clover_pending,R0ZRQSTJZ5CM4,,Porcellio Haasi Light Form,,,pending,review,low,,,50.00,,no,no,no,,Porcellio Haasi Light Form,revision_manual,Sin categoría Clover y sin patrón reconocido — revisión manual,
1310,clover_pending,ZV6EGSH8FHNH0,,Poussin Poulet 1 Jour,,,pending,review,low,,,2.99,0,no,no,no,,Poussin Poulet 1 Jour,revision_manual,Sin categoría Clover y sin patrón reconocido — revisión manual,
1311,clover_pending,7TSK2GX84R41Y,,Prairie Kingsnake Albino AD,Serpent,,pending,animal,high,Serpent,,100.00,,no,no,no,,Prairie Kingsnake Albino AD,crear_animal,"Categoría Clover animal existente — mantener ""Serpent""",
1312,clover_pending,TRMAKWK388512,,Probe Zoomed,,,pending,review,low,,,5.00,,no,no,no,Zoo Med,Probe Zoomed,revision_manual,Sin categoría Clover y sin patrón reconocido — revisión manual,
1313,clover_pending,BG1Y9EPEK8CST,,Ptyas Het. Alb BB Male R.E.A.L,Serpent,,pending,animal,high,Serpent,,200.00,,no,no,no,,Ptyas Het. Alb BB Male R.E.A.L,crear_animal,"Categoría Clover animal existente — mantener ""Serpent""",
1314,clover_pending,1R5Z09AETZ340,,Pueblan Milksnake AD M,Serpent,,pending,animal,high,Serpent,,250.00,,no,no,no,,Pueblan Milksnake AD M,crear_animal,"Categoría Clover animal existente — mantener ""Serpent""",
1315,clover_pending,9RT4AQYYW7GX6,,Pyromelans pyromelana,Serpent,,pending,animal,high,Serpent,,200.00,,no,no,no,,Pyromelans pyromelana,crear_animal,"Categoría Clover animal existente — mantener ""Serpent""",
1316,clover_pending,TJD9876KC82WG,,Python Albino Bumblebee Poss Banana Het Clown D.S,Serpent,,pending,animal,high,Serpent,,304.41,,no,no,no,,Python Albino Bumblebee Poss Banana Het Clown D.S,crear_animal,"Categoría Clover animal existente — mantener ""Serpent""",
1317,clover_pending,P9M3JP1PVHGKP,,Python Asphalte/yellow Belly Leopard,Serpent,,pending,animal,high,Serpent,,175.00,,no,no,no,,Python Asphalte/yellow Belly Leopard,crear_animal,"Categoría Clover animal existente — mantener ""Serpent""",
1318,clover_pending,WFZV802EVD344,,Python Ball Chocolate HRA Pin Het Hypo,Serpent,,pending,animal,high,Serpent,,350.00,,no,no,no,,Python Ball Chocolate HRA Pin Het Hypo,crear_animal,"Categoría Clover animal existente — mantener ""Serpent""",
1319,clover_pending,4T2VYWQXM30T4,,Python Birman Demi-Nain / Half-Dwarf Burmese Python,Serpent,,pending,animal,high,Serpent,,700.00,,no,no,no,,Python Birman Demi-Nain / Half-Dwarf Burmese Python,crear_animal,"Categoría Clover animal existente — mantener ""Serpent""",
1320,clover_pending,QM4FC3M18HQX6,,Python Bredli AD Male,Serpent,,pending,animal,high,Serpent,,400.00,,no,no,no,,Python Bredli AD Male,crear_animal,"Categoría Clover animal existente — mantener ""Serpent""",
1321,clover_pending,X403BM976GJ8R,,Python Carpet 66% Het . Sim,Serpent,,pending,animal,high,Serpent,,200.00,,no,no,no,,Python Carpet 66% Het . Sim,crear_animal,"Categoría Clover animal existente — mantener ""Serpent""",
1322,clover_pending,VFY4TJM13KWQC,,"Python Carpet Alb.,",Serpent,,pending,animal,high,Serpent,,1000.00,,no,no,no,,"Python Carpet Alb.,",crear_animal,"Categoría Clover animal existente — mantener ""Serpent""",
1323,clover_pending,VG1STVKNFD232,,Python Carpet Fem Het . Alb.,Serpent,,pending,animal,high,Serpent,,175.00,,no,no,no,,Python Carpet Fem Het . Alb.,crear_animal,"Categoría Clover animal existente — mantener ""Serpent""",
1324,clover_pending,TBDJF9Y9J966C,,Python Carpet Ocelot Favelle Line (mâle / femelle),Serpent,,pending,animal,high,Serpent,,800.00,,no,no,no,,Python Carpet Ocelot Favelle Line (mâle / femelle),crear_animal,"Categoría Clover animal existente — mantener ""Serpent""",
1325,clover_pending,DVWF4T0FQA636,,Python Carpet Papouane,Serpent,,pending,animal,high,Serpent,,1000.00,,no,no,no,,Python Carpet Papouane,crear_animal,"Categoría Clover animal existente — mantener ""Serpent""",
1326,clover_pending,A342ZHFW3HHF8,,Python Carpet Zebra BB male,Serpent,,pending,animal,high,Serpent,,400.00,,no,no,no,,Python Carpet Zebra BB male,crear_animal,"Categoría Clover animal existente — mantener ""Serpent""",
1327,clover_pending,0VZ4GTZFTV846,,Python Chocolate Pinstripe HRA Het Hypo BB M,Serpent,,pending,animal,high,Serpent,,350.00,,no,no,no,,Python Chocolate Pinstripe HRA Het Hypo BB M,crear_animal,"Categoría Clover animal existente — mantener ""Serpent""",
1328,clover_pending,VHQJEPGNA5KER,,Python Deep Purple Femelle FQ,Serpent,,pending,animal,high,Serpent,,600.00,,no,no,no,,Python Deep Purple Femelle FQ,crear_animal,"Categoría Clover animal existente — mantener ""Serpent""",
1329,clover_pending,A35RPE09G49XA,,Python Enchi HRA YB BB M,Serpent,,pending,animal,high,Serpent,,225.00,,no,no,no,,Python Enchi HRA YB BB M,crear_animal,"Categoría Clover animal existente — mantener ""Serpent""",
1330,clover_pending,B3N0ZTMK0A0B6,,Python GHI Lesser Pinstripe BB M,Serpent,,pending,animal,high,Serpent,,525.00,,no,no,no,,Python GHI Lesser Pinstripe BB M,crear_animal,"Categoría Clover animal existente — mantener ""Serpent""",
1331,clover_pending,V4KQAQJ3D1XYC,,Python GHI Pastel Het. Clown Male AD ( MB ),Serpent,,pending,animal,high,Serpent,,300.00,0,no,no,no,,Python GHI Pastel Het. Clown Male AD ( MB ),crear_animal,"Categoría Clover animal existente — mantener ""Serpent""",
1332,clover_pending,864NAE6AF5QW0,,Python Leopard Het. Clown M,Serpent,,pending,animal,high,Serpent,,350.00,,no,no,no,,Python Leopard Het. Clown M,crear_animal,"Categoría Clover animal existente — mantener ""Serpent""",
1333,clover_pending,PWGEK00T8YSP2,,Python Lesser pastel AD male RC,Serpent,,pending,animal,high,Serpent,,200.00,,no,no,no,,Python Lesser pastel AD male RC,crear_animal,"Categoría Clover animal existente — mantener ""Serpent""",
1334,clover_pending,8D72TAHMQA5KG,,Python M Ultramel,Serpent,,pending,animal,high,Serpent,,300.00,,no,no,no,,Python M Ultramel,crear_animal,"Categoría Clover animal existente — mantener ""Serpent""",
1335,clover_pending,9YWR0GCD2S5R0,,Python OD YB Butter Lucifer,Serpent,,pending,animal,high,Serpent,,400.00,,no,no,no,,Python OD YB Butter Lucifer,crear_animal,"Categoría Clover animal existente — mantener ""Serpent""",
1336,clover_pending,M9W210X1FGQ2G,,Python Pastel Clown M,Serpent,,pending,animal,high,Serpent,,650.00,,no,no,no,,Python Pastel Clown M,crear_animal,"Categoría Clover animal existente — mantener ""Serpent""",
1337,clover_pending,JSN0YKWKDX5SG,,Python Pastel Enchi poss. Blade Het. Clown AD F,Serpent,,pending,animal,high,Serpent,,450.00,,no,no,no,,Python Pastel Enchi poss. Blade Het. Clown AD F,crear_animal,"Categoría Clover animal existente — mantener ""Serpent""",
1338,clover_pending,10NXK9YM1S9FW,,Python Pastel YB/Gravel Het Albino,Serpent,,pending,animal,high,Serpent,,350.00,,no,no,no,,Python Pastel YB/Gravel Het Albino,crear_animal,"Categoría Clover animal existente — mantener ""Serpent""",
1339,clover_pending,VK9SCQHBQWR80,,Python Queenbee ALEX,Serpent,,pending,animal,high,Serpent,,250.00,,no,no,no,,Python Queenbee ALEX,crear_animal,"Categoría Clover animal existente — mantener ""Serpent""",
1340,clover_pending,S6ZWGEQ88ATF4,,Python Roy . Banana Het. Clown Male ( Dom ),Serpent,,pending,animal,high,Serpent,,250.00,,no,no,no,,Python Roy . Banana Het. Clown Male ( Dom ),crear_animal,"Categoría Clover animal existente — mantener ""Serpent""",
1341,clover_pending,FETGE8Q1C4ET0,,Python Roy Ad Banana Enchi Mojave (Tandem),Serpent,,pending,animal,high,Serpent,,400.00,,no,no,no,,Python Roy Ad Banana Enchi Mojave (Tandem),crear_animal,"Categoría Clover animal existente — mantener ""Serpent""",
1342,clover_pending,S7SMBP86F2AYY,,Python Roy Albino Poss toffino BB HR,Serpent,,pending,animal,high,Serpent,,300.00,,no,no,no,,Python Roy Albino Poss toffino BB HR,crear_animal,"Categoría Clover animal existente — mantener ""Serpent""",
1343,clover_pending,3W2RDR5J5FGJM,,Python Roy Bamboo AD,Serpent,,pending,animal,high,Serpent,,160.00,,no,no,no,,Python Roy Bamboo AD,crear_animal,"Categoría Clover animal existente — mantener ""Serpent""",
1344,clover_pending,SWJAKXXTYFGC0,,Python Roy Bamboo pastel,Serpent,,pending,animal,high,Serpent,,250.00,,no,no,no,,Python Roy Bamboo pastel,crear_animal,"Categoría Clover animal existente — mantener ""Serpent""",
1345,clover_pending,WA4CXTGNJB50G,,Python Roy Banana Sugar,Serpent,,pending,animal,high,Serpent,,400.00,,no,no,no,,Python Roy Banana Sugar,crear_animal,"Categoría Clover animal existente — mantener ""Serpent""",
1346,clover_pending,DEF0723464WPG,,Python Roy Banana YB poss enchi AC,Serpent,,pending,animal,high,Serpent,,450.00,,no,no,no,,Python Roy Banana YB poss enchi AC,crear_animal,"Categoría Clover animal existente — mantener ""Serpent""",
1347,clover_pending,VV3ZVXGX48KGC,,Python Roy Bbee D,Serpent,,pending,animal,high,Serpent,,300.00,,no,no,no,,Python Roy Bbee D,crear_animal,"Categoría Clover animal existente — mantener ""Serpent""",
1348,clover_pending,8D5S5Q54RFSHE,,Python Roy Blade Clown F BB D.O.M,Serpent,,pending,animal,high,Serpent,,500.00,,no,no,no,,Python Roy Blade Clown F BB D.O.M,crear_animal,"Categoría Clover animal existente — mantener ""Serpent""",
1349,clover_pending,XJKWC68B2TQ5G,,Python Roy Butter Pin AD RC,Serpent,,pending,animal,high,Serpent,,300.00,,no,no,no,,Python Roy Butter Pin AD RC,crear_animal,"Categoría Clover animal existente — mantener ""Serpent""",
1350,clover_pending,8GSNNFDHVT4VM,,Python Roy Enchi Bee Fem Ad,Serpent,,pending,animal,high,Serpent,,200.00,,no,no,no,,Python Roy Enchi Bee Fem Ad,crear_animal,"Categoría Clover animal existente — mantener ""Serpent""",
1351,clover_pending,A1MR1DKTC7PKP,,Python Roy Enchi Pastel 100% Het. Clown bb,Serpent,,pending,animal,high,Serpent,,75.00,,no,no,no,,Python Roy Enchi Pastel 100% Het. Clown bb,crear_animal,"Categoría Clover animal existente — mantener ""Serpent""",
1352,clover_pending,11N5WE3X3HX98,,Python Roy Fem AD 66% het. clown,Serpent,,pending,animal,high,Serpent,,150.00,,no,no,no,,Python Roy Fem AD 66% het. clown,crear_animal,"Categoría Clover animal existente — mantener ""Serpent""",
1353,clover_pending,1YB08D6CFEEWG,,Python Roy Fem AD Super Enchi Mojave,Serpent,,pending,animal,high,Serpent,,750.00,,no,no,no,,Python Roy Fem AD Super Enchi Mojave,crear_animal,"Categoría Clover animal existente — mantener ""Serpent""",
1354,clover_pending,N66A2DXTJ4W3C,,Python Roy Fire AD,Serpent,,pending,animal,high,Serpent,,100.00,,no,no,no,,Python Roy Fire AD,crear_animal,"Categoría Clover animal existente — mantener ""Serpent""",
1355,clover_pending,D187VCZKG9BZJ,,Python Roy Firefly Fem,Serpent,,pending,animal,high,Serpent,,500.00,,no,no,no,,Python Roy Firefly Fem,crear_animal,"Categoría Clover animal existente — mantener ""Serpent""",
1356,clover_pending,SQ7VVH3WNQNNR,,Python Roy GHI Paradox,Serpent,,pending,animal,high,Serpent,,400.00,,no,no,no,,Python Roy GHI Paradox,crear_animal,"Categoría Clover animal existente — mantener ""Serpent""",
1357,clover_pending,TMQ49GR5CA04R,,Python Roy GHI Pin Lesser,Serpent,,pending,animal,high,Serpent,,350.00,,no,no,no,,Python Roy GHI Pin Lesser,crear_animal,"Categoría Clover animal existente — mantener ""Serpent""",
1358,clover_pending,AM4P9Q8APNZ7R,,Python Roy Lavender Black Pastel BB JG,Serpent,,pending,animal,high,Serpent,,800.00,,no,no,no,,Python Roy Lavender Black Pastel BB JG,crear_animal,"Categoría Clover animal existente — mantener ""Serpent""",
1359,clover_pending,67F8RXT062DZE,,Python Roy Lesser BB,Serpent,,pending,animal,high,Serpent,,100.00,,no,no,no,,Python Roy Lesser BB,crear_animal,"Categoría Clover animal existente — mantener ""Serpent""",
1360,clover_pending,WZFM6XN5RG90A,,Python Roy Lesser HRA Don,Serpent,,pending,animal,high,Serpent,,150.00,,no,no,no,,Python Roy Lesser HRA Don,crear_animal,"Categoría Clover animal existente — mantener ""Serpent""",
1361,clover_pending,6P46HY7JBP55T,,Python Roy Male AD Pastel,Serpent,,pending,animal,high,Serpent,,200.00,,no,no,no,,Python Roy Male AD Pastel,crear_animal,"Categoría Clover animal existente — mantener ""Serpent""",
1362,clover_pending,S12H1JVMHBPGM,,Python Roy Pastel Banana Butter Spider Pin Het. Clown M,Serpent,,pending,animal,high,Serpent,,600.00,,no,no,no,,Python Roy Pastel Banana Butter Spider Pin Het. Clown M,crear_animal,"Categoría Clover animal existente — mantener ""Serpent""",
1363,clover_pending,CJ4KE3000H9ZA,,Python Roy Pastel Calico Male AD,Serpent,,pending,animal,high,Serpent,,600.00,,no,no,no,,Python Roy Pastel Calico Male AD,crear_animal,"Categoría Clover animal existente — mantener ""Serpent""",
1364,clover_pending,VJDPAS9D1DWVY,,Python Roy Pastel Femelle AD,Serpent,,pending,animal,high,Serpent,,100.00,,no,no,no,,Python Roy Pastel Femelle AD,crear_animal,"Categoría Clover animal existente — mantener ""Serpent""",
1365,clover_pending,KS6ZKJG5YKKFW,,Python Roy Pastel Mahogany M AP,Serpent,,pending,animal,high,Serpent,,300.00,,no,no,no,,Python Roy Pastel Mahogany M AP,crear_animal,"Categoría Clover animal existente — mantener ""Serpent""",
1366,clover_pending,Z7XXG6DB7V1DM,,Python Roy Pastel het ultramel,Serpent,,pending,animal,high,Serpent,,175.00,,no,no,no,,Python Roy Pastel het ultramel,crear_animal,"Categoría Clover animal existente — mantener ""Serpent""",
1367,clover_pending,0BNAJZCN7PB5T,,Python Roy Pewter Champagne BB HR,Serpent,,pending,animal,high,Serpent,,275.00,,no,no,no,,Python Roy Pewter Champagne BB HR,crear_animal,"Categoría Clover animal existente — mantener ""Serpent""",
1368,clover_pending,88Y6W18NK7ARJ,,Python Roy Pewterbee AP,Serpent,,pending,animal,high,Serpent,,400.00,,no,no,no,,Python Roy Pewterbee AP,crear_animal,"Categoría Clover animal existente — mantener ""Serpent""",
1369,clover_pending,H9B2JXCGNMKTA,,Python Roy Piebald Fem,Serpent,,pending,animal,high,Serpent,,700.00,,no,no,no,,Python Roy Piebald Fem,crear_animal,"Categoría Clover animal existente — mantener ""Serpent""",
1370,clover_pending,9SXCBRVZP1B26,,Python Roy Piebald Fem Juv.,Serpent,,pending,animal,high,Serpent,,350.00,,no,no,no,,Python Roy Piebald Fem Juv.,crear_animal,"Categoría Clover animal existente — mantener ""Serpent""",
1371,clover_pending,WGNR1ZG1GKKDR,,Python Roy Pin Albino Male RC,Serpent,,pending,animal,high,Serpent,,400.00,,no,no,no,,Python Roy Pin Albino Male RC,crear_animal,"Categoría Clover animal existente — mantener ""Serpent""",
1372,clover_pending,RZF2V7FHF649J,,Python Roy Super Pastel Calico M BB,Serpent,,pending,animal,high,Serpent,,450.00,,no,no,no,,Python Roy Super Pastel Calico M BB,crear_animal,"Categoría Clover animal existente — mantener ""Serpent""",
1373,clover_pending,G4RGA897SD34T,,Python Roy YB Het Pied Fem. AL,Serpent,,pending,animal,high,Serpent,,225.00,,no,no,no,,Python Roy YB Het Pied Fem. AL,crear_animal,"Categoría Clover animal existente — mantener ""Serpent""",
1374,clover_pending,W6MTHYZX1TY1E,,Python Roy orange Dream ST,Serpent,,pending,animal,high,Serpent,,100.00,,no,no,no,,Python Roy orange Dream ST,crear_animal,"Categoría Clover animal existente — mantener ""Serpent""",
1375,clover_pending,RM2Z4KCQT60GC,,Python Roy pastel Champagne AD F,Serpent,,pending,animal,high,Serpent,,400.00,,no,no,no,,Python Roy pastel Champagne AD F,crear_animal,"Categoría Clover animal existente — mantener ""Serpent""",
1376,clover_pending,ZCP3H4D554870,,Python Roy.  Pastel Enchi,Serpent,,pending,animal,high,Serpent,,150.00,,no,no,no,,Python Roy.  Pastel Enchi,crear_animal,"Categoría Clover animal existente — mantener ""Serpent""",
1377,clover_pending,SEQ7917528DBA,,Python Roy. ?T%offee Het Hypo. ( ghost ),Serpent,,pending,animal,high,Serpent,,250.00,,no,no,no,,Python Roy. ?T%offee Het Hypo. ( ghost ),crear_animal,"Categoría Clover animal existente — mantener ""Serpent""",
1378,clover_pending,STXS04VXA5MCC,,Python Roy. Banana Enchi OD Piebald M ( DM ),Serpent,,pending,animal,high,Serpent,,1200.00,,no,no,no,,Python Roy. Banana Enchi OD Piebald M ( DM ),crear_animal,"Categoría Clover animal existente — mantener ""Serpent""",
1379,clover_pending,Q58W8CJYWB490,,Python Roy. Banana Pin AD MALE,Serpent,,pending,animal,high,Serpent,,275.00,,no,no,no,,Python Roy. Banana Pin AD MALE,crear_animal,"Categoría Clover animal existente — mantener ""Serpent""",
1380,clover_pending,31WJJ2YD7STNA,,Python Roy. Butter Leopard Fem ad,Serpent,,pending,animal,high,Serpent,,400.00,,no,no,no,,Python Roy. Butter Leopard Fem ad,crear_animal,"Categoría Clover animal existente — mantener ""Serpent""",
1381,clover_pending,F8DBSWC6B7RAT,,Python Roy. Clown Bee F,Serpent,,pending,animal,high,Serpent,,600.00,,no,no,no,,Python Roy. Clown Bee F,crear_animal,"Categoría Clover animal existente — mantener ""Serpent""",
1382,clover_pending,BG4685JJR1YEE,,Python Roy. Dinker Fem,Serpent,,pending,animal,high,Serpent,,100.00,,no,no,no,,Python Roy. Dinker Fem,crear_animal,"Categoría Clover animal existente — mantener ""Serpent""",
1383,clover_pending,4JC1SW0MF1ZCA,,Python Roy. Enchi Bee AD,Serpent,,pending,animal,high,Serpent,,300.00,,no,no,no,,Python Roy. Enchi Bee AD,crear_animal,"Categoría Clover animal existente — mantener ""Serpent""",
1384,clover_pending,CR257Q29G2M52,,Python Roy. Enchi Het Piebald Fem ( DM ),Serpent,,pending,animal,high,Serpent,,100.00,,no,no,no,,Python Roy. Enchi Het Piebald Fem ( DM ),crear_animal,"Categoría Clover animal existente — mantener ""Serpent""",
1385,clover_pending,F9EAECTBEG7BC,,Python Roy. Enchi Lemonblast Het.Clown male Juv.,Serpent,,pending,animal,high,Serpent,,250.00,,no,no,no,,Python Roy. Enchi Lemonblast Het.Clown male Juv.,crear_animal,"Categoría Clover animal existente — mantener ""Serpent""",
1386,clover_pending,RXQBAP6FV6PBG,,Python Roy. Enchi Pin Het. Clown,Serpent,,pending,animal,high,Serpent,,150.00,,no,no,no,,Python Roy. Enchi Pin Het. Clown,crear_animal,"Categoría Clover animal existente — mantener ""Serpent""",
1387,clover_pending,Q7VT3N569TNVP,,Python Roy. Fire OD Male,Serpent,,pending,animal,high,Serpent,,200.00,,no,no,no,,Python Roy. Fire OD Male,crear_animal,"Categoría Clover animal existente — mantener ""Serpent""",
1388,clover_pending,TAKAZ864J5W9A,,Python Roy. Ghost Pastel Lesser Jem,Serpent,,pending,animal,high,Serpent,,275.00,,no,no,no,,Python Roy. Ghost Pastel Lesser Jem,crear_animal,"Categoría Clover animal existente — mantener ""Serpent""",
1389,clover_pending,WDG497A53ABFJ,,Python Roy. Het Ultramel,Serpent,,pending,animal,high,Serpent,,75.00,,no,no,no,,Python Roy. Het Ultramel,crear_animal,"Categoría Clover animal existente — mantener ""Serpent""",
1390,clover_pending,120S3G97QY8SM,,Python Roy. Leucy Black eyed  Male AD,Serpent,,pending,animal,high,Serpent,,400.00,,no,no,no,,Python Roy. Leucy Black eyed  Male AD,crear_animal,"Categoría Clover animal existente — mantener ""Serpent""",
1391,clover_pending,DMMQBW51BA92G,,Python Roy. Mjave-YB-Spotnose Male AD,Serpent,,pending,animal,high,Serpent,,200.00,,no,no,no,,Python Roy. Mjave-YB-Spotnose Male AD,crear_animal,"Categoría Clover animal existente — mantener ""Serpent""",
1392,clover_pending,31JY368HNWW4G,,Python Roy. Mojave Femelle,Serpent,,pending,animal,high,Serpent,,200.00,0,no,no,no,,Python Roy. Mojave Femelle,crear_animal,"Categoría Clover animal existente — mantener ""Serpent""",
1393,clover_pending,54DP8PNQ7J1FA,,Python Roy. Pastel,Serpent,,pending,animal,high,Serpent,,100.00,,no,no,no,,Python Roy. Pastel,crear_animal,"Categoría Clover animal existente — mantener ""Serpent""",
1394,clover_pending,A2SD5T0A66XFC,,Python Roy. Pastel Black Pastel ( Black Pewter ) Het. Clown F,Serpent,,pending,animal,high,Serpent,,600.00,,no,no,no,,Python Roy. Pastel Black Pastel ( Black Pewter ) Het. Clown F,crear_animal,"Categoría Clover animal existente — mantener ""Serpent""",
1395,clover_pending,QD03M6174PG56,,Python Roy. Pastel Clow Fem AD,Serpent,,pending,animal,high,Serpent,,550.00,,no,no,no,,Python Roy. Pastel Clow Fem AD,crear_animal,"Categoría Clover animal existente — mantener ""Serpent""",
1396,clover_pending,NYCY34A8BR4S8,,Python Roy. Pastel Clown AD M,Serpent,,pending,animal,high,Serpent,,650.00,,no,no,no,,Python Roy. Pastel Clown AD M,crear_animal,"Categoría Clover animal existente — mantener ""Serpent""",
1397,clover_pending,Z0KJJS7VDP8NP,,Python Roy. Pastel Enchi Leo Juv,Serpent,,pending,animal,high,Serpent,,250.00,,no,no,no,,Python Roy. Pastel Enchi Leo Juv,crear_animal,"Categoría Clover animal existente — mantener ""Serpent""",
1398,clover_pending,V4Q5XP30Z4NN4,,Python Roy. Pastel Fem AD,Serpent,,pending,animal,high,Serpent,,250.00,,no,no,no,,Python Roy. Pastel Fem AD,crear_animal,"Categoría Clover animal existente — mantener ""Serpent""",
1399,clover_pending,XA58SQ8D3TWTT,,Python Roy. Pastel Spider Pin Het. Clown  F,Serpent,,pending,animal,high,Serpent,,600.00,,no,no,no,,Python Roy. Pastel Spider Pin Het. Clown  F,crear_animal,"Categoría Clover animal existente — mantener ""Serpent""",
1400,clover_pending,5SMJ287QQ86FY,,Python Roy. Pewter Fem AD,Serpent,,pending,animal,high,Serpent,,400.00,,no,no,no,,Python Roy. Pewter Fem AD,crear_animal,"Categoría Clover animal existente — mantener ""Serpent""",
1401,clover_pending,C3JBAK448AF5W,,Python Roy. Pin AD AL,Serpent,,pending,animal,high,Serpent,,225.00,,no,no,no,,Python Roy. Pin AD AL,crear_animal,"Categoría Clover animal existente — mantener ""Serpent""",
1402,clover_pending,2VRBCAW6DBV6G,,Python Roy. Spider Axantic bb Fem,Serpent,,pending,animal,high,Serpent,,250.00,,no,no,no,,Python Roy. Spider Axantic bb Fem,crear_animal,"Categoría Clover animal existente — mantener ""Serpent""",
1403,clover_pending,YVYXNBM8V3450,,Python Roy. Super Fire Male Het. Clown,Serpent,,pending,animal,high,Serpent,,400.00,,no,no,no,,Python Roy. Super Fire Male Het. Clown,crear_animal,"Categoría Clover animal existente — mantener ""Serpent""",
1404,clover_pending,HGN9DEQ1PBSB2,,Python Roy. Ultramel Mâle ad,Serpent,,pending,animal,high,Serpent,,350.00,,no,no,no,,Python Roy. Ultramel Mâle ad,crear_animal,"Categoría Clover animal existente — mantener ""Serpent""",
1405,clover_pending,VSFARMS3KJWA2,,Python Roy. YB,Serpent,,pending,animal,high,Serpent,,75.00,,no,no,no,,Python Roy. YB,crear_animal,"Categoría Clover animal existente — mantener ""Serpent""",
1406,clover_pending,6N9AMFR9XQY02,,"Python Roy. YB , Gravel , Pastel Het. Albino Male",Serpent,,pending,animal,high,Serpent,,350.00,,no,no,no,,"Python Roy. YB , Gravel , Pastel Het. Albino Male",crear_animal,"Categoría Clover animal existente — mantener ""Serpent""",
1407,clover_pending,S27X7SXYEVQFC,,Python Roy. banana petit AC,Serpent,,pending,animal,high,Serpent,,275.00,,no,no,no,,Python Roy. banana petit AC,crear_animal,"Categoría Clover animal existente — mantener ""Serpent""",
1408,clover_pending,52QD8T8N3ZSSE,,Python Roy.Banana Fem AC,Serpent,,pending,animal,high,Serpent,,450.00,,no,no,no,,Python Roy.Banana Fem AC,crear_animal,"Categoría Clover animal existente — mantener ""Serpent""",
1409,clover_pending,AK8P88KB8HT6A,,Python Royal Axanthic 100% het Pied Femelle,Serpent,,pending,animal,high,Serpent,,700.00,,no,no,no,,Python Royal Axanthic 100% het Pied Femelle,crear_animal,"Categoría Clover animal existente — mantener ""Serpent""",
1410,clover_pending,CFZN77K6YACZA,,"Python Royal BH Maho, Leo, Het lavender",Serpent,,pending,animal,high,Serpent,,200.00,,no,no,no,,"Python Royal BH Maho, Leo, Het lavender",crear_animal,"Categoría Clover animal existente — mantener ""Serpent""",
1411,clover_pending,ZG1YM6CKSV4BP,,Python Royal BH male,Serpent,,pending,animal,high,Serpent,,200.00,,no,no,no,,Python Royal BH male,crear_animal,"Categoría Clover animal existente — mantener ""Serpent""",
1412,clover_pending,4FWVDZPE6DPPJ,,Python Royal BL Het.Pied Het.Clown Male AD,Serpent,,pending,animal,high,Serpent,,150.00,,no,no,no,,Python Royal BL Het.Pied Het.Clown Male AD,crear_animal,"Categoría Clover animal existente — mantener ""Serpent""",
1413,clover_pending,KC9SY8P3Z7158,,Python Royal Banana Enchi Male,Serpent,,pending,animal,high,Serpent,,300.00,,no,no,no,,Python Royal Banana Enchi Male,crear_animal,"Categoría Clover animal existente — mantener ""Serpent""",
1414,clover_pending,WTBDQNVQFKPD0,,Python Royal Black Head,Serpent,,pending,animal,high,Serpent,,400.00,,no,no,no,,Python Royal Black Head,crear_animal,"Categoría Clover animal existente — mantener ""Serpent""",
1415,clover_pending,P8BQPWM4APKFA,,Python Royal Black pastel Barnhart YB 100% Het Pied,Serpent,,pending,animal,high,Serpent,,300.00,0,no,no,no,,Python Royal Black pastel Barnhart YB 100% Het Pied,crear_animal,"Categoría Clover animal existente — mantener ""Serpent""",
1416,clover_pending,N7S3DATN59042,,Python Royal Blue Eye Lucy Male,Serpent,,pending,animal,high,Serpent,,350.00,,no,no,no,,Python Royal Blue Eye Lucy Male,crear_animal,"Categoría Clover animal existente — mantener ""Serpent""",
1417,clover_pending,QC5QGQEWTPCC6,,Python Royal Butter Spotnose Het Clown Femelle,Serpent,,pending,animal,high,Serpent,,300.00,,no,no,no,,Python Royal Butter Spotnose Het Clown Femelle,crear_animal,"Categoría Clover animal existente — mantener ""Serpent""",
1418,clover_pending,MK6Y7PW539166,,"Python Royal Cho , HRA , Ghost Lemon blast F Juvie",Serpent,,pending,animal,high,Serpent,,250.00,,no,no,no,,"Python Royal Cho , HRA , Ghost Lemon blast F Juvie",crear_animal,"Categoría Clover animal existente — mantener ""Serpent""",
1419,clover_pending,5ADNE01XCM6JJ,,Python Royal Clown male,Serpent,,pending,animal,high,Serpent,,200.00,,no,no,no,,Python Royal Clown male,crear_animal,"Categoría Clover animal existente — mantener ""Serpent""",
1420,clover_pending,2TQERQ8CG3GDW,,Python Royal Deep Purple Mâle,Serpent,,pending,animal,high,Serpent,,600.00,,no,no,no,,Python Royal Deep Purple Mâle,crear_animal,"Categoría Clover animal existente — mantener ""Serpent""",
1421,clover_pending,G3FN6QS5GZY3E,,Python Royal Femelle Bamboo Pinstripe YB het Clown,Serpent,,pending,animal,high,Serpent,,900.00,,no,no,no,,Python Royal Femelle Bamboo Pinstripe YB het Clown,crear_animal,"Categoría Clover animal existente — mantener ""Serpent""",
1422,clover_pending,H6WEVHQWHBN40,,Python Royal Fire Spider Femelle,Serpent,,pending,animal,high,Serpent,,175.00,,no,no,no,,Python Royal Fire Spider Femelle,crear_animal,"Categoría Clover animal existente — mantener ""Serpent""",
1423,clover_pending,DQYMYCH93Q1CY,,Python Royal Freeway,Serpent,,pending,animal,high,Serpent,,400.00,0,no,no,no,,Python Royal Freeway,crear_animal,"Categoría Clover animal existente — mantener ""Serpent""",
1424,clover_pending,MKHHX36N1PV88,,Python Royal Mahogany Lavender Het Pied Fem.,Serpent,,pending,animal,high,Serpent,,400.00,,no,no,no,,Python Royal Mahogany Lavender Het Pied Fem.,crear_animal,"Categoría Clover animal existente — mantener ""Serpent""",
1425,clover_pending,YGT6ZCFNJAWYJ,,Python Royal Male Piebald - Asphalte - YB,Serpent,,pending,animal,high,Serpent,,350.00,,no,no,no,,Python Royal Male Piebald - Asphalte - YB,crear_animal,"Categoría Clover animal existente — mantener ""Serpent""",
1426,clover_pending,QKDFW86JE4D8E,,Python Royal Mojave Spider Fem,Serpent,,pending,animal,high,Serpent,,400.00,,no,no,no,,Python Royal Mojave Spider Fem,crear_animal,"Categoría Clover animal existente — mantener ""Serpent""",
1427,clover_pending,3E7BJ9CA04PBJ,,Python Royal Moyave,Serpent,,pending,animal,high,Serpent,,125.00,,no,no,no,,Python Royal Moyave,crear_animal,"Categoría Clover animal existente — mantener ""Serpent""",
1428,clover_pending,HS8FW8SATKVDY,,Python Royal OD YB Butter Lucifer Femelle,Serpent,,pending,animal,high,Serpent,,400.00,,no,no,no,,Python Royal OD YB Butter Lucifer Femelle,crear_animal,"Categoría Clover animal existente — mantener ""Serpent""",
1429,clover_pending,Y7W6Q9WKCN0W8,,Python Royal Pastel AD Male,Serpent,,pending,animal,high,Serpent,,125.00,,no,no,no,,Python Royal Pastel AD Male,crear_animal,"Categoría Clover animal existente — mantener ""Serpent""",
1430,clover_pending,RQWCNJW48W6EP,,Python Royal Pastel Champagne mâle,Serpent,,pending,animal,high,Serpent,,250.00,,no,no,no,,Python Royal Pastel Champagne mâle,crear_animal,"Categoría Clover animal existente — mantener ""Serpent""",
1431,clover_pending,3WKPFFEDWX422,,Python Royal Pastel Femelle,Serpent,,pending,animal,high,Serpent,,225.00,,no,no,no,,Python Royal Pastel Femelle,crear_animal,"Categoría Clover animal existente — mantener ""Serpent""",
1432,clover_pending,922DN158K10BA,,Python Royal Pastel Mohogany M BB AP,Serpent,,pending,animal,high,Serpent,,275.00,,no,no,no,,Python Royal Pastel Mohogany M BB AP,crear_animal,"Categoría Clover animal existente — mantener ""Serpent""",
1433,clover_pending,04Q3PDYFGS32G,,Python Royal Pastel YB mâle,Serpent,,pending,animal,high,Serpent,,175.00,,no,no,no,,Python Royal Pastel YB mâle,crear_animal,"Categoría Clover animal existente — mantener ""Serpent""",
1434,clover_pending,N09D1KBS39J1W,,Python Royal Régulier,Serpent,,pending,animal,high,Serpent,,75.00,,no,no,no,,Python Royal Régulier,crear_animal,"Categoría Clover animal existente — mantener ""Serpent""",
1435,clover_pending,PHERTBD6CJB6W,,Python Royal Spider Adulte,Serpent,,pending,animal,high,Serpent,,50.00,,no,no,no,,Python Royal Spider Adulte,crear_animal,"Categoría Clover animal existente — mantener ""Serpent""",
1436,clover_pending,C9YSB1SSJMW6Y,,Python Royal Spider Banana Special Male AD,Serpent,,pending,animal,high,Serpent,,150.00,,no,no,no,,Python Royal Spider Banana Special Male AD,crear_animal,"Categoría Clover animal existente — mantener ""Serpent""",
1437,clover_pending,0CKA2TCNZ9BXP,,Python Royal Super Pastel Enchi Spector Male,Serpent,,pending,animal,high,Serpent,,350.00,,no,no,no,,Python Royal Super Pastel Enchi Spector Male,crear_animal,"Categoría Clover animal existente — mantener ""Serpent""",
1438,clover_pending,WCQTXA497SYNG,,Python Royal YB Het. Pied F,Serpent,,pending,animal,high,Serpent,,200.00,,no,no,no,,Python Royal YB Het. Pied F,crear_animal,"Categoría Clover animal existente — mantener ""Serpent""",
1439,clover_pending,28DAW53YESAAT,,Python Royale Albino (Francis),Serpent,,pending,animal,high,Serpent,,200.00,,no,no,no,,Python Royale Albino (Francis),crear_animal,"Categoría Clover animal existente — mantener ""Serpent""",
1440,clover_pending,3CZ59D2402WXJ,,Python Royale Bamboo Het Pied (YB)  (Black Pastel),Serpent,,pending,animal,high,Serpent,,350.00,,no,no,no,,Python Royale Bamboo Het Pied (YB)  (Black Pastel),crear_animal,"Categoría Clover animal existente — mantener ""Serpent""",
1441,clover_pending,SZPDS7H2VYFPC,,Python Royale Banana Het Pied Femelle (Asphalt/Yb),,,pending,animal,medium,Serpent,,350.00,0,no,no,no,,Python Royale Banana Het Pied Femelle (Asphalt/Yb),crear_animal,"Nombre sugiere animal vivo → categoría Clover existente ""Serpent""",
1442,clover_pending,5ENPT840QK1X6,,Python Royale Black Pastel Barnhart YB het Pied,Serpent,,pending,animal,high,Serpent,,300.00,,no,no,no,,Python Royale Black Pastel Barnhart YB het Pied,crear_animal,"Categoría Clover animal existente — mantener ""Serpent""",
1443,clover_pending,R839YB815NQF8,,Python Royale Black Pastel Pied femelle,Serpent,,pending,animal,high,Serpent,,400.00,,no,no,no,,Python Royale Black Pastel Pied femelle,crear_animal,"Categoría Clover animal existente — mantener ""Serpent""",
1444,clover_pending,N12VG784W0GHY,,Python Royale Cinamon femelle,Serpent,,pending,animal,high,Serpent,,150.00,,no,no,no,,Python Royale Cinamon femelle,crear_animal,"Categoría Clover animal existente — mantener ""Serpent""",
1445,clover_pending,3HHRXAJS6Z4WW,,Python Royale Freeway Pastel Het Pied Femelle,Serpent,,pending,animal,high,Serpent,,700.00,,no,no,no,,Python Royale Freeway Pastel Het Pied Femelle,crear_animal,"Categoría Clover animal existente — mantener ""Serpent""",
1446,clover_pending,AAJNRC9ZW16E4,,Python Royale Ivory Pied het Hypo mâle,Serpent,,pending,animal,high,Serpent,,399.99,,no,no,no,,Python Royale Ivory Pied het Hypo mâle,crear_animal,"Categoría Clover animal existente — mantener ""Serpent""",
1447,clover_pending,477V86GW482JJ,,Python Royale Pastel Pied Mâle,Serpent,,pending,animal,high,Serpent,,400.00,,no,no,no,,Python Royale Pastel Pied Mâle,crear_animal,"Categoría Clover animal existente — mantener ""Serpent""",
1448,clover_pending,CRWP6W5KW1G0R,,Python Royale Toffino mâle,Serpent,,pending,animal,high,Serpent,,300.00,,no,no,no,,Python Royale Toffino mâle,crear_animal,"Categoría Clover animal existente — mantener ""Serpent""",
1449,clover_pending,V8RKM0VCCK896,,Python Rpy. AD F Pewter Fader,Serpent,,pending,animal,high,Serpent,,300.00,,no,no,no,,Python Rpy. AD F Pewter Fader,crear_animal,"Categoría Clover animal existente — mantener ""Serpent""",
1450,clover_pending,JQ0EF8276D7CP,,Python Super Pastel Enchi Spector BB M,Serpent,,pending,animal,high,Serpent,,350.00,,no,no,no,,Python Super Pastel Enchi Spector BB M,crear_animal,"Categoría Clover animal existente — mantener ""Serpent""",
1451,clover_pending,FGZVE53QPNTXA,,Python banana enchi clown YB male,Serpent,,pending,animal,high,Serpent,,600.00,,no,no,no,,Python banana enchi clown YB male,crear_animal,"Categoría Clover animal existente — mantener ""Serpent""",
1452,clover_pending,MRBQ2SC1KNFC8,,Python pastel mahogany Al. BB,Serpent,,pending,animal,high,Serpent,,150.00,,no,no,no,,Python pastel mahogany Al. BB,crear_animal,"Categoría Clover animal existente — mantener ""Serpent""",
1453,clover_pending,GRQ6DSHDWT9RP,,Python pinstripe femelle AD,Serpent,,pending,animal,high,Serpent,,150.00,,no,no,no,,Python pinstripe femelle AD,crear_animal,"Categoría Clover animal existente — mantener ""Serpent""",
1454,clover_pending,VR6DNK3YV6RXC,,Python roy black eyed lucy male ad,Serpent,,pending,animal,high,Serpent,,400.00,,no,no,no,,Python roy black eyed lucy male ad,crear_animal,"Categoría Clover animal existente — mantener ""Serpent""",
1455,clover_pending,VR8KCD494XRX2,,Python roy pastel AD,Serpent,,pending,animal,high,Serpent,,125.00,,no,no,no,,Python roy pastel AD,crear_animal,"Categoría Clover animal existente — mantener ""Serpent""",
1456,clover_pending,D84JKPHDBH536,,Python roy. Blue Eyed Lucy Real,Serpent,,pending,animal,high,Serpent,,500.00,,no,no,no,,Python roy. Blue Eyed Lucy Real,crear_animal,"Categoría Clover animal existente — mantener ""Serpent""",
1457,clover_pending,9R0WF7E95Q55M,,Python royal Enchi Fire YB het. Clown,Serpent,,pending,animal,high,Serpent,,200.00,,no,no,no,,Python royal Enchi Fire YB het. Clown,crear_animal,"Categoría Clover animal existente — mantener ""Serpent""",
1458,clover_pending,RP3VXFD026YTJ,,Python royale Black Pastel Bamboo (yb) het Pied Barnhart mâle,Serpent,,pending,animal,high,Serpent,,350.00,,no,no,no,,Python royale Black Pastel Bamboo (yb) het Pied Barnhart mâle,crear_animal,"Categoría Clover animal existente — mantener ""Serpent""",
1459,clover_pending,89NVQFHG174DA,,RAREPIF250 Arcadia EarthPro InsectFuel Insect Feed 250g,,,pending,review,low,,,29.99,,no,no,no,,RAREPIF250 Arcadia EarthPro InsectFuel Insect Feed 250g,revision_manual,Sin categoría Clover y sin patrón reconocido — revisión manual,
1460,clover_pending,Z4TJKDZ2T799M,,RC Billes d'Argile 2.5 lbs,,,pending,review,low,,,9.99,0,no,no,no,,Billes d'Argile 2.5 lbs,revision_manual,Sin categoría Clover y sin patrón reconocido — revisión manual,
1461,clover_pending,44XKSQGPEDK5J,,RC Bois Platte 10$/Pied,,,pending,product,medium,Decoration,decor,10.00,0,no,no,no,,Bois Platte 10$/Pied,bulk_create_product,"Patrón nombre → Clover ""Decoration"" / sitio ""decor""",
1462,clover_pending,HHSFMS5YD1PB6,,RC Branches Plattes 5$ Du Pied,,,pending,product,medium,Decoration,decor,4.99,,no,no,no,,Branches Plattes 5$ Du Pied,bulk_create_product,"Patrón nombre → Clover ""Decoration"" / sitio ""decor""",
1463,clover_pending,S8EVMWY95VVR8,,RC Bresilian Rainbow Boa mâle,Serpent,,pending,animal,high,Serpent,,350.00,,no,no,no,,Bresilian Rainbow Boa mâle,crear_animal,"Categoría Clover animal existente — mantener ""Serpent""",
1464,clover_pending,DTA37T9XT9WJA,,RC Charbon (250 gr),,,pending,review,low,,,3.99,,no,no,no,,Charbon (250 gr),revision_manual,Sin categoría Clover y sin patrón reconocido — revisión manual,
1465,clover_pending,Y39Y0EDKGKTQ8,,RC Cornsnake Creamcicle Tessera mâle,Serpent,,pending,animal,high,Serpent,,200.00,,no,no,no,,Cornsnake Creamcicle Tessera mâle,crear_animal,"Categoría Clover animal existente — mantener ""Serpent""",
1466,clover_pending,51NQ4DT839E08,,RC Pierre Décorative (1KG),,,pending,review,low,,,5.99,,no,no,no,,Pierre Décorative (1KG),revision_manual,Sin categoría Clover y sin patrón reconocido — revisión manual,
1467,clover_pending,WJSV0QQ01FW4R,,RC Pierre Volcanique Noire (2lbs),,,pending,review,low,,,5.99,,no,no,no,,Pierre Volcanique Noire (2lbs),revision_manual,Sin categoría Clover y sin patrón reconocido — revisión manual,
1468,clover_pending,WE9KBMTX32PGY,,RC Repti Mélange 24 Qt,,,pending,review,low,,,32.99,,no,no,no,,Repti Mélange 24 Qt,revision_manual,Sin categoría Clover y sin patrón reconocido — revisión manual,
1469,clover_pending,1G5Y4S6APTPPG,,RC Roche Platte,,,pending,product,medium,Decoration,decor,9.99,,no,no,no,,Roche Platte,bulk_create_product,"Patrón nombre → Clover ""Decoration"" / sitio ""decor""",
1470,clover_pending,B12DD4Y6CCTT4,,RFD3SD14 Arcadia ShadeDweller Max Replacement Lamp (110V),,,pending,review,low,,,38.99,,no,no,no,,RFD3SD14 Arcadia ShadeDweller Max Replacement Lamp (110V),revision_manual,Sin categoría Clover y sin patrón reconocido — revisión manual,
1471,clover_pending,J368QJ8AYM48R,,RR1022 Omega One Frog and Tadpole pellets 1.2oz,,,pending,animal,medium,Amphibien,,5.99,,no,no,no,,Omega One Frog and Tadpole pellets 1.2oz,crear_animal,"Nombre sugiere animal vivo → categoría Clover existente ""Amphibien""",
1472,clover_pending,347AHF9JT3RD8,,RR4138 Komodo Tortoise Hay 24oz,,,pending,review,low,,,15.50,,no,no,no,,Komodo Tortoise Hay 24oz,revision_manual,Sin categoría Clover y sin patrón reconocido — revisión manual,
1473,clover_pending,0ZDXD2YCTR446,,RR4201 Komodo Twin Jelly Pot Holder,,,pending,review,low,,,9.99,,no,no,no,,Komodo Twin Jelly Pot Holder,revision_manual,Sin categoría Clover y sin patrón reconocido — revisión manual,
1474,clover_pending,0NQ257JK5P608,,Rainbow Boa BB,Serpent,,pending,animal,high,Serpent,,400.00,,no,no,no,,Rainbow Boa BB,crear_animal,"Categoría Clover animal existente — mantener ""Serpent""",
1475,clover_pending,JTPKX9KRZDC56,,Rainbow Boa Fem AD D.O.M,Serpent,,pending,animal,high,Serpent,,290.00,,no,no,no,,Rainbow Boa Fem AD D.O.M,crear_animal,"Categoría Clover animal existente — mantener ""Serpent""",
1476,clover_pending,RJK564FZPR45A,,Rainbow Boa Male AD,Serpent,,pending,animal,high,Serpent,,350.00,,no,no,no,,Rainbow Boa Male AD,crear_animal,"Categoría Clover animal existente — mantener ""Serpent""",
1477,clover_pending,7KKRCBJAF35FR,,Rainette Vert,Amphibien,,pending,animal,high,Amphibien,,20.00,,no,no,no,,Rainette Vert,crear_animal,"Categoría Clover animal existente — mantener ""Amphibien""",
1478,clover_pending,SEFXYEPTWXXW8,,Rainette Yeux Rouge,Amphibien,,pending,animal,high,Amphibien,,90.00,,no,no,no,,Rainette Yeux Rouge,crear_animal,"Categoría Clover animal existente — mantener ""Amphibien""",
1479,clover_pending,N62XYB1NFNB6W,,Rainette de White Litoria caerula,Amphibien,,pending,animal,high,Amphibien,,100.00,,no,no,no,,Rainette de White Litoria caerula,crear_animal,"Categoría Clover animal existente — mantener ""Amphibien""",
1480,clover_pending,ZNAFPK2K9HPFR,,Ranarium Carotenoid plus 2oz,,,pending,review,low,,,46.99,,no,no,no,,Ranarium Carotenoid plus 2oz,revision_manual,Sin categoría Clover y sin patrón reconocido — revisión manual,
1481,clover_pending,4NAPJ5E25YTX8,,Rankins,Lezard,,pending,animal,high,Lezard,,200.00,,no,no,no,,Rankins,crear_animal,"Categoría Clover animal existente — mantener ""Lezard""",
1482,clover_pending,KPR1F9EFH9R4E,,Rat Chow,,,pending,animal,medium,Rongeur,,69.99,,no,no,no,,Rat Chow,crear_animal,"Nombre sugiere animal vivo → categoría Clover existente ""Rongeur""",
1483,clover_pending,4JNE76PSYZC0A,,Rat Natal Fuzzy Vivant,,,pending,animal,medium,Rongeur,,4.00,,no,no,no,,Rat Natal Fuzzy Vivant,crear_animal,"Nombre sugiere animal vivo → categoría Clover existente ""Rongeur""",
1484,clover_pending,Q3SN3DCPEPKHR,,Rats Colossal,,,pending,review,low,,,8.50,0,no,no,no,,Rats Colossal,revision_manual,Sin categoría Clover y sin patrón reconocido — revisión manual,
1485,clover_pending,TVSRB92ZHXQP4,,Rats Fuzzy,Rongeur,,pending,animal,high,Rongeur,,1.90,0,no,no,no,,Rats Fuzzy,crear_animal,"Categoría Clover animal existente — mantener ""Rongeur""",
1486,clover_pending,1M4XTCZ161TYG,,Rats Fuzzy Vivant,Rongeur,,pending,animal,high,Rongeur,,3.35,0,no,no,no,,Rats Fuzzy Vivant,crear_animal,"Categoría Clover animal existente — mantener ""Rongeur""",
1487,clover_pending,EYPW32TPH6MBC,,Rats Large,Rongeur,,pending,animal,high,Rongeur,,5.60,0,no,no,no,,Rats Large,crear_animal,"Categoría Clover animal existente — mantener ""Rongeur""",
1488,clover_pending,BS1R1SFFVSKM0,,Rats Large Vivants,Rongeur,,pending,animal,high,Rongeur,,8.50,0,no,no,no,,Rats Large Vivants,crear_animal,"Categoría Clover animal existente — mantener ""Rongeur""",
1489,clover_pending,X55BZ9BFZKN88,,Rats Medium,Rongeur,,pending,animal,high,Rongeur,,4.80,0,no,no,no,,Rats Medium,crear_animal,"Categoría Clover animal existente — mantener ""Rongeur""",
1490,clover_pending,54VHVSQNBTT3E,,Rats Medium Vivants,Rongeur,,pending,animal,high,Rongeur,,8.50,0,no,no,no,,Rats Medium Vivants,crear_animal,"Categoría Clover animal existente — mantener ""Rongeur""",
1491,clover_pending,GSA3MC3AMKAJ6,,Rats Pinky,Rongeur,,pending,animal,high,Rongeur,,1.55,0,no,no,no,,Rats Pinky,crear_animal,"Categoría Clover animal existente — mantener ""Rongeur""",
1492,clover_pending,FC2D1MXTJ679G,,Rats Pinky vivant,Rongeur,,pending,animal,high,Rongeur,,2.75,0,no,no,no,,Rats Pinky vivant,crear_animal,"Categoría Clover animal existente — mantener ""Rongeur""",
1493,clover_pending,DJ8ZGHQ4ERDH2,,Rats Pups,Rongeur,,pending,animal,high,Rongeur,,2.50,0,no,no,no,,Rats Pups,crear_animal,"Categoría Clover animal existente — mantener ""Rongeur""",
1494,clover_pending,9VNZ4CJ784QPY,,Rats Pups Vivant,Rongeur,,pending,animal,high,Rongeur,,4.15,0,no,no,no,,Rats Pups Vivant,crear_animal,"Categoría Clover animal existente — mantener ""Rongeur""",
1495,clover_pending,9CAE437QKN00J,,Rats Small,Rongeur,,pending,animal,high,Rongeur,,3.30,0,no,no,no,,Rats Small,crear_animal,"Categoría Clover animal existente — mantener ""Rongeur""",
1496,clover_pending,X1MBAW7R94X5P,,Rats Small Vivant,Rongeur,,pending,animal,high,Rongeur,,8.50,0,no,no,no,,Rats Small Vivant,crear_animal,"Categoría Clover animal existente — mantener ""Rongeur""",
1497,clover_pending,SBERKVJASSBKE,,Rats Weanling,Rongeur,,pending,animal,high,Rongeur,,2.90,0,no,no,no,,Rats Weanling,crear_animal,"Categoría Clover animal existente — mantener ""Rongeur""",
1498,clover_pending,WCCG20FPMSSE0,,Rats Weanling Vivant,Rongeur,,pending,animal,high,Rongeur,,5.85,0,no,no,no,,Rats Weanling Vivant,crear_animal,"Categoría Clover animal existente — mantener ""Rongeur""",
1499,clover_pending,TE7480FBRQ8E4,,Rats X-Large,Rongeur,,pending,animal,high,Rongeur,,6.70,0,no,no,no,,Rats X-Large,crear_animal,"Categoría Clover animal existente — mantener ""Rongeur""",
1500,clover_pending,5DTPTZ8R3DNT2,,Rats XX-Large,Rongeur,,pending,animal,high,Rongeur,,6.85,0,no,no,no,,Rats XX-Large,crear_animal,"Categoría Clover animal existente — mantener ""Rongeur""",
1501,clover_pending,C9QGJY8QN06YP,,Rats XXX-Large,Rongeur,,pending,animal,high,Rongeur,,7.65,0,no,no,no,,Rats XXX-Large,crear_animal,"Categoría Clover animal existente — mantener ""Rongeur""",
1502,clover_pending,9Q0WCSBKF9J0R,,Red Wiggler / Vers de Terre Rouge,,,pending,review,low,,,13.59,0,no,no,no,,Red Wiggler / Vers de Terre Rouge,revision_manual,Sin categoría Clover y sin patrón reconocido — revisión manual,
1503,clover_pending,YDG0WC1ENSTC4,,Rhino Ratsnake BB Green,Serpent,,pending,animal,high,Serpent,,800.00,,no,no,no,,Rhino Ratsnake BB Green,crear_animal,"Categoría Clover animal existente — mantener ""Serpent""",
1504,clover_pending,1YJRNHCMQGCRJ,,"SBG SunBlaster Mini Greenhouse Kit - 18"" LED",,,pending,review,low,,,109.99,,no,no,no,,"SunBlaster Mini Greenhouse Kit - 18"" LED",revision_manual,Sin categoría Clover y sin patrón reconocido — revisión manual,
1505,clover_pending,J7SY3V6Y9W064,,SCA Salvinia cullculata  Aquatic,,,pending,review,low,,,3.99,,no,no,no,,Salvinia cullculata  Aquatic,revision_manual,Sin categoría Clover y sin patrón reconocido — revisión manual,
1506,clover_pending,P54MQ5WEQSVV8,,SMAC Aspen Chips Nepco 8 Cu Ft,,,pending,review,low,,,148.99,0,no,no,no,,Aspen Chips Nepco 8 Cu Ft,revision_manual,Sin categoría Clover y sin patrón reconocido — revisión manual,
1507,clover_pending,SNX4A7WNS6XX0,,Sand Boa 100% Het Paradox Alb 66% het anery BB MAT,Serpent,,pending,animal,high,Serpent,,150.00,,no,no,no,,Sand Boa 100% Het Paradox Alb 66% het anery BB MAT,crear_animal,"Categoría Clover animal existente — mantener ""Serpent""",
1508,clover_pending,R23RA342YG11C,,Sand Boa Anery BB,Serpent,,pending,animal,high,Serpent,,225.00,,no,no,no,,Sand Boa Anery BB,crear_animal,"Categoría Clover animal existente — mantener ""Serpent""",
1509,clover_pending,YZQWJWKNVED52,,Sand Boa Anery Pepered BB,Serpent,,pending,animal,high,Serpent,,400.00,,no,no,no,,Sand Boa Anery Pepered BB,crear_animal,"Categoría Clover animal existente — mantener ""Serpent""",
1510,clover_pending,A7N3HAY4A0EVY,,Sand Boa Pepered BB,Serpent,,pending,animal,high,Serpent,,250.00,,no,no,no,,Sand Boa Pepered BB,crear_animal,"Categoría Clover animal existente — mantener ""Serpent""",
1511,clover_pending,E96B91QDJ5G72,,Sand Boa Rough Scaled,Serpent,,pending,animal,high,Serpent,,200.00,,no,no,no,,Sand Boa Rough Scaled,crear_animal,"Categoría Clover animal existente — mantener ""Serpent""",
1512,clover_pending,Q27QQ040CGDFE,,Sand Boa Saharan Femelle,Serpent,,pending,animal,high,Serpent,,225.00,,no,no,no,,Sand Boa Saharan Femelle,crear_animal,"Categoría Clover animal existente — mantener ""Serpent""",
1513,clover_pending,H4SCN6XXQ2A1T,,Sand Boa Striped MV Male,Serpent,,pending,animal,high,Serpent,,250.00,,no,no,no,,Sand Boa Striped MV Male,crear_animal,"Categoría Clover animal existente — mantener ""Serpent""",
1514,clover_pending,4W4GDZKWBDCMW,,Sand Boa Striped bb,Serpent,,pending,animal,high,Serpent,,225.00,,no,no,no,,Sand Boa Striped bb,crear_animal,"Categoría Clover animal existente — mantener ""Serpent""",
1515,clover_pending,1QVSYAJ7A7FJ4,,Sandfish,Lezard,,pending,animal,high,Lezard,,70.00,,no,no,no,,Sandfish,crear_animal,"Categoría Clover animal existente — mantener ""Lezard""",
1516,clover_pending,X8SW8R7FJ9DXR,,Scaleless Everglades Fem AD,Serpent,,pending,animal,high,Serpent,,300.00,,no,no,no,,Scaleless Everglades Fem AD,crear_animal,"Categoría Clover animal existente — mantener ""Serpent""",
1517,clover_pending,6961PBR0RCHEM,,Schneider Skink,Lezard,,pending,animal,high,Lezard,,150.00,,no,no,no,,Schneider Skink,crear_animal,"Categoría Clover animal existente — mantener ""Lezard""",
1518,clover_pending,SS8PSZJ71GMH0,,Schrenkii (Male black russian ratsnake),Serpent,,pending,animal,high,Serpent,,250.00,,no,no,no,,Schrenkii (Male black russian ratsnake),crear_animal,"Categoría Clover animal existente — mantener ""Serpent""",
1519,clover_pending,TFP3R0N09KE8E,,Shiping Corn scaleless Okeetee BB,,,pending,review,low,,,73.94,,no,no,no,,Shiping Corn scaleless Okeetee BB,revision_manual,Sin categoría Clover y sin patrón reconocido — revisión manual,
1520,clover_pending,41G59E8TPJATC,,Skink Occelated,Lezard,,pending,animal,high,Lezard,,50.00,,no,no,no,,Skink Occelated,crear_animal,"Categoría Clover animal existente — mantener ""Lezard""",
1521,clover_pending,7M3EYGBN4JN8J,,Snow Pine,Serpent,,pending,animal,high,Serpent,,600.00,,no,no,no,,Snow Pine,crear_animal,"Categoría Clover animal existente — mantener ""Serpent""",
1522,clover_pending,6ZTG1NY2TWHPM,,Souris Adulte,Rongeur,,pending,animal,high,Rongeur,,2.00,0,no,no,no,,Souris Adulte,crear_animal,"Categoría Clover animal existente — mantener ""Rongeur""",
1523,clover_pending,1A39D2J17YS1Y,,Souris Fuzzy,Rongeur,,pending,animal,high,Rongeur,,1.10,0,no,no,no,,Souris Fuzzy,crear_animal,"Categoría Clover animal existente — mantener ""Rongeur""",
1524,clover_pending,HYB81M460YM34,,Souris Hopper,Rongeur,,pending,animal,high,Rongeur,,1.30,0,no,no,no,,Souris Hopper,crear_animal,"Categoría Clover animal existente — mantener ""Rongeur""",
1525,clover_pending,7N2N3Q1M28R7M,,Souris Jumbo,Rongeur,,pending,animal,high,Rongeur,,2.25,0,no,no,no,,Souris Jumbo,crear_animal,"Categoría Clover animal existente — mantener ""Rongeur""",
1526,clover_pending,0R6KBPVRSDQ2Y,,Souris Pinky,Rongeur,,pending,animal,high,Rongeur,,0.70,0,no,no,no,,Souris Pinky,crear_animal,"Categoría Clover animal existente — mantener ""Rongeur""",
1527,clover_pending,PHCHCH95H7EJJ,,Souris Vivant Adulte,Rongeur,,pending,animal,high,Rongeur,,4.40,0,no,no,no,,Souris Vivant Adulte,crear_animal,"Categoría Clover animal existente — mantener ""Rongeur""",
1528,clover_pending,86K7VE5MB47WP,,Souris Vivant Fuzzy,Rongeur,,pending,animal,high,Rongeur,,1.70,0,no,no,no,,Souris Vivant Fuzzy,crear_animal,"Categoría Clover animal existente — mantener ""Rongeur""",
1529,clover_pending,MM1K605G4BR02,,Souris Vivant Hopper,Rongeur,,pending,animal,high,Rongeur,,2.15,0,no,no,no,,Souris Vivant Hopper,crear_animal,"Categoría Clover animal existente — mantener ""Rongeur""",
1530,clover_pending,JXS3DGC5JMT2J,,Souris Vivant Pinky,Rongeur,,pending,animal,high,Rongeur,,1.50,0,no,no,no,,Souris Vivant Pinky,crear_animal,"Categoría Clover animal existente — mantener ""Rongeur""",
1531,clover_pending,GR62ZJZDX3EQG,,Souris Weaned,Rongeur,,pending,animal,high,Rongeur,,1.80,0,no,no,no,,Souris Weaned,crear_animal,"Categoría Clover animal existente — mantener ""Rongeur""",
1532,clover_pending,19P5B8X2JHMDY,,Speckled Kingsnake Femelle,Serpent,,pending,animal,high,Serpent,,200.00,,no,no,no,,Speckled Kingsnake Femelle,crear_animal,"Categoría Clover animal existente — mantener ""Serpent""",
1533,clover_pending,314XY9173HJZG,,Speckled Kingsnake Male,Serpent,,pending,animal,high,Serpent,,200.00,,no,no,no,,Speckled Kingsnake Male,crear_animal,"Categoría Clover animal existente — mantener ""Serpent""",
1534,clover_pending,XT72JSJRES3TM,,Spiney Tail Iguana Piebald,Lezard,,pending,animal,high,Lezard,,1400.00,,no,no,no,,Spiney Tail Iguana Piebald,crear_animal,"Categoría Clover animal existente — mantener ""Lezard""",
1535,clover_pending,RD40WBQRCV8B2,,Spotted Pyhton Male AD,Serpent,,pending,animal,high,Serpent,,350.00,,no,no,no,,Spotted Pyhton Male AD,crear_animal,"Categoría Clover animal existente — mantener ""Serpent""",
1536,clover_pending,KTJ890M3XVE0J,,Sprayer 1.5L,,,pending,review,low,,,5.00,,no,no,no,,Sprayer 1.5L,revision_manual,Sin categoría Clover y sin patrón reconocido — revisión manual,
1537,clover_pending,E30QZN9VP3Z4R,,Sudan Plated Lizard,Lezard,,pending,animal,high,Lezard,,300.00,0,no,no,no,,Sudan Plated Lizard,crear_animal,"Categoría Clover animal existente — mantener ""Lezard""",
1538,clover_pending,11X1RNP987A1E,,Sunburst Ant Nectar (by Formica) 120ml,,,pending,review,low,,,28.99,,no,no,no,,Sunburst Ant Nectar (by Formica) 120ml,revision_manual,Sin categoría Clover y sin patrón reconocido — revisión manual,
1539,clover_pending,2SZNG6KAM106P,,Sunburst Ant Nectar (by Formica) 240ml,,,pending,review,low,,,35.99,,no,no,no,,Sunburst Ant Nectar (by Formica) 240ml,revision_manual,Sin categoría Clover y sin patrón reconocido — revisión manual,
1540,clover_pending,CXHB1CD45DWVJ,,Sunburst Ant Nectar (by Formica) 60 ml,,,pending,review,low,,,21.99,,no,no,no,,Sunburst Ant Nectar (by Formica) 60 ml,revision_manual,Sin categoría Clover y sin patrón reconocido — revisión manual,
1541,clover_pending,0RNQM7GYNZNC2,,T. Tomentosa Dwarf White 20+,,,pending,review,low,,,9.99,,no,no,no,,T. Tomentosa Dwarf White 20+,revision_manual,Sin categoría Clover y sin patrón reconocido — revisión manual,
1542,clover_pending,FKWXE3FB1X6XJ,,TC Magnet Nest / Nid,,,pending,review,low,,,15.99,,no,no,no,,Magnet Nest / Nid,revision_manual,Sin categoría Clover y sin patrón reconocido — revisión manual,
1543,clover_pending,MP2Y86JVTCV9C,,TC Magnet Water Vial / Flacon d'eau,,,pending,review,low,,,13.99,,no,no,no,,Magnet Water Vial / Flacon d'eau,revision_manual,Sin categoría Clover y sin patrón reconocido — revisión manual,
1544,clover_pending,RF1Y82JBECHYY,,TC1 Berceaux Mygale - Casket mini 6''x3''x3'',,,pending,review,low,,,59.99,,no,no,no,,Berceaux Mygale - Casket mini 6''x3''x3'',revision_manual,Sin categoría Clover y sin patrón reconocido — revisión manual,
1545,clover_pending,S7MTTBJXSZ1V8,,TC10 Tarantula Cribs Coffin Large,,,pending,animal,medium,Isopod et Araignee et Fourmis,,249.99,,no,no,no,,Tarantula Cribs Coffin Large,crear_animal,"Nombre sugiere animal vivo → categoría Clover existente ""Isopod et Araignee et Fourmis""",
1546,clover_pending,ZRAFNQ15X8MVG,,TC2 Cube 4 x 4x 4,,,pending,review,low,,,36.50,,no,no,no,,Cube 4 x 4x 4,revision_manual,Sin categoría Clover y sin patrón reconocido — revisión manual,
1547,clover_pending,KS3D9339GHAP8,,"TC3 Berceaux Mygale - Canopy Mini 3""",,,pending,review,low,,,31.50,,no,no,no,,"Berceaux Mygale - Canopy Mini 3""",revision_manual,Sin categoría Clover y sin patrón reconocido — revisión manual,
1548,clover_pending,7SA02XTPM008A,,TC4 Berceaux Mygale - Small Treehouse Switch- Clear Back,,,pending,review,low,,,62.99,,no,no,no,,Berceaux Mygale - Small Treehouse Switch- Clear Back,revision_manual,Sin categoría Clover y sin patrón reconocido — revisión manual,
1549,clover_pending,XBPRJB18X7KDW,,TC5 Berceaux Mygale - Canopy - Understory 3x3x6,,,pending,review,low,,,41.99,,no,no,no,,Berceaux Mygale - Canopy - Understory 3x3x6,revision_manual,Sin categoría Clover y sin patrón reconocido — revisión manual,
1550,clover_pending,7DYDRRTFQPY48,,TC6 Berceaux Mygale - Canopy - Flat top 3x3x6,,,pending,review,low,,,41.99,,no,no,no,,Berceaux Mygale - Canopy - Flat top 3x3x6,revision_manual,Sin categoría Clover y sin patrón reconocido — revisión manual,
1551,clover_pending,92G345GWVXBNA,,"TC7 Tarantula Cribs - Treehouse Mini 2""x2""x3""",,,pending,animal,medium,Isopod et Araignee et Fourmis,,26.25,,no,no,no,,"Tarantula Cribs - Treehouse Mini 2""x2""x3""",crear_animal,"Nombre sugiere animal vivo → categoría Clover existente ""Isopod et Araignee et Fourmis""",
1552,clover_pending,FHSM0RWWW5NN0,,TC8 Medium Coffin Green Glitter 10''x5''x5'',,,pending,review,low,,,89.99,,no,no,no,,Medium Coffin Green Glitter 10''x5''x5'',revision_manual,Sin categoría Clover y sin patrón reconocido — revisión manual,
1553,clover_pending,WCQE5STSQNB96,,TC9 Tarantula Kat Sweet Dreams Blue,,,pending,animal,medium,Isopod et Araignee et Fourmis,,52.49,,no,no,no,,Tarantula Kat Sweet Dreams Blue,crear_animal,"Nombre sugiere animal vivo → categoría Clover existente ""Isopod et Araignee et Fourmis""",
1554,clover_pending,Z42B7NN4AQ0QA,,Tad-Pool mix color,,,pending,review,low,,,21.99,0,no,no,no,,Tad-Pool mix color,revision_manual,Sin categoría Clover y sin patrón reconocido — revisión manual,
1555,clover_pending,4J5D5Z2EBJ300,,Taiwan Beauty Snake AD,Serpent,,pending,animal,high,Serpent,,200.00,,no,no,no,,Taiwan Beauty Snake AD,crear_animal,"Categoría Clover animal existente — mantener ""Serpent""",
1556,clover_pending,K171EPA5JCZY8,,Taiwan Beauty Snake BB,Serpent,,pending,animal,high,Serpent,,350.00,,no,no,no,,Taiwan Beauty Snake BB,crear_animal,"Categoría Clover animal existente — mantener ""Serpent""",
1557,clover_pending,STGBNF1SSAV42,,Tessera Scaleless bb male,Serpent,,pending,animal,high,Serpent,,600.00,,no,no,no,,Tessera Scaleless bb male,crear_animal,"Categoría Clover animal existente — mantener ""Serpent""",
1558,clover_pending,SSZT133VF4F9Y,,Texas Lucy Het Scaleless Fem AD,Serpent,,pending,animal,high,Serpent,,500.00,,no,no,no,,Texas Lucy Het Scaleless Fem AD,crear_animal,"Categoría Clover animal existente — mantener ""Serpent""",
1559,clover_pending,WA90HSBECD9P2,,Texas het Lucy Het scaleless Male AD,Serpent,,pending,animal,high,Serpent,,125.00,,no,no,no,,Texas het Lucy Het scaleless Male AD,crear_animal,"Categoría Clover animal existente — mantener ""Serpent""",
1560,clover_pending,Y61MF6NKB3802,,Tinctorius Yellow Back,,,pending,review,low,,,130.00,,no,no,no,,Tinctorius Yellow Back,revision_manual,Sin categoría Clover y sin patrón reconocido — revisión manual,
1561,clover_pending,TD964NGT5C7CJ,,Tliltocatl Kahlenbetgi,,,pending,review,low,,,75.00,0,no,no,no,,Tliltocatl Kahlenbetgi,revision_manual,Sin categoría Clover y sin patrón reconocido — revisión manual,
1562,clover_pending,4TV8RMZVX75YR,,Tokay BB a Juvénile,Lezard,,pending,animal,high,Lezard,,200.00,,no,no,no,,Tokay BB a Juvénile,crear_animal,"Categoría Clover animal existente — mantener ""Lezard""",
1563,clover_pending,WRCJWJB0M2WDW,,Tokay Gecko AD,Lezard,,pending,animal,high,Lezard,,60.00,,no,no,no,,Tokay Gecko AD,crear_animal,"Categoría Clover animal existente — mantener ""Lezard""",
1564,clover_pending,3GWR32DR0YRT6,,Tortue Chinese Godentred Yearling,,,pending,animal,medium,Serpent,,200.00,,no,no,no,,Tortue Chinese Godentred Yearling,crear_animal,"Nombre sugiere animal vivo → categoría Clover existente ""Serpent""",
1565,clover_pending,Q8583YKPS060G,,Tortue Chinese Yellowthread,,,pending,animal,medium,Serpent,,200.00,,no,no,no,,Tortue Chinese Yellowthread,crear_animal,"Nombre sugiere animal vivo → categoría Clover existente ""Serpent""",
1566,clover_pending,N3J94N65DER60,,Tortue Costa rican Ornate,,,pending,animal,medium,Serpent,,200.00,,no,no,no,,Tortue Costa rican Ornate,crear_animal,"Nombre sugiere animal vivo → categoría Clover existente ""Serpent""",
1567,clover_pending,DQ2ZD86SH0G5W,,Tortue Grecque,,,pending,animal,medium,Serpent,,500.00,,no,no,no,,Tortue Grecque,crear_animal,"Nombre sugiere animal vivo → categoría Clover existente ""Serpent""",
1568,clover_pending,CEEA2VTCA8WBW,,Tortue Herman BB,,,pending,animal,medium,Serpent,,700.00,,no,no,no,,Tortue Herman BB,crear_animal,"Nombre sugiere animal vivo → categoría Clover existente ""Serpent""",
1569,clover_pending,Y1SKBZNNCFKVR,,Tortue Hermann Male,,,pending,animal,medium,Serpent,,600.00,,no,no,no,,Tortue Hermann Male,crear_animal,"Nombre sugiere animal vivo → categoría Clover existente ""Serpent""",
1570,clover_pending,ZHJD1AM3MAAPA,,Tortue Mississippi Map Turtle,,,pending,animal,medium,Serpent,,250.00,,no,no,no,,Tortue Mississippi Map Turtle,crear_animal,"Nombre sugiere animal vivo → categoría Clover existente ""Serpent""",
1571,clover_pending,F8Q8QD8NBXPE8,,Tortue Ornata Ornata Western,,,pending,animal,medium,Serpent,,700.00,,no,no,no,,Tortue Ornata Ornata Western,crear_animal,"Nombre sugiere animal vivo → categoría Clover existente ""Serpent""",
1572,clover_pending,NRDZDRY5KKNWC,,Tortue Ornata Wood,,,pending,animal,medium,Serpent,,400.00,,no,no,no,,Tortue Ornata Wood,crear_animal,"Nombre sugiere animal vivo → categoría Clover existente ""Serpent""",
1573,clover_pending,STJMNGRKK8PS8,,Tortue Redfooted BB,,,pending,animal,medium,Serpent,,600.00,0,no,no,no,,Tortue Redfooted BB,crear_animal,"Nombre sugiere animal vivo → categoría Clover existente ""Serpent""",
1574,clover_pending,7K72K60FPSWN2,,Tortue Reeve's,,,pending,animal,medium,Serpent,,275.00,0,no,no,no,,Tortue Reeve's,crear_animal,"Nombre sugiere animal vivo → categoría Clover existente ""Serpent""",
1575,clover_pending,P0P6QDD4TA81W,,Tortue Russe,,,pending,animal,medium,Serpent,,600.00,,no,no,no,,Tortue Russe,crear_animal,"Nombre sugiere animal vivo → categoría Clover existente ""Serpent""",
1576,clover_pending,Y6NEJBVG9A9KP,,Tortue Sulcata,,,pending,animal,medium,Serpent,,600.00,,no,no,no,,Tortue Sulcata,crear_animal,"Nombre sugiere animal vivo → categoría Clover existente ""Serpent""",
1577,clover_pending,4MEQB8PV83SBE,,Tortue Yellow Bellied BB,,,pending,animal,medium,Serpent,,200.00,,no,no,no,,Tortue Yellow Bellied BB,crear_animal,"Nombre sugiere animal vivo → categoría Clover existente ""Serpent""",
1578,clover_pending,8ANXRAE44K5E4,,Trichoniscus Sp. Dwarf Purple 20+,,,pending,review,low,,,12.00,,no,no,no,,Trichoniscus Sp. Dwarf Purple 20+,revision_manual,Sin categoría Clover y sin patrón reconocido — revisión manual,
1579,clover_pending,6TDCW7SYSWC88,,Trioceros Jacksonnii Xantholophus,Lezard,,pending,animal,high,Lezard,,300.00,,no,no,no,,Trioceros Jacksonnii Xantholophus,crear_animal,"Categoría Clover animal existente — mantener ""Lezard""",
1580,clover_pending,S678QA1PPTF6G,,Triton Espagnol Leucy,Lezard,,pending,animal,high,Lezard,,100.00,,no,no,no,,Triton Espagnol Leucy,crear_animal,"Categoría Clover animal existente — mantener ""Lezard""",
1581,clover_pending,92TXGW7D32ADW,,Triton Espagnol Wild type,Lezard,,pending,animal,high,Lezard,,70.00,,no,no,no,,Triton Espagnol Wild type,crear_animal,"Categoría Clover animal existente — mantener ""Lezard""",
1582,clover_pending,N4EJTY26KTH5Y,,Trout Chow,,,pending,review,low,,,65.00,,no,no,no,,Trout Chow,revision_manual,Sin categoría Clover y sin patrón reconocido — revisión manual,
1583,clover_pending,K9PA33MJYPSM4,,Uromastyx Niger,Lezard,,pending,animal,high,Lezard,,225.00,,no,no,no,,Uromastyx Niger,crear_animal,"Categoría Clover animal existente — mantener ""Lezard""",
1584,clover_pending,0XZZ913WZQAHE,,Uromastyx Noir AD,Lezard,,pending,animal,high,Lezard,,400.00,,no,no,no,,Uromastyx Noir AD,crear_animal,"Categoría Clover animal existente — mantener ""Lezard""",
1585,clover_pending,NHQS3MDWN75T8,,Uromastyx Ornata,Lezard,,pending,animal,high,Lezard,,550.00,0,no,no,no,,Uromastyx Ornata,crear_animal,"Categoría Clover animal existente — mantener ""Lezard""",
1586,clover_pending,0EDSTDSRRW1GA,,V-Beurre / Butter 10,,,pending,review,low,,,10.00,,no,no,no,,V-Beurre / Butter 10,revision_manual,Sin categoría Clover y sin patrón reconocido — revisión manual,
1587,clover_pending,168AA2GMK10C2,,V-Beurre / Butter 100,,,pending,review,low,,,100.00,,no,no,no,,V-Beurre / Butter 100,revision_manual,Sin categoría Clover y sin patrón reconocido — revisión manual,
1588,clover_pending,WWHEJ3GYTQNDY,,V-Beurre / Butter 25,,,pending,review,low,,,25.00,,no,no,no,,V-Beurre / Butter 25,revision_manual,Sin categoría Clover y sin patrón reconocido — revisión manual,
1589,clover_pending,T4GXEVFTDJWM6,,V-Beurre / Butter 50,,,pending,review,low,,,50.00,,no,no,no,,V-Beurre / Butter 50,revision_manual,Sin categoría Clover y sin patrón reconocido — revisión manual,
1590,clover_pending,WWJ5RHJY8M6JY,,Varan Guileni BB,Lezard,,pending,animal,high,Lezard,,1250.00,,no,no,no,,Varan Guileni BB,crear_animal,"Categoría Clover animal existente — mantener ""Lezard""",
1591,clover_pending,7C0RB93FSYGD4,,Varan Kimberly Rock,Lezard,,pending,animal,high,Lezard,,900.00,,no,no,no,,Varan Kimberly Rock,crear_animal,"Categoría Clover animal existente — mantener ""Lezard""",
1592,clover_pending,RE8BZDMDCBXBW,,Varan Peachthroat,Lezard,,pending,animal,high,Lezard,,500.00,,no,no,no,,Varan Peachthroat,crear_animal,"Categoría Clover animal existente — mantener ""Lezard""",
1593,clover_pending,M33VFNGWQB0HM,,Varan Savanah,Lezard,,pending,animal,high,Lezard,,100.00,,no,no,no,,Varan Savanah,crear_animal,"Categoría Clover animal existente — mantener ""Lezard""",
1594,clover_pending,D1ND5CTXEECFE,,Varan Tristis BB,Lezard,,pending,animal,high,Lezard,,1300.00,,no,no,no,,Varan Tristis BB,crear_animal,"Categoría Clover animal existente — mantener ""Lezard""",
1595,clover_pending,8G2PSQVACR35G,,Vietnamese Blue Beauty BB RC,Serpent,,pending,animal,high,Serpent,,475.00,,no,no,no,,Vietnamese Blue Beauty BB RC,crear_animal,"Categoría Clover animal existente — mantener ""Serpent""",
1596,clover_pending,7GW5P5F4TPW0E,,WPGD Pangea Watermelon Complete Gecko Diet,,,pending,animal,medium,Lezard,,62.99,,no,no,no,,Pangea Watermelon Complete Gecko Diet,crear_animal,"Nombre sugiere animal vivo → categoría Clover existente ""Lezard""",
1597,clover_pending,NPVQXS759DS50,,WSG-2 Pangea Succulent Garden #2,,,pending,review,low,,,28.99,0,no,no,no,,WSG-2 Pangea Succulent Garden #2,revision_manual,Sin categoría Clover y sin patrón reconocido — revisión manual,
1598,clover_pending,W7F2GQSNXVR2A,,Water Snake,Serpent,,pending,animal,high,Serpent,,100.00,,no,no,no,,Water Snake,crear_animal,"Categoría Clover animal existente — mantener ""Serpent""",
1599,clover_pending,GBSXK2CKAYRCG,,Watermelon femelle,Serpent,,pending,animal,high,Serpent,,400.00,,no,no,no,,Watermelon femelle,crear_animal,"Categoría Clover animal existente — mantener ""Serpent""",
1600,clover_pending,DP0MX0E9QDA58,,White Sided Bullsnake,Serpent,,pending,animal,high,Serpent,,450.00,,no,no,no,,White Sided Bullsnake,crear_animal,"Categoría Clover animal existente — mantener ""Serpent""",
1601,clover_pending,H124565THTE8M,,X46025 Oase Cleaner Pump,,,pending,product,medium,Piece Remplacement/ Electronique,equipment,23.99,,no,no,no,,Oase Cleaner Pump,bulk_create_product,"Patrón nombre → Clover ""Piece Remplacement/ Electronique"" / sitio ""equipment""",
1602,clover_pending,DYG05SK6RNV04,,Yellow Tail Cribo Adult Male,Serpent,,pending,animal,high,Serpent,,2400.00,,no,no,no,,Yellow Tail Cribo Adult Male,crear_animal,"Categoría Clover animal existente — mantener ""Serpent""",
1603,clover_pending,2X7ZHM22N6912,,Z112F Aquatic Turtle Lighting Combo,,,pending,review,low,,,57.99,,no,no,no,,Aquatic Turtle Lighting Combo,revision_manual,Sin categoría Clover y sin patrón reconocido — revisión manual,
1604,clover_pending,Z88DWD2FHKW28,,Z114 Zoomed Wire Cage Clamp Lamp,,,pending,review,low,,,32.99,,no,no,no,Zoo Med,Zoomed Wire Cage Clamp Lamp,revision_manual,Sin categoría Clover y sin patrón reconocido — revisión manual,
1605,clover_pending,9GVSZ4TNY070G,,Z115,,,pending,review,low,,,48.99,,no,no,no,,Z115,revision_manual,Sin categoría Clover y sin patrón reconocido — revisión manual,
1606,clover_pending,8SYHEZN6J5DZA,,Z115M,,,pending,review,low,,,38.99,0,no,no,no,,Z115M,revision_manual,Sin categoría Clover y sin patrón reconocido — revisión manual,
1607,clover_pending,2XH3N9VPFCNEM,,Z115O,,,pending,review,low,,,51.99,0,no,no,no,,Z115O,revision_manual,Sin categoría Clover y sin patrón reconocido — revisión manual,
1608,clover_pending,35T1QZV5SWVQR,,Z115P,,,pending,review,low,,,58.99,,no,no,no,,Z115P,revision_manual,Sin categoría Clover y sin patrón reconocido — revisión manual,
1609,clover_pending,FP4QRFHSQXV5W,,Z115R,,,pending,review,low,,,102.99,,no,no,no,,Z115R,revision_manual,Sin categoría Clover y sin patrón reconocido — revisión manual,
1610,clover_pending,XX6Y7H35X8MSE,,Z116 Repti Lamp Stand (20-100 Gal)  LF-20,,,pending,review,low,,,60.99,0,no,no,no,,Repti Lamp Stand (20-100 Gal)  LF-20,revision_manual,Sin categoría Clover y sin patrón reconocido — revisión manual,
1611,clover_pending,ND45KA25481AA,,Z116S Economy Lamp Stand (10-20 Gal)  LF-21,,,pending,review,low,,,51.99,0,no,no,no,,Economy Lamp Stand (10-20 Gal)  LF-21,revision_manual,Sin categoría Clover y sin patrón reconocido — revisión manual,
1612,clover_pending,21T49WXV61WWR,,Z126B Reptile Digital min-max Thermometer,,,pending,product,medium,Piece Remplacement/ Electronique,equipment,24.99,0,no,no,no,,Reptile Digital min-max Thermometer,bulk_create_product,"Patrón nombre → Clover ""Piece Remplacement/ Electronique"" / sitio ""equipment""",
1613,clover_pending,QP2KB512QJ65Y,,Z150C Repti Rapids LED Waterfall Wood MD,,,pending,review,low,,,119.99,,no,no,no,,Repti Rapids LED Waterfall Wood MD,revision_manual,Sin categoría Clover y sin patrón reconocido — revisión manual,
1614,clover_pending,7B1X8PCVK5N10,,Z153,,,pending,review,low,,,319.99,,no,no,no,,Z153,revision_manual,Sin categoría Clover y sin patrón reconocido — revisión manual,
1615,clover_pending,SHWTBXDYF8VR2,,Z159M ZooMed Turtle Dock 15 gal MD,,,pending,review,low,,,42.99,,no,no,no,Zoo Med,ZooMed Turtle Dock 15 gal MD,revision_manual,Sin categoría Clover y sin patrón reconocido — revisión manual,
1616,clover_pending,X6Y0JK1KHRWNE,,Z159S,,,pending,review,low,,,21.99,,no,no,no,,Z159S,revision_manual,Sin categoría Clover y sin patrón reconocido — revisión manual,
1617,clover_pending,QRSHKA00CYGA6,,Z159X ZooMed Floating Turtle Dock X-Large,,,pending,product,medium,Decoration,decor,111.99,,no,no,no,Zoo Med,ZooMed Floating Turtle Dock X-Large,bulk_create_product,"Patrón nombre → Clover ""Decoration"" / sitio ""decor""",
1618,clover_pending,NCWMEPW5NNVKY,,Z160C Nano 10/30 Carbon (1 pack),,,pending,review,low,,,7.99,,no,no,no,,Nano 10/30 Carbon (1 pack),revision_manual,Sin categoría Clover y sin patrón reconocido — revisión manual,
1619,clover_pending,P3D31AEYEQY90,,Z160CM Nano 10/30 Ceramic Media,,,pending,review,low,,,7.99,,no,no,no,,Nano 10/30 Ceramic Media,revision_manual,Sin categoría Clover y sin patrón reconocido — revisión manual,
1620,clover_pending,DBWK77SA3D552,,Z160MS Mechanical Sponge Nano 10,,,pending,review,low,,,7.99,,no,no,no,,Mechanical Sponge Nano 10,revision_manual,Sin categoría Clover y sin patrón reconocido — revisión manual,
1621,clover_pending,S9VWHAAQNFN4T,,Z162 Macro 50 External Canister Filter,,,pending,product,medium,Piece Remplacement/ Electronique,equipment,199.99,,no,no,no,,Macro 50 External Canister Filter,bulk_create_product,"Patrón nombre → Clover ""Piece Remplacement/ Electronique"" / sitio ""equipment""",
1622,clover_pending,WNNBZSG4KHYNJ,,Z162C Macro 50/75 Carbon (2 pack),,,pending,review,low,,,13.99,,no,no,no,,Macro 50/75 Carbon (2 pack),revision_manual,Sin categoría Clover y sin patrón reconocido — revisión manual,
1623,clover_pending,9VC1ZAJE4KZYC,,Z162MS Mechanical Sponge Macro 50,,,pending,review,low,,,16.99,,no,no,no,,Mechanical Sponge Macro 50,revision_manual,Sin categoría Clover y sin patrón reconocido — revisión manual,
1624,clover_pending,1HEE2YK5DB708,,Z162PS  Pre Filter Sponge Macro 50,,,pending,product,medium,Piece Remplacement/ Electronique,equipment,17.99,,no,no,no,,Pre Filter Sponge Macro 50,bulk_create_product,"Patrón nombre → Clover ""Piece Remplacement/ Electronique"" / sitio ""equipment""",
1625,clover_pending,9TFV1DGP46DG0,,Z164 Zoomed Ceramic Catfish Log,,,pending,review,low,,,13.49,,no,no,no,Zoo Med,Zoomed Ceramic Catfish Log,revision_manual,Sin categoría Clover y sin patrón reconocido — revisión manual,
1626,clover_pending,HSRP6B2EQ5WWT,,Z166 Turtleclean Filter (10Gal),,,pending,product,medium,Piece Remplacement/ Electronique,equipment,29.25,,no,no,no,,Turtleclean Filter (10Gal),bulk_create_product,"Patrón nombre → Clover ""Piece Remplacement/ Electronique"" / sitio ""equipment""",
1627,clover_pending,8STJVNN9Y57V4,,Z166A Turtleclean Filter (10Gal) Repl. Cartridge,,,pending,product,medium,Piece Remplacement/ Electronique,equipment,5.99,,no,no,no,,Turtleclean Filter (10Gal) Repl. Cartridge,bulk_create_product,"Patrón nombre → Clover ""Piece Remplacement/ Electronique"" / sitio ""equipment""",
1628,clover_pending,BYTGNJYWZS2R2,,Z166B Turtleclean Filter (20Gal),,,pending,product,medium,Piece Remplacement/ Electronique,equipment,36.99,,no,no,no,,Turtleclean Filter (20Gal),bulk_create_product,"Patrón nombre → Clover ""Piece Remplacement/ Electronique"" / sitio ""equipment""",
1629,clover_pending,2SV50TD4Y80X0,,Z166c Turtleclean Filter (20Gal) Repl. Cartridge,,,pending,product,medium,Piece Remplacement/ Electronique,equipment,8.99,,no,no,no,,Z166c Turtleclean Filter (20Gal) Repl. Cartridge,bulk_create_product,"Patrón nombre → Clover ""Piece Remplacement/ Electronique"" / sitio ""equipment""",
1630,clover_pending,DS0R2H3W2QV54,,Z170 Repti Reservoir,,,pending,review,low,,,11.49,0,no,no,no,,Repti Reservoir,revision_manual,Sin categoría Clover y sin patrón reconocido — revisión manual,
1631,clover_pending,ZCYFWQCBCTQCW,,Z171,,,pending,review,low,,,12.99,,no,no,no,,Z171,revision_manual,Sin categoría Clover y sin patrón reconocido — revisión manual,
1632,clover_pending,QPV8CZEZRGP2C,,Z172,,,pending,review,low,,,36.99,,no,no,no,,Z172,revision_manual,Sin categoría Clover y sin patrón reconocido — revisión manual,
1633,clover_pending,775XC2YXE2BF0,,Z173,,,pending,review,low,,,54.99,,no,no,no,,Z173,revision_manual,Sin categoría Clover y sin patrón reconocido — revisión manual,
1634,clover_pending,6PV0Y8BQ6TT6M,,Z174,,,pending,review,low,,,10.99,,no,no,no,,Z174,revision_manual,Sin categoría Clover y sin patrón reconocido — revisión manual,
1635,clover_pending,BBP61QY8MA4XT,,Z174L,,,pending,review,low,,,31.99,,no,no,no,,Z174L,revision_manual,Sin categoría Clover y sin patrón reconocido — revisión manual,
1636,clover_pending,70CEV2BP5BHNA,,Z174M,,,pending,review,low,,,17.99,,no,no,no,,Z174M,revision_manual,Sin categoría Clover y sin patrón reconocido — revisión manual,
1637,clover_pending,GPXTWBR8JG5XE,,Z174X,,,pending,review,low,,,45.99,,no,no,no,,Z174X,revision_manual,Sin categoría Clover y sin patrón reconocido — revisión manual,
1638,clover_pending,RRMVFPYJC17R2,,Z175F ZooMed Repti Rock Food Dish Small,,,pending,review,low,,,5.99,0,no,no,no,Zoo Med,ZooMed Repti Rock Food Dish Small,revision_manual,Sin categoría Clover y sin patrón reconocido — revisión manual,
1639,clover_pending,BZSXN2NQ9AWJE,,Z175M Combo Repti Rock Dishes SM,,,pending,review,low,,,10.99,,no,no,no,,Combo Repti Rock Dishes SM,revision_manual,Sin categoría Clover y sin patrón reconocido — revisión manual,
1640,clover_pending,EDNSHX3NVFQXT,,Z176 Zoomed Repti Rock Water Dish small,,,pending,review,low,,,8.99,0,no,no,no,Zoo Med,Zoomed Repti Rock Water Dish small,revision_manual,Sin categoría Clover y sin patrón reconocido — revisión manual,
1641,clover_pending,1Z66082TSHE64,,Z177,,,pending,review,low,,,12.99,0,no,no,no,,Z177,revision_manual,Sin categoría Clover y sin patrón reconocido — revisión manual,
1642,clover_pending,JY90DQWWJBJ5W,,Z177F,,,pending,review,low,,,9.99,0,no,no,no,,Z177F,revision_manual,Sin categoría Clover y sin patrón reconocido — revisión manual,
1643,clover_pending,5TXGT1BNPKYGP,,Z177M Combo Repti Rock Dishes MD,,,pending,review,low,,,16.99,,no,no,no,,Combo Repti Rock Dishes MD,revision_manual,Sin categoría Clover y sin patrón reconocido — revisión manual,
1644,clover_pending,36JCZ6QQ5AXPA,,Z178F,,,pending,review,low,,,14.00,0,no,no,no,,Z178F,revision_manual,Sin categoría Clover y sin patrón reconocido — revisión manual,
1645,clover_pending,XATTBYMEMVR52,,Z178M Combo Repti Rock Dishes LG,,,pending,review,low,,,27.99,,no,no,no,,Combo Repti Rock Dishes LG,revision_manual,Sin categoría Clover y sin patrón reconocido — revisión manual,
1646,clover_pending,JV8Z85MR7YQXM,,Z179,,,pending,review,low,,,28.99,,no,no,no,,Z179,revision_manual,Sin categoría Clover y sin patrón reconocido — revisión manual,
1647,clover_pending,0XNN15TMQWQHR,,Z179F,,,pending,review,low,,,17.99,,no,no,no,,Z179F,revision_manual,Sin categoría Clover y sin patrón reconocido — revisión manual,
1648,clover_pending,6NATHTJHFWBBM,,Z179M Combo Repti Rock Dishes XL,,,pending,review,low,,,34.99,,no,no,no,,Combo Repti Rock Dishes XL,revision_manual,Sin categoría Clover y sin patrón reconocido — revisión manual,
1649,clover_pending,8XX88TT21DSK6,,Z180 Zoomed Eco Earth (1 brick),,,pending,review,low,,,7.99,0,no,no,no,Zoo Med,Zoomed Eco Earth (1 brick),revision_manual,Sin categoría Clover y sin patrón reconocido — revisión manual,
1650,clover_pending,QSZJT8N60GX64,,Z181,,,pending,review,low,,,15.49,,no,no,no,,Z181,revision_manual,Sin categoría Clover y sin patrón reconocido — revisión manual,
1651,clover_pending,7VTWGDM8EGRBP,,Z1822 Excavator 10lbs,,,pending,review,low,,,19.99,,no,no,no,,Excavator 10lbs,revision_manual,Sin categoría Clover y sin patrón reconocido — revisión manual,
1652,clover_pending,2WZKH6XDWSYEW,,Z1832 Zoomed Coconut Chips (Jumbo Brick 5kg),,,pending,review,low,,,39.99,,no,no,no,Zoo Med,Zoomed Coconut Chips (Jumbo Brick 5kg),revision_manual,Sin categoría Clover y sin patrón reconocido — revisión manual,
1653,clover_pending,0PR0R6CNJME0E,,Z184 Zoomed Reptisand - Desert White 10lbs,,,pending,review,low,,,17.99,,no,no,no,Zoo Med,Zoomed Reptisand - Desert White 10lbs,revision_manual,Sin categoría Clover y sin patrón reconocido — revisión manual,
1654,clover_pending,7FHZ5W40C5CA4,,Z185H Zoomed Eco Carpet (18x36) Breeder 40 Gal Green / Vert,,,pending,review,low,,,16.99,,no,no,no,Zoo Med,Zoomed Eco Carpet (18x36) Breeder 40 Gal Green / Vert,revision_manual,Sin categoría Clover y sin patrón reconocido — revisión manual,
1655,clover_pending,NYQ34H071SNN8,,Z187,,,pending,review,low,,,16.49,,no,no,no,,Z187,revision_manual,Sin categoría Clover y sin patrón reconocido — revisión manual,
1656,clover_pending,2QT9DF49QEAYM,,Z200P Aquatic River Pebbles 10 LB.,,,pending,review,low,,,18.99,,no,no,no,,Aquatic River Pebbles 10 LB.,revision_manual,Sin categoría Clover y sin patrón reconocido — revisión manual,
1657,clover_pending,99SWS1J4GX342,,Z201,,,pending,review,low,,,10.99,0,no,no,no,,Z201,revision_manual,Sin categoría Clover y sin patrón reconocido — revisión manual,
1658,clover_pending,D5887ANP9K0DE,,Z202,,,pending,review,low,,,10.99,,no,no,no,,Z202,revision_manual,Sin categoría Clover y sin patrón reconocido — revisión manual,
1659,clover_pending,ZJKRC6AZC4MDP,,Z203,,,pending,review,low,,,15.99,0,no,no,no,,Z203,revision_manual,Sin categoría Clover y sin patrón reconocido — revisión manual,
1660,clover_pending,TZ4VKJEA4NTCT,,Z207 ZooMed ReptiBark 4Qt,,,pending,review,low,,,9.99,,no,no,no,Zoo Med,ZooMed ReptiBark 4Qt,revision_manual,Sin categoría Clover y sin patrón reconocido — revisión manual,
1661,clover_pending,J8ZSPJHS5146E,,Z211 Repti Chips 10qt,,,pending,review,low,,,14.99,0,no,no,no,,Repti Chips 10qt,revision_manual,Sin categoría Clover y sin patrón reconocido — revisión manual,
1662,clover_pending,3EEA7M71MB1VT,,Z212 Reptichips 24qt,,,pending,review,low,,,32.99,0,no,no,no,,Reptichips 24qt,revision_manual,Sin categoría Clover y sin patrón reconocido — revisión manual,
1663,clover_pending,QG4X573WXJ36T,,Z225,,,pending,review,low,,,33.99,,no,no,no,,Z225,revision_manual,Sin categoría Clover y sin patrón reconocido — revisión manual,
1664,clover_pending,723RJ20BS5HV8,,Z230 Zoomed Powersun UV 160 Watt,,,pending,review,low,,,151.99,,no,no,no,Zoo Med,Zoomed Powersun UV 160 Watt,revision_manual,Sin categoría Clover y sin patrón reconocido — revisión manual,
1665,clover_pending,4GJT5TNBFK4S4,,Z232R Splashproof Halogen 50Watt,,,pending,review,low,,,19.99,,no,no,no,,Splashproof Halogen 50Watt,revision_manual,Sin categoría Clover y sin patrón reconocido — revisión manual,
1666,clover_pending,GBA5YGS7B8C7R,,Z232S Splashproof Halogen 75Watt,,,pending,review,low,,,18.99,,no,no,no,,Splashproof Halogen 75Watt,revision_manual,Sin categoría Clover y sin patrón reconocido — revisión manual,
1667,clover_pending,Z53XMD12REV76,,Z232T Splashproof Halogen 90 Watt,,,pending,review,low,,,25.99,0,no,no,no,,Splashproof Halogen 90 Watt,revision_manual,Sin categoría Clover y sin patrón reconocido — revisión manual,
1668,clover_pending,RDMJ0078HSRJ2,,Z251H Reptisun T8 10.0 18'',,,pending,review,low,,,60.00,,no,no,no,,Reptisun T8 10.0 18'',revision_manual,Sin categoría Clover y sin patrón reconocido — revisión manual,
1669,clover_pending,6F42975YBBBQ4,,Z253 T8 36'' Reptisun 5.0 25W,,,pending,review,low,,,51.99,,no,no,no,,T8 36'' Reptisun 5.0 25W,revision_manual,Sin categoría Clover y sin patrón reconocido — revisión manual,
1670,clover_pending,3HEZW9XQTFC0A,,Z275 Nat. Flora Reptivine,,,pending,review,low,,,13.99,,no,no,no,,Nat. Flora Reptivine,revision_manual,Sin categoría Clover y sin patrón reconocido — revisión manual,
1671,clover_pending,H3NT18A83CRB8,,Z278 Silver Mullein,,,pending,review,low,,,24.99,,no,no,no,,Silver Mullein,revision_manual,Sin categoría Clover y sin patrón reconocido — revisión manual,
1672,clover_pending,BFHV2Z255Y8S6,,Z278A Euphorbia,,,pending,review,low,,,24.99,,no,no,no,,Euphorbia,revision_manual,Sin categoría Clover y sin patrón reconocido — revisión manual,
1673,clover_pending,81YH5CQAQSTPT,,Z278B  Green Aloe,,,pending,review,low,,,11.99,,no,no,no,,Green Aloe,revision_manual,Sin categoría Clover y sin patrón reconocido — revisión manual,
1674,clover_pending,TKRASRVYSJ93A,,Z278C Red Leaf Stonecrop,,,pending,product,medium,Decoration,decor,12.99,,no,no,no,,Red Leaf Stonecrop,bulk_create_product,"Patrón nombre → Clover ""Decoration"" / sitio ""decor""",
1675,clover_pending,RDRCQ7RTF1G7M,,Z278D Burro's Tail,,,pending,review,low,,,15.99,,no,no,no,,Burro's Tail,revision_manual,Sin categoría Clover y sin patrón reconocido — revisión manual,
1676,clover_pending,ZJ7QGABKXRSNA,,Z278E Tree Houseleek,,,pending,review,low,,,13.99,0,no,no,no,,Tree Houseleek,revision_manual,Sin categoría Clover y sin patrón reconocido — revisión manual,
1677,clover_pending,4RWR8QBAW4AR8,,Z281 Nano Dome Lamp Fixture,,,pending,review,low,,,30.99,,no,no,no,,Nano Dome Lamp Fixture,revision_manual,Sin categoría Clover y sin patrón reconocido — revisión manual,
1678,clover_pending,GNVRWZX86EFET,,Z282 ZooMed Nano Combo Dome Lamp Fixture,,,pending,review,low,,,63.99,0,no,no,no,Zoo Med,ZooMed Nano Combo Dome Lamp Fixture,revision_manual,Sin categoría Clover y sin patrón reconocido — revisión manual,
1679,clover_pending,4GZ85CET60AAA,,Z282A ZooMed Nano Combo Dome Hold Down Kit,,,pending,review,low,,,8.99,,no,no,no,Zoo Med,ZooMed Nano Combo Dome Hold Down Kit,revision_manual,Sin categoría Clover y sin patrón reconocido — revisión manual,
1680,clover_pending,G0JEDSFG57VFM,,Z289 Zoomed Terra Effects Model 2 (nano led w/sound),,,pending,review,low,,,183.99,,no,no,no,Zoo Med,Zoomed Terra Effects Model 2 (nano led w/sound),revision_manual,Sin categoría Clover y sin patrón reconocido — revisión manual,
1681,clover_pending,EAPVJ84198KR2,,Z290L,,,pending,review,low,,,14.99,0,no,no,no,,Z290L,revision_manual,Sin categoría Clover y sin patrón reconocido — revisión manual,
1682,clover_pending,QE0EVP1PEQFEW,,Z290S Zoomed Plante De Plastique Mexican Phyllo Small,,,pending,review,low,,,7.49,0,no,no,no,Zoo Med,Zoomed Plante De Plastique Mexican Phyllo Small,revision_manual,Sin categoría Clover y sin patrón reconocido — revisión manual,
1683,clover_pending,6TTHFEZ99XYZP,,Z291L,,,pending,review,low,,,14.99,,no,no,no,,Z291L,revision_manual,Sin categoría Clover y sin patrón reconocido — revisión manual,
1684,clover_pending,FKTJ2PAFQ8W2R,,Z291S,,,pending,review,low,,,6.99,,no,no,no,,Z291S,revision_manual,Sin categoría Clover y sin patrón reconocido — revisión manual,
1685,clover_pending,PMFNVRG49M4WA,,Z292L,,,pending,review,low,,,14.99,,no,no,no,,Z292L,revision_manual,Sin categoría Clover y sin patrón reconocido — revisión manual,
1686,clover_pending,KGQ9G4BYD5MNW,,Z292S,,,pending,review,low,,,6.99,0,no,no,no,,Z292S,revision_manual,Sin categoría Clover y sin patrón reconocido — revisión manual,
1687,clover_pending,EVSW30ZT43JK6,,Z293M,,,pending,review,low,,,8.99,,no,no,no,,Z293M,revision_manual,Sin categoría Clover y sin patrón reconocido — revisión manual,
1688,clover_pending,PW4T6AC200P7M,,Z293S,,,pending,review,low,,,6.99,0,no,no,no,,Z293S,revision_manual,Sin categoría Clover y sin patrón reconocido — revisión manual,
1689,clover_pending,759YZXERMF6EE,,Z294L,,,pending,review,low,,,13.99,,no,no,no,,Z294L,revision_manual,Sin categoría Clover y sin patrón reconocido — revisión manual,
1690,clover_pending,3KTXJ92TMC90P,,Z294S,,,pending,review,low,,,6.99,0,no,no,no,,Z294S,revision_manual,Sin categoría Clover y sin patrón reconocido — revisión manual,
1691,clover_pending,29REE459BNQTE,,Z295L Zoomed Plante Plastique Bolivian Croton Lg,,,pending,review,low,,,14.99,0,no,no,no,Zoo Med,Zoomed Plante Plastique Bolivian Croton Lg,revision_manual,Sin categoría Clover y sin patrón reconocido — revisión manual,
1692,clover_pending,3XYEDA1JQ93TP,,Z295M,,,pending,review,low,,,8.99,,no,no,no,,Z295M,revision_manual,Sin categoría Clover y sin patrón reconocido — revisión manual,
1693,clover_pending,VVMH5M1E47YBT,,Z295S,,,pending,review,low,,,6.99,0,no,no,no,,Z295S,revision_manual,Sin categoría Clover y sin patrón reconocido — revisión manual,
1694,clover_pending,Y6538A49VDT0A,,Z296L,,,pending,review,low,,,13.99,,no,no,no,,Z296L,revision_manual,Sin categoría Clover y sin patrón reconocido — revisión manual,
1695,clover_pending,RHMTWHKFXD3K4,,Z296M,,,pending,review,low,,,8.99,,no,no,no,,Z296M,revision_manual,Sin categoría Clover y sin patrón reconocido — revisión manual,
1696,clover_pending,SPGV53T6XNFYW,,Z296S,,,pending,review,low,,,6.99,,no,no,no,,Z296S,revision_manual,Sin categoría Clover y sin patrón reconocido — revisión manual,
1697,clover_pending,ZGXSYM1GVS8JT,,Z297L Plastic Plant Borneo Star Large,,,pending,review,low,,,13.99,,no,no,no,,Plastic Plant Borneo Star Large,revision_manual,Sin categoría Clover y sin patrón reconocido — revisión manual,
1698,clover_pending,6ZSW1PYAEY0XW,,Z297S,,,pending,review,low,,,6.99,,no,no,no,,Z297S,revision_manual,Sin categoría Clover y sin patrón reconocido — revisión manual,
1699,clover_pending,V4K22Q6NX6TQ6,,Z298L,,,pending,review,low,,,13.99,,no,no,no,,Z298L,revision_manual,Sin categoría Clover y sin patrón reconocido — revisión manual,
1700,clover_pending,6V3F5JXWXECNW,,Z298M,,,pending,review,low,,,9.99,,no,no,no,,Z298M,revision_manual,Sin categoría Clover y sin patrón reconocido — revisión manual,
1701,clover_pending,SFAQW98BRQNRC,,Z298S Plastic Plant Cashuarina Small,,,pending,review,low,,,6.99,,no,no,no,,Plastic Plant Cashuarina Small,revision_manual,Sin categoría Clover y sin patrón reconocido — revisión manual,
1702,clover_pending,9N0GHCRHAX5N6,,Z299S,,,pending,review,low,,,6.99,,no,no,no,,Z299S,revision_manual,Sin categoría Clover y sin patrón reconocido — revisión manual,
1703,clover_pending,83H66EM732CBC,,Z313 Arboreal Feeding Platform,,,pending,review,low,,,28.99,0,no,no,no,,Arboreal Feeding Platform,revision_manual,Sin categoría Clover y sin patrón reconocido — revisión manual,
1704,clover_pending,CPJKT2F7B39DT,,Z313A Arboreal Feeding Cup,,,pending,review,low,,,5.99,,no,no,no,,Arboreal Feeding Cup,revision_manual,Sin categoría Clover y sin patrón reconocido — revisión manual,
1705,clover_pending,MXT7CZP9TW0SA,,Z313B Refill Cups for Arboreal Feeding (12),,,pending,review,low,,,5.99,0,no,no,no,,Refill Cups for Arboreal Feeding (12),revision_manual,Sin categoría Clover y sin patrón reconocido — revisión manual,
1706,clover_pending,KFMMDJGP4Q5DY,,Z315,,,pending,review,low,,,7.99,,no,no,no,,Z315,revision_manual,Sin categoría Clover y sin patrón reconocido — revisión manual,
1707,clover_pending,WFR33APH0VKHR,,Z316,,,pending,review,low,,,8.99,,no,no,no,,Z316,revision_manual,Sin categoría Clover y sin patrón reconocido — revisión manual,
1708,clover_pending,K4NFZC5M3JPRR,,Z329,,,pending,review,low,,,39.74,,no,no,no,,Z329,revision_manual,Sin categoría Clover y sin patrón reconocido — revisión manual,
1709,clover_pending,2YNXMK7KW5QY2,,Z467 Betta Food 4.5g,,,pending,review,low,,,3.39,,no,no,no,,Betta Food 4.5g,revision_manual,Sin categoría Clover y sin patrón reconocido — revisión manual,
1710,clover_pending,G741B7AKQTHC2,,Z551 ZooMed Reptisafe Water Cond. 4.25oz,,,pending,review,low,,,7.99,,no,no,no,Zoo Med,ZooMed Reptisafe Water Cond. 4.25oz,revision_manual,Sin categoría Clover y sin patrón reconocido — revisión manual,
1711,clover_pending,6DSCY15QPVMV2,,Z552 ZooMed Reptisafe Water Cond. 8.75,,,pending,review,low,,,11.49,,no,no,no,Zoo Med,ZooMed Reptisafe Water Cond. 8.75,revision_manual,Sin categoría Clover y sin patrón reconocido — revisión manual,
1712,clover_pending,VHFPJ32S699HE,,Z558 Reptile Electrolyte Soak 8oz.,,,pending,product,medium,Supplement,supplement,11.99,0,no,no,no,,Reptile Electrolyte Soak 8oz.,bulk_create_product,"Patrón nombre → Clover ""Supplement"" / sitio ""supplement""",
1713,clover_pending,33SR7EF4427RJ,,Z559 Reptile Electrolyte Soak 16oz.,,,pending,product,medium,Supplement,supplement,16.99,,no,no,no,,Reptile Electrolyte Soak 16oz.,bulk_create_product,"Patrón nombre → Clover ""Supplement"" / sitio ""supplement""",
1714,clover_pending,4Q830T4SMBPJ8,,Z565,,,pending,review,low,,,2.50,,no,no,no,,Z565,revision_manual,Sin categoría Clover y sin patrón reconocido — revisión manual,
1715,clover_pending,PZN0F2H6WGBJJ,,Z566 Repti Turtle Eye Drops,,,pending,review,low,,,6.99,,no,no,no,,Repti Turtle Eye Drops,revision_manual,Sin categoría Clover y sin patrón reconocido — revisión manual,
1716,clover_pending,5WRMXQ3WEP2RY,,Z567 Repti Shedding Aid 2.25oz,,,pending,review,low,,,9.50,0,no,no,no,,Repti Shedding Aid 2.25oz,revision_manual,Sin categoría Clover y sin patrón reconocido — revisión manual,
1717,clover_pending,ZJTMKDYGZGVRG,,Z570,,,pending,review,low,,,4.99,,no,no,no,,Z570,revision_manual,Sin categoría Clover y sin patrón reconocido — revisión manual,
1718,clover_pending,D5T7RKQCXJS50,,Z575 Wipe Out Glass Cleaner 16oz,,,pending,review,low,,,17.99,0,no,no,no,,Wipe Out Glass Cleaner 16oz,revision_manual,Sin categoría Clover y sin patrón reconocido — revisión manual,
1719,clover_pending,2RY2SV0CZEEN2,,Z576 Wipe Out #1 (4.25 oz),,,pending,review,low,,,7.99,0,no,no,no,,Wipe Out #1 (4.25 oz),revision_manual,Sin categoría Clover y sin patrón reconocido — revisión manual,
1720,clover_pending,G12SS3V512G50,,Z577 Wipe Out #1 (8.75 oz),,,pending,review,low,,,12.99,0,no,no,no,,Wipe Out #1 (8.75 oz),revision_manual,Sin categoría Clover y sin patrón reconocido — revisión manual,
1721,clover_pending,FX2ESNV648ZZT,,Z578 Zoomed Wipe Out 1  32oz,,,pending,review,low,,,34.49,0,no,no,no,Zoo Med,Zoomed Wipe Out 1  32oz,revision_manual,Sin categoría Clover y sin patrón reconocido — revisión manual,
1722,clover_pending,VTP7MJQ79ZB0R,,Z602 Zoomed Tortoise House 24 x 36 x 12,,,pending,review,low,,,232.99,,no,no,no,Zoo Med,Zoomed Tortoise House 24 x 36 x 12,revision_manual,Sin categoría Clover y sin patrón reconocido — revisión manual,
1723,clover_pending,FATC5JD1S4NJW,,"Z603 Aquatic Turtle Tub 39"" X 21"" X  16""",,,pending,review,low,,,266.99,,no,no,no,,"Aquatic Turtle Tub 39"" X 21"" X  16""",revision_manual,Sin categoría Clover y sin patrón reconocido — revisión manual,
1724,clover_pending,PXNAFA43RG7PG,,Z604 Aquatic Turtle Habitat Kit,,,pending,review,low,,,577.99,,no,no,no,,Aquatic Turtle Habitat Kit,revision_manual,Sin categoría Clover y sin patrón reconocido — revisión manual,
1725,clover_pending,0YF3XTPVPNTG6,,Z6811 Tortoise Flower Food Topper 1.4 oz,,,pending,review,low,,,10.99,,no,no,no,,Tortoise Flower Food Topper 1.4 oz,revision_manual,Sin categoría Clover y sin patrón reconocido — revisión manual,
1726,clover_pending,1N01M8CV51RBP,,Z6812 Tortoise Flower Food Topper 12 oz.,,,pending,review,low,,,62.99,0,no,no,no,,Tortoise Flower Food Topper 12 oz.,revision_manual,Sin categoría Clover y sin patrón reconocido — revisión manual,
1727,clover_pending,Z6PCV790KG1E8,,Z682 Zoomed Lizard Flower Food Topper 0.21oz,,,pending,review,low,,,3.99,0,no,no,no,Zoo Med,Zoomed Lizard Flower Food Topper 0.21oz,revision_manual,Sin categoría Clover y sin patrón reconocido — revisión manual,
1728,clover_pending,9Y8JV8MHZ6HCJ,,Z6821 Lizard Flower Food Topper 1.4oz,,,pending,review,low,,,10.99,,no,no,no,,Lizard Flower Food Topper 1.4oz,revision_manual,Sin categoría Clover y sin patrón reconocido — revisión manual,
1729,clover_pending,23G2KEAKBHSER,,Z6822 Lizard Flower Food Topper 8.5oz,,,pending,review,low,,,62.99,0,no,no,no,,Lizard Flower Food Topper 8.5oz,revision_manual,Sin categoría Clover y sin patrón reconocido — revisión manual,
1730,clover_pending,2AYGQ988VXAXY,,Z693 Gourmet Bearded Dragon Food 8.25oz,,,pending,animal,medium,Lezard,,14.99,,no,no,no,,Gourmet Bearded Dragon Food 8.25oz,crear_animal,"Nombre sugiere animal vivo → categoría Clover existente ""Lezard""",
1731,clover_pending,42S41T38NQH5J,,Z703 ZooMed Aqua. Turtle Growth Food 13oz,,,pending,review,low,,,11.99,,no,no,no,Zoo Med,ZooMed Aqua. Turtle Growth Food 13oz,revision_manual,Sin categoría Clover y sin patrón reconocido — revisión manual,
1732,clover_pending,XRM78YPFQBXAE,,Z706 Zoomed Aquatic Turtle Hatchling Food 1.6 oz,,,pending,review,low,,,4.50,,no,no,no,Zoo Med,Zoomed Aquatic Turtle Hatchling Food 1.6 oz,revision_manual,Sin categoría Clover y sin patrón reconocido — revisión manual,
1733,clover_pending,KCXYJKBT7P776,,Z707  Aq. Turtle Hatchling Food 7.5oz,,,pending,review,low,,,10.99,0,no,no,no,,Aq. Turtle Hatchling Food 7.5oz,revision_manual,Sin categoría Clover y sin patrón reconocido — revisión manual,
1734,clover_pending,HDDT1BE6WJKF2,,Z7071 Aq. Turtle Hatchling Food 15oz,,,pending,review,low,,,17.99,0,no,no,no,,Aq. Turtle Hatchling Food 15oz,revision_manual,Sin categoría Clover y sin patrón reconocido — revisión manual,
1735,clover_pending,NEST1MBYTTYDP,,Z7131 Forest Tortoise Food 15oz,,,pending,review,low,,,17.99,0,no,no,no,,Forest Tortoise Food 15oz,revision_manual,Sin categoría Clover y sin patrón reconocido — revisión manual,
1736,clover_pending,3778N3Y0G2CAM,,Z722 ZooMed Can O'Grubs,,,pending,review,low,,,6.99,,no,no,no,Zoo Med,ZooMed Can O'Grubs,revision_manual,Sin categoría Clover y sin patrón reconocido — revisión manual,
1737,clover_pending,9NWVXK6EV7KK6,,Z724,,,pending,review,low,,,8.49,,no,no,no,,Z724,revision_manual,Sin categoría Clover y sin patrón reconocido — revisión manual,
1738,clover_pending,Q4YHS975EV2HA,,Z730B,,,pending,review,low,,,6.99,,no,no,no,,Z730B,revision_manual,Sin categoría Clover y sin patrón reconocido — revisión manual,
1739,clover_pending,DP993R3TQG8PC,,Z731B Zoomed Red Shrimp 10oz,,,pending,review,low,,,29.99,,no,no,no,Zoo Med,Zoomed Red Shrimp 10oz,revision_manual,Sin categoría Clover y sin patrón reconocido — revisión manual,
1740,clover_pending,QG7346KQNGPBM,,Z735 ZooMed Aquatic Newt Food,,,pending,review,low,,,5.99,,no,no,no,Zoo Med,ZooMed Aquatic Newt Food,revision_manual,Sin categoría Clover y sin patrón reconocido — revisión manual,
1741,clover_pending,Z4PJ25ZVYX67E,,Z775 Crested Gecko Food Watermelon 2oz,,,pending,animal,medium,Lezard,,8.49,0,no,no,no,,Crested Gecko Food Watermelon 2oz,crear_animal,"Nombre sugiere animal vivo → categoría Clover existente ""Lezard""",
1742,clover_pending,WSK6Y6KSKHFXE,,Z775A,,,pending,review,low,,,13.99,,no,no,no,,Z775A,revision_manual,Sin categoría Clover y sin patrón reconocido — revisión manual,
1743,clover_pending,VN5R96EDXAECC,,Z775C Crested Gecko Food Watermelon 1 LB. Bag,,,pending,animal,medium,Lezard,,55.99,,no,no,no,,Crested Gecko Food Watermelon 1 LB. Bag,crear_animal,"Nombre sugiere animal vivo → categoría Clover existente ""Lezard""",
1744,clover_pending,JXN4QRDR7RK84,,Z776 Crested Gecko Food 2oz,,,pending,animal,medium,Lezard,,8.49,,no,no,no,,Crested Gecko Food 2oz,crear_animal,"Nombre sugiere animal vivo → categoría Clover existente ""Lezard""",
1745,clover_pending,M44F7FVFXKC32,,Z776A,,,pending,review,low,,,13.99,,no,no,no,,Z776A,revision_manual,Sin categoría Clover y sin patrón reconocido — revisión manual,
1746,clover_pending,NXHKDAYBCZEDT,,Z776C Crested Gecko Food Tropical Fruit 1 LB. Bag,,,pending,animal,medium,Lezard,,55.99,,no,no,no,,Crested Gecko Food Tropical Fruit 1 LB. Bag,crear_animal,"Nombre sugiere animal vivo → categoría Clover existente ""Lezard""",
1747,clover_pending,EB6MEMEN3PTEP,,Z777,,,pending,review,low,,,8.49,0,no,no,no,,Z777,revision_manual,Sin categoría Clover y sin patrón reconocido — revisión manual,
1748,clover_pending,Y92HSRKWQ5MFY,,Z777C Crested Gecko Food Plum,,,pending,animal,medium,Lezard,,53.99,,no,no,no,,Crested Gecko Food Plum,crear_animal,"Nombre sugiere animal vivo → categoría Clover existente ""Lezard""",
1749,clover_pending,4185F4QVCAPYM,,Z778 Crested Gecko food BB 2oz,,,pending,animal,medium,Lezard,,8.49,0,no,no,no,,Crested Gecko food BB 2oz,crear_animal,"Nombre sugiere animal vivo → categoría Clover existente ""Lezard""",
1750,clover_pending,MFB1NPD0Y7R1Y,,Z781,,,pending,review,low,,,9.99,,no,no,no,,Z781,revision_manual,Sin categoría Clover y sin patrón reconocido — revisión manual,
1751,clover_pending,DKHG65983NY16,,Z846 Aquarium sans monture Purevue 5.5g avec lumière,,,pending,review,low,,,349.99,,no,no,no,,Aquarium sans monture Purevue 5.5g avec lumière,revision_manual,Sin categoría Clover y sin patrón reconocido — revisión manual,
1752,clover_pending,9A3ERQ2ZCBM1M,,Z850 Zoomed Steampunk Copper Bear Skull,,,pending,review,low,,,18.99,,no,no,no,Zoo Med,Zoomed Steampunk Copper Bear Skull,revision_manual,Sin categoría Clover y sin patrón reconocido — revisión manual,
1753,clover_pending,7FY1GDP8Q2TQ2,,Z941 Creature Dome Lamp Fixture,,,pending,review,low,,,30.99,0,no,no,no,,Creature Dome Lamp Fixture,revision_manual,Sin categoría Clover y sin patrón reconocido — revisión manual,
1754,clover_pending,FATJPCGWEFHDP,,Z942 Zoomed Creatures Led Black Light 5W,,,pending,review,low,,,25.50,,no,no,no,Zoo Med,Zoomed Creatures Led Black Light 5W,revision_manual,Sin categoría Clover y sin patrón reconocido — revisión manual,
1755,clover_pending,81YX2T7TW2HWR,,Z943 Zoomed Creatures Led Lamp 5W,,,pending,review,low,,,17.99,,no,no,no,Zoo Med,Zoomed Creatures Led Lamp 5W,revision_manual,Sin categoría Clover y sin patrón reconocido — revisión manual,
1756,clover_pending,W2EN2QCK75BJ6,,Z949 Creatures Floor 1Qt,,,pending,review,low,,,3.00,,no,no,no,,Creatures Floor 1Qt,revision_manual,Sin categoría Clover y sin patrón reconocido — revisión manual,
1757,clover_pending,FHD3XDF5V2EWG,,Z952 Zoomed Creatures White Sand 2lb,,,pending,review,low,,,6.49,,no,no,no,Zoo Med,Zoomed Creatures White Sand 2lb,revision_manual,Sin categoría Clover y sin patrón reconocido — revisión manual,
1758,clover_pending,1CJQSV9KC42E2,,Z953 Zoomed Creatures Climbing Branch,,,pending,product,medium,Decoration,decor,12.99,,no,no,no,Zoo Med,Zoomed Creatures Climbing Branch,bulk_create_product,"Patrón nombre → Clover ""Decoration"" / sitio ""decor""",
1759,clover_pending,F5JSYRJGRK9X2,,Z954 Zoomed Creature View Magnifier,,,pending,review,low,,,11.99,,no,no,no,Zoo Med,Zoomed Creature View Magnifier,revision_manual,Sin categoría Clover y sin patrón reconocido — revisión manual,
1760,clover_pending,53DJEHB358CFJ,,Z958 Zoomed Creatures Rock Bowl,,,pending,review,low,,,3.99,,no,no,no,Zoo Med,Zoomed Creatures Rock Bowl,revision_manual,Sin categoría Clover y sin patrón reconocido — revisión manual,
1761,clover_pending,B13BRABY170GG,,Z959 Zoomed Creatures Feeding Tongs,,,pending,review,low,,,4.99,0,no,no,no,Zoo Med,Zoomed Creatures Feeding Tongs,revision_manual,Sin categoría Clover y sin patrón reconocido — revisión manual,
1762,clover_pending,VRSGGY80KN914,,Z963A ReptiHabitat 40G. Aquatic Turtle Kit,,,pending,review,low,,,535.99,,no,no,no,,ReptiHabitat 40G. Aquatic Turtle Kit,revision_manual,Sin categoría Clover y sin patrón reconocido — revisión manual,
1763,clover_pending,5HPKWZC9R9QF0,,Z964B Zoomed Reptihabitat 20 Gal. Juv. Aquatic Turtle Kit,,,pending,review,low,,,382.99,,no,no,no,Zoo Med,Zoomed Reptihabitat 20 Gal. Juv. Aquatic Turtle Kit,revision_manual,Sin categoría Clover y sin patrón reconocido — revisión manual,
1764,clover_pending,REXW4W3CVSN9M,,Z966A Zoomed Creatures Habitat Kit 3 Gal.,,,pending,review,low,,,57.99,,no,no,no,Zoo Med,Zoomed Creatures Habitat Kit 3 Gal.,revision_manual,Sin categoría Clover y sin patrón reconocido — revisión manual,
1765,clover_pending,82BM46GPX6J8R,,Z966B Zoomed Creatures Den Low Profile 6 gal,,,pending,review,low,,,92.99,0,no,no,no,Zoo Med,Zoomed Creatures Den Low Profile 6 gal,revision_manual,Sin categoría Clover y sin patrón reconocido — revisión manual,
1766,clover_pending,4ASGYYDX9EESA,,Z967 Zoomed Frog Terrarium Kit 12x12x18,,,pending,animal,medium,Amphibien,,157.99,,no,no,no,Zoo Med,Zoomed Frog Terrarium Kit 12x12x18,crear_animal,"Nombre sugiere animal vivo → categoría Clover existente ""Amphibien""",
1767,clover_pending,5C52K8NVSYBWP,,Zoomed Eco Earth Coconut Chips 1lb,,,pending,review,low,,,5.99,0,no,no,no,Zoo Med,Zoomed Eco Earth Coconut Chips 1lb,revision_manual,Sin categoría Clover y sin patrón reconocido — revisión manual,
1768,clover_pending,2D07Y2XA142D0,,Zoomed Madagascar Bamboo Large,,,pending,review,low,,,14.99,0,no,no,no,Zoo Med,Zoomed Madagascar Bamboo Large,revision_manual,Sin categoría Clover y sin patrón reconocido — revisión manual,
1769,clover_pending,R56JNPC15NMT2,,Zoomed Malaysian Fern Large,,,pending,review,low,,,14.99,0,no,no,no,Zoo Med,Zoomed Malaysian Fern Large,revision_manual,Sin categoría Clover y sin patrón reconocido — revisión manual,
1770,clover_pending,F269GY35ZS6R0,,Zoomed Multiport Fogger Attachment,,,pending,review,low,,,18.99,0,no,no,no,Zoo Med,Zoomed Multiport Fogger Attachment,revision_manual,Sin categoría Clover y sin patrón reconocido — revisión manual,
1771,clover_pending,XXJY3ZSEEX4J6,,Zoomed Repti Fogger,,,pending,review,low,,,130.99,0,no,no,no,Zoo Med,Zoomed Repti Fogger,revision_manual,Sin categoría Clover y sin patrón reconocido — revisión manual,
1772,clover_pending,76NSWYAGN5GFP,,Zoomed Repti Rock Water Dish L,,,pending,review,low,,,25.99,0,no,no,no,Zoo Med,Zoomed Repti Rock Water Dish L,revision_manual,Sin categoría Clover y sin patrón reconocido — revisión manual,
1773,clover_pending,QA9XJ2TFJ8VTM,,boa régulier femelle,,,pending,animal,medium,Serpent,,150.00,0,no,no,no,,boa régulier femelle,crear_animal,"Nombre sugiere animal vivo → categoría Clover existente ""Serpent""",
1774,clover_pending,1EEJ4ME2SWH42,,cornsnake Sunglow Tess M AD,Serpent,,pending,animal,high,Serpent,,250.00,,no,no,no,,cornsnake Sunglow Tess M AD,crear_animal,"Categoría Clover animal existente — mantener ""Serpent""",
1775,clover_pending,DD361YYGW1ZXP,,cornsnake scaleless striped fem . Juvi,Serpent,,pending,animal,high,Serpent,,450.00,,no,no,no,,cornsnake scaleless striped fem . Juvi,crear_animal,"Categoría Clover animal existente — mantener ""Serpent""",
1776,clover_pending,KN4AEKFRC7Q7T,,cornsnake striped F Juv,Serpent,,pending,animal,high,Serpent,,125.00,,no,no,no,,cornsnake striped F Juv,crear_animal,"Categoría Clover animal existente — mantener ""Serpent""",
1777,clover_pending,M6BWZE5VJJGD6,,gecko leopard mac snow white and yellow temper het eclipse male,Lezard,,pending,animal,high,Lezard,,250.00,,no,no,no,,gecko leopard mac snow white and yellow temper het eclipse male,crear_animal,"Categoría Clover animal existente — mantener ""Lezard""",
1778,clover_pending,MTW3T7Z9G6V4T,,hamster,,,pending,animal,medium,Rongeur,,4.00,0,no,no,no,,hamster,crear_animal,"Nombre sugiere animal vivo → categoría Clover existente ""Rongeur""",
1779,clover_pending,V28SA9B9TSS5R,,hognose reg p.w.  femelle,Serpent,,pending,animal,high,Serpent,,200.00,,no,no,no,,hognose reg p.w.  femelle,crear_animal,"Categoría Clover animal existente — mantener ""Serpent""",
1780,clover_pending,KMT398DSYDYYP,,japanese rat snake blue,Serpent,,pending,animal,high,Serpent,,300.00,,no,no,no,,japanese rat snake blue,crear_animal,"Categoría Clover animal existente — mantener ""Serpent""",
1781,clover_pending,6X75NJZ1A7KMJ,,milksnake hypo Tong AH,Serpent,,pending,animal,high,Serpent,,250.00,,no,no,no,,milksnake hypo Tong AH,crear_animal,"Categoría Clover animal existente — mantener ""Serpent""",
1782,clover_pending,SXC3A8KBQ9VF6,,poisson congelé 116g et +,,,pending,product,medium,Nourriture,food_frozen,5.00,0,no,no,no,,poisson congelé 116g et +,bulk_create_product,"Patrón nombre → Clover ""Nourriture"" / sitio ""food_frozen""",
1783,clover_pending,P8NG6PY8DQH8T,,python Lesser Paradox femelle,Serpent,,pending,animal,high,Serpent,,300.00,,no,no,no,,python Lesser Paradox femelle,crear_animal,"Categoría Clover animal existente — mantener ""Serpent""",
1784,clover_pending,R6WPBRDSHDDX8,,python macklot grg,Serpent,,pending,animal,high,Serpent,,500.00,,no,no,no,,python macklot grg,crear_animal,"Categoría Clover animal existente — mantener ""Serpent""",
1785,clover_pending,3AJ87SACG2GYP,,z253H T8 36'' 10.0 25w,,,pending,review,low,,,64.99,,no,no,no,,z253H T8 36'' 10.0 25w,revision_manual,Sin categoría Clover y sin patrón reconocido — revisión manual,
1786,clover_pending,QPW12QWHPT6DA,,z681 Tortoise Flower Topper 0.21,,,pending,review,low,,,3.75,0,no,no,no,,z681 Tortoise Flower Topper 0.21,revision_manual,Sin categoría Clover y sin patrón reconocido — revisión manual,
1787,site_animal_demo,,seed-animal-crested,seed-animal-crested,,animal,available,animal,high,,,95.00,1,yes,check,check,,,ficha_animal,,
1788,site_animal_demo,,seed-animal-corn,seed-animal-corn,,animal,available,animal,high,,,180.00,1,yes,check,check,,,ficha_animal,,
1789,site_animal_demo,,seed-animal-leopard,seed-animal-leopard,,animal,available,animal,high,,,120.00,1,yes,check,check,,,ficha_animal,,
1790,site_animal_demo,,seed-animal-bearded,seed-animal-bearded,,animal,available,animal,high,,,280.00,1,yes,check,check,,,ficha_animal,,
1791,site_animal_demo,,seed-animal-banana,seed-animal-banana,,animal,available,animal,high,,,520.00,1,yes,check,check,,,ficha_animal,,
1792,site_animal_demo,,seed-animal-jackson,seed-animal-jackson,,animal,available,animal,high,,,350.00,1,yes,check,check,,,ficha_animal,,
1793,site_animal_demo,,seed-animal-pastel,seed-animal-pastel,,animal,available,animal,high,,,450.00,1,yes,check,check,,,ficha_animal,,